user_id,name,email,signup_date,source_file,ingested_at
U000000,Allison Hill,invalid-email,2023-01-31,user_export_2026.csv,2026-08-09T16:21:13.382542
U000001,Noah Rhodes,garzaanthony@example.org,2021-02-23,user_export_2026.csv,2026-08-09T16:21:13.383019
U000002,Jonathan Johnson,jennifermiles@example.com,2020-12-22,user_export_2026.csv,2026-08-09T16:21:13.383376
U000003,Kevin Pacheco,invalid-email,2021-01-18,user_export_2026.csv,2026-08-09T16:21:13.383505
U000004,Robert Wolfe,joshua35@example.org,2020-04-18,user_export_2026.csv,2026-08-09T16:21:13.383855
U000005,Brent Abbott,lindsay78@example.org,2026-02-10,user_export_2026.csv,2026-08-09T16:21:13.384080
U000006,Jamie Arnold,barbara10@example.net,2023-02-13,user_export_2026.csv,2026-08-09T16:21:13.384300
U000007,Dylan Miller,invalid-email,2021-10-15,user_export_2026.csv,2026-08-09T16:21:13.384424
U000008,Brian Ramirez,francisco53@example.net,2021-09-28,user_export_2026.csv,2026-08-09T16:21:13.384690
U000009,Timothy Wong,amandasanchez@example.com,2021-02-22,user_export_2026.csv,2026-08-09T16:21:13.384954
U000005,  William Bowman  ,gabriellecameron@example.org,2025/02/24,user_export_2026.csv,2026-08-09T16:21:13.385253
U000011,Andrew Stewart,carl95@example.org,2023-04-15,user_export_2026.csv,2026-08-09T16:21:13.385452
U000012,Jennifer Rocha,ithomas@example.org,2024-01-21,user_export_2026.csv,2026-08-09T16:21:13.385715
U000013,Kimberly Burgess,zhurst@example.com,2020-07-06,user_export_2026.csv,2026-08-09T16:21:13.385922
U000014,Zachary Hicks,camposmichelle@example.org,2020-11-22,user_export_2026.csv,2026-08-09T16:21:13.386221
U000015,Rebecca Henderson,cruzcaitlin@example.com,2024-04-05,user_export_2026.csv,2026-08-09T16:21:13.386486
U000016,Tricia Valencia,frazierdanny@example.net,2024-02-03,user_export_2026.csv,2026-08-09T16:21:13.386757
U000017,Patricia Peterson,ryan70@example.net,2022-12-29,user_export_2026.csv,2026-08-09T16:21:13.386945
U000018,Deborah Mason,williamrodriguez@example.net,2020-10-19,user_export_2026.csv,2026-08-09T16:21:13.387248
U000019,Mark Lynch,nathanielmartin@example.net,2022-09-29,user_export_2026.csv,2026-08-09T16:21:13.387517
U000020,Linda Burns,hickmannatasha@example.com,2026-03-31,user_export_2026.csv,2026-08-09T16:21:13.387768
U000021,David Bradley,millertodd@example.org,2020-08-17,user_export_2026.csv,2026-08-09T16:21:13.388013
U000022,Kim Martinez,invalid-email,2023-07-16,user_export_2026.csv,2026-08-09T16:21:13.388173
U000023,Theresa Martin,ibrandt@example.net,2026-05-12,user_export_2026.csv,2026-08-09T16:21:13.388390
U000024,Michelle Ross,samuel87@example.org,2025-08-06,user_export_2026.csv,2026-08-09T16:21:13.388577
U000025,Austin Smith,briannasmith@example.net,2025-02-22,user_export_2026.csv,2026-08-09T16:21:13.388835
U000026,Crystal Whitehead,chad34@example.net,2026-04-18,user_export_2026.csv,2026-08-09T16:21:13.389020
U000027,Mr. Nathaniel Khan,esanchez@example.com,2024-10-20,user_export_2026.csv,2026-08-09T16:21:13.389283
U000028,Brent Jordan,ujenkins@example.org,2022-06-17,user_export_2026.csv,2026-08-09T16:21:13.389526
U000029,Victoria Garcia,zchandler@example.org,2025-07-14,user_export_2026.csv,2026-08-09T16:21:13.389748
U000003,    ,dwhite@example.org,2024/09/25,user_export_2026.csv,2026-08-09T16:21:13.389956
U000031,Angela Morton,williamsyvette@example.org,2025-12-07,user_export_2026.csv,2026-08-09T16:21:13.390254
U000032,Tammy Allison,richardolson@example.com,2020-02-17,user_export_2026.csv,2026-08-09T16:21:13.390520
U000033,Carmen Smith,ybaker@example.com,2026-01-08,user_export_2026.csv,2026-08-09T16:21:13.390734
U000034,Michael Cross,smoore@example.org,2023-10-25,user_export_2026.csv,2026-08-09T16:21:13.390937
U000035,Lauren Daniels,brian97@example.net,2022/12/14,user_export_2026.csv,2026-08-09T16:21:13.391168
U000036,Kim Brown,yorkcasey@example.org,2023-05-07,user_export_2026.csv,2026-08-09T16:21:13.391433
U000037,Cynthia Wilson,bethwilliams@example.org,2022-03-25,user_export_2026.csv,2026-08-09T16:21:13.391685
U000038,Kevin Mills,james53@example.com,2026-01-18,user_export_2026.csv,2026-08-09T16:21:13.391870
U000039,Michael Evans,sarah10@example.com,2020-01-03,user_export_2026.csv,2026-08-09T16:21:13.392080
U000040,Kristine Garcia,williamanderson@example.com,2021-04-03,user_export_2026.csv,2026-08-09T16:21:13.392353
U000041,Sherry Wood,samueldaniels@example.com,2023-06-13,user_export_2026.csv,2026-08-09T16:21:13.392603
U000042,Victoria Valdez,contrerasangela@example.net,2026-05-12,user_export_2026.csv,2026-08-09T16:21:13.392851
U000043,Shawn Baker,newtoneric@example.com,2025-06-13,user_export_2026.csv,2026-08-09T16:21:13.393133
U000044,Michelle Harris,william40@example.org,2025-12-21,user_export_2026.csv,2026-08-09T16:21:13.393332
U000045,Sandra Williams,kellie42@example.net,2025-04-30,user_export_2026.csv,2026-08-09T16:21:13.393561
U000046,Michael Hoffman,jonesnicole@example.org,2025-12-01,user_export_2026.csv,2026-08-09T16:21:13.393816
U000047,Sandra Aguilar,russellwilliams@example.com,2022-05-17,user_export_2026.csv,2026-08-09T16:21:13.394095
U000048,Rebecca Valencia,jason31@example.com,2022-04-03,user_export_2026.csv,2026-08-09T16:21:13.394298
U000049,Stacey Russell,sarayoung@example.org,2024-03-09,user_export_2026.csv,2026-08-09T16:21:13.394554
U000050,Rita Keith,whitesandra@example.com,2021-05-10,user_export_2026.csv,2026-08-09T16:21:13.394806
U000051,Sharon Cochran,erik16@example.org,2020-03-27,user_export_2026.csv,2026-08-09T16:21:13.394990
U000052,Courtney Velasquez,ybailey@example.org,2022-06-21,user_export_2026.csv,2026-08-09T16:21:13.395238
U000053,    ,michelle45@example.net,08/05/2020,user_export_2026.csv,2026-08-09T16:21:13.395434
U000054,Meghan Anthony,sheila14@example.org,2022-05-27,user_export_2026.csv,2026-08-09T16:21:13.395619
U000055,Victoria Johnson,yreed@example.com,2026-05-27,user_export_2026.csv,2026-08-09T16:21:13.395822
U000056,William Wilson,jonathanfletcher@example.org,2025-04-21,user_export_2026.csv,2026-08-09T16:21:13.396102
U000057,Renee Mcdaniel,michaeljones@example.net,2021-02-01,user_export_2026.csv,2026-08-09T16:21:13.396371
U000058,Lisa Alvarado,cortezkevin@example.com,2024-08-10,user_export_2026.csv,2026-08-09T16:21:13.396632
U000059,Erika Terry,jamesortega@example.com,2021-02-07,user_export_2026.csv,2026-08-09T16:21:13.396883
U000060,Stephanie Gilbert,richard04@example.com,23-02-2022,user_export_2026.csv,2026-08-09T16:21:13.397108
U000061,Richard Lawson,steven73@example.net,2025-03-09,user_export_2026.csv,2026-08-09T16:21:13.397311
U000062,Steven Flynn,donnacampbell@example.net,2024-12-20,user_export_2026.csv,2026-08-09T16:21:13.397609
U000063,Frances Cardenas,emilywalker@example.org,2021-02-05,user_export_2026.csv,2026-08-09T16:21:13.397873
U000064,  Angel Riggs  ,gibsonolivia@example.net,26-08-2022,user_export_2026.csv,2026-08-09T16:21:13.398165
U000065,Michael Snyder,dylanwatts@example.org,2020-08-28,user_export_2026.csv,2026-08-09T16:21:13.398427
U000066,Colleen Brock,invalid-email,2024-05-18,user_export_2026.csv,2026-08-09T16:21:13.398548
U000067,Julie Grant,bryantlaurie@example.net,2025-02-06,user_export_2026.csv,2026-08-09T16:21:13.398795
U000068,Kristin Stewart,usalazar@example.net,2026-03-26,user_export_2026.csv,2026-08-09T16:21:13.398998
U000069,Terry Griffin,juliawells@example.com,2022-02-16,user_export_2026.csv,2026-08-09T16:21:13.399291
U000070,Sara Ramirez,rsims@example.com,2026-06-30,user_export_2026.csv,2026-08-09T16:21:13.399496
U000071,Dustin Nelson,patricia12@example.org,2023-07-08,user_export_2026.csv,2026-08-09T16:21:13.399679
U000072,Michael Mccarthy,perrymark@example.com,2021-10-06,user_export_2026.csv,2026-08-09T16:21:13.399925
U000073,  Daniel Fisher  ,gateskathy@example.com,08/21/2022,user_export_2026.csv,2026-08-09T16:21:13.400210
U000074,Tommy Evans,acastaneda@example.net,2020-06-11,user_export_2026.csv,2026-08-09T16:21:13.400428
U000075,Kimberly Morrison,tracynelson@example.com,2026-07-18,user_export_2026.csv,2026-08-09T16:21:13.400675
U000076,George Shelton,dramsey@example.org,2022-12-04,user_export_2026.csv,2026-08-09T16:21:13.400875
U000077,Ms. Susan Vargas,millerroy@example.com,2022-09-04,user_export_2026.csv,2026-08-09T16:21:13.401182
U000078,David Murphy,wmurphy@example.com,2023-05-13,user_export_2026.csv,2026-08-09T16:21:13.401468
U000079,Trevor Fisher,ruizkaitlyn@example.org,2020-10-24,user_export_2026.csv,2026-08-09T16:21:13.401774
U000080,Mrs. Marie Harrington DDS,herringjames@example.org,11-01-2026,user_export_2026.csv,2026-08-09T16:21:13.402077
U000081,Cynthia Wells,elliottjeffery@example.net,2020-10-08,user_export_2026.csv,2026-08-09T16:21:13.402353
U000082,Jacob Obrien,stricklandfrank@example.com,2021-10-08,user_export_2026.csv,2026-08-09T16:21:13.402604
U000083,Alexander Collins,tsanders@example.org,2023-05-24,user_export_2026.csv,2026-08-09T16:21:13.402804
U000084,Michael Burton,terrykevin@example.net,2025-12-06,user_export_2026.csv,2026-08-09T16:21:13.403046
U000085,    ,reedross@example.com,04/07/2021,user_export_2026.csv,2026-08-09T16:21:13.403361
U000086,,gshort@example.com,05-11-2023,user_export_2026.csv,2026-08-09T16:21:13.403564
U000087,Madison Poole,ryangross@example.net,2022-10-25,user_export_2026.csv,2026-08-09T16:21:13.403810
U000088,Robert Medina,umarshall@example.net,2021-01-13,user_export_2026.csv,2026-08-09T16:21:13.404008
U000089,Samuel Rivas,ramirezshannon@example.com,2020-06-29,user_export_2026.csv,2026-08-09T16:21:13.404302
U000090,Mary Rogers,lrosales@example.com,2024/12/14,user_export_2026.csv,2026-08-09T16:21:13.404517
U000091,Robert Peterson,angela83@example.org,2021-09-02,user_export_2026.csv,2026-08-09T16:21:13.404706
U000092,Jason Peters,hannahbrewer@example.com,2026-07-13,user_export_2026.csv,2026-08-09T16:21:13.404952
U000093,Alan Phillips,tholt@example.net,2020-06-20,user_export_2026.csv,2026-08-09T16:21:13.405193
U000094,Kara Schmidt,jbarajas@example.com,2020-06-12,user_export_2026.csv,2026-08-09T16:21:13.405406
U000095,Jesse Parker,davidlee@example.org,2022-10-19,user_export_2026.csv,2026-08-09T16:21:13.405705
U000096,Tiffany Vaughn,javierwashington@example.net,2026-04-12,user_export_2026.csv,2026-08-09T16:21:13.405956
U000097,Paige Carlson,wallkenneth@example.com,2021-09-25,user_export_2026.csv,2026-08-09T16:21:13.406244
U000098,Adrian Ferguson,brandon08@example.com,2021-10-27,user_export_2026.csv,2026-08-09T16:21:13.406440
U000099,Beth Oneill,agarcia@example.net,2024-08-15,user_export_2026.csv,2026-08-09T16:21:13.406642
U000100,  John Peterson  ,kingmichelle@example.org,13/10/2022,user_export_2026.csv,2026-08-09T16:21:13.406888
U000101,Jennifer Jones,hernandezlisa@example.com,2020-06-07,user_export_2026.csv,2026-08-09T16:21:13.407172
U000102,David Grant,yobrien@example.net,2025-02-28,user_export_2026.csv,2026-08-09T16:21:13.407387
U000103,Joseph Hayes,levans@example.com,2022-07-21,user_export_2026.csv,2026-08-09T16:21:13.407586
U000104,Marc Lynch,mezajared@example.org,2024-06-20,user_export_2026.csv,2026-08-09T16:21:13.407827
U000105,Brad Allen,moorericky@example.net,2023-02-17,user_export_2026.csv,2026-08-09T16:21:13.408102
U000106,Doris Hall,jacqueline71@example.net,2026-01-05,user_export_2026.csv,2026-08-09T16:21:13.408303
U000107,Dennis Moody,invalid-email,2022-12-05,user_export_2026.csv,2026-08-09T16:21:13.408421
U000108,Regina Gonzalez,stephensdeborah@example.com,2022-12-23,user_export_2026.csv,2026-08-09T16:21:13.408668
U000109,Andrea Martin,brooke94@example.com,2024/11/22,user_export_2026.csv,2026-08-09T16:21:13.408851
U000110,,invalid-email,2024-11-21,user_export_2026.csv,2026-08-09T16:21:13.408968
U000111,Kathryn Snyder,georgepamela@example.net,2022-03-18,user_export_2026.csv,2026-08-09T16:21:13.409255
U000112,David Davis,keyemily@example.com,2023-09-14,user_export_2026.csv,2026-08-09T16:21:13.409560
U000113,Pamela Thompson,lmoon@example.net,2021-05-25,user_export_2026.csv,2026-08-09T16:21:13.409775
U000114,Robert Costa,vbailey@example.com,2023-06-20,user_export_2026.csv,2026-08-09T16:21:13.409975
U000115,Shannon Rivera,zroberts@example.net,2023-04-26,user_export_2026.csv,2026-08-09T16:21:13.410217
U000116,Brandon King,cordovarichard@example.net,2024-04-01,user_export_2026.csv,2026-08-09T16:21:13.410473
U000117,April Booth,mgutierrez@example.net,2026-05-20,user_export_2026.csv,2026-08-09T16:21:13.410676
U000118,Peter Garrett,harrisandrea@example.com,2020-01-02,user_export_2026.csv,2026-08-09T16:21:13.410918
U000119,Michael Martinez,jennifercollins@example.org,2026-07-03,user_export_2026.csv,2026-08-09T16:21:13.411206
U000120,Anna Gay,murraydavid@example.org,2024-12-14,user_export_2026.csv,2026-08-09T16:21:13.411468
U000121,Dr. Jordan Hill PhD,jsanchez@example.org,2025-04-22,user_export_2026.csv,2026-08-09T16:21:13.411685
U000122,Thomas Romero,michellehill@example.com,2021-11-26,user_export_2026.csv,2026-08-09T16:21:13.411929
U000123,Richard Adams,campbellkenneth@example.net,2023-10-04,user_export_2026.csv,2026-08-09T16:21:13.412211
U000124,    ,wryan@example.com,26-03-2022,user_export_2026.csv,2026-08-09T16:21:13.412427
U000125,Kimberly Gibson,molly39@example.com,2020-10-25,user_export_2026.csv,2026-08-09T16:21:13.412619
U000126,Reginald Williams,zthornton@example.com,2026-06-15,user_export_2026.csv,2026-08-09T16:21:13.412820
U000127,Matthew Hoover,tylerjohnson@example.net,2025-07-17,user_export_2026.csv,2026-08-09T16:21:13.413102
U000128,Evelyn Garcia,dgarcia@example.org,2020-01-23,user_export_2026.csv,2026-08-09T16:21:13.413323
U000129,Jennifer Pena,charlesharrington@example.com,2021-03-12,user_export_2026.csv,2026-08-09T16:21:13.413626
U000130,Michael Santos,melissa86@example.com,2025-10-22,user_export_2026.csv,2026-08-09T16:21:13.413817
U000131,Stacy Freeman,williamsonjimmy@example.net,2021-05-12,user_export_2026.csv,2026-08-09T16:21:13.414102
U000132,Yolanda Francis,wgood@example.net,2025-12-15,user_export_2026.csv,2026-08-09T16:21:13.414321
U000133,Ashlee Jackson,rebecca05@example.org,2024-12-17,user_export_2026.csv,2026-08-09T16:21:13.414507
U000134,James Thomas,yknight@example.org,2025-08-29,user_export_2026.csv,2026-08-09T16:21:13.414721
U000135,Bob Pitts,tyleraguilar@example.org,2024-12-31,user_export_2026.csv,2026-08-09T16:21:13.414966
U000136,David Scott,nolansteven@example.com,2025-04-28,user_export_2026.csv,2026-08-09T16:21:13.415253
U000137,Brooke Alexander,vanessa46@example.net,2023-02-09,user_export_2026.csv,2026-08-09T16:21:13.415463
U000138,Ryan Gonzalez,gcastaneda@example.org,2022-09-06,user_export_2026.csv,2026-08-09T16:21:13.415670
U000139,Ian Phillips,andrew64@example.org,2023-03-16,user_export_2026.csv,2026-08-09T16:21:13.415853
U000140,Melissa Garner,lozanojulie@example.com,2026-01-21,user_export_2026.csv,2026-08-09T16:21:13.416141
U000141,  Crystal Pham  ,danaoliver@example.net,2022-05-26,user_export_2026.csv,2026-08-09T16:21:13.416408
U000142,Patricia Becker,courtneyberger@example.net,2020-09-12,user_export_2026.csv,2026-08-09T16:21:13.416656
U000143,Richard Johnson,jessica14@example.com,2026-07-20,user_export_2026.csv,2026-08-09T16:21:13.416838
U000144,Casey Anderson,invalid-email,2026-06-16,user_export_2026.csv,2026-08-09T16:21:13.416958
U000145,Valerie Schmidt,invalid-email,2023-12-11,user_export_2026.csv,2026-08-09T16:21:13.417114
U000146,Sandra Scott,scoffey@example.net,2024-09-12,user_export_2026.csv,2026-08-09T16:21:13.417334
U000147,Regina Mcdonald,taylortammy@example.net,2022-06-22,user_export_2026.csv,2026-08-09T16:21:13.417630
U000148,Veronica Coffey,christopher60@example.com,2025-06-12,user_export_2026.csv,2026-08-09T16:21:13.417822
U000149,Jordan Chambers,brenda51@example.net,11/07/2021,user_export_2026.csv,2026-08-09T16:21:13.418007
U000150,Alexander Henson,rose31@example.net,2024-06-01,user_export_2026.csv,2026-08-09T16:21:13.418235
U000151,Susan Turner,cwilson@example.org,2020-12-09,user_export_2026.csv,2026-08-09T16:21:13.418449
U000152,Johnathan Davis,paulwatson@example.net,2025-03-06,user_export_2026.csv,2026-08-09T16:21:13.418695
U000153,Kimberly Matthews,nicolepena@example.com,2023-09-02,user_export_2026.csv,2026-08-09T16:21:13.418942
U000154,Teresa Ramirez,jeff73@example.com,2024-04-01,user_export_2026.csv,2026-08-09T16:21:13.419167
U000155,Michael Stephens,bruce43@example.org,2024-09-22,user_export_2026.csv,2026-08-09T16:21:13.419360
U000156,Samantha Davis,darleneharper@example.org,2020-03-20,user_export_2026.csv,2026-08-09T16:21:13.419653
U000157,Gavin Zhang,caseyhubbard@example.org,2023-12-04,user_export_2026.csv,2026-08-09T16:21:13.419897
U000158,Robin Hall,kristinacarlson@example.com,2020-06-13,user_export_2026.csv,2026-08-09T16:21:13.420348
U000159,Brianna Anderson,lauren10@example.org,2022-03-27,user_export_2026.csv,2026-08-09T16:21:13.420565
U000160,Richard Young,alfred40@example.org,2022-09-04,user_export_2026.csv,2026-08-09T16:21:13.420752
U000161,Kelly Reese,xwest@example.net,2026-04-29,user_export_2026.csv,2026-08-09T16:21:13.420956
U000162,Jodi Walker,acostaregina@example.net,2022-11-15,user_export_2026.csv,2026-08-09T16:21:13.421254
U000163,Judith Maynard,lutzmelanie@example.com,2021-04-14,user_export_2026.csv,2026-08-09T16:21:13.421566
U000164,Katherine Browning,lammarc@example.org,2023-06-28,user_export_2026.csv,2026-08-09T16:21:13.421825
U000079,Donald Schultz,oscar98@example.com,03/17/2024,user_export_2026.csv,2026-08-09T16:21:13.422011
U000166,Larry Garcia,farrelldebra@example.net,2022-09-21,user_export_2026.csv,2026-08-09T16:21:13.422312
U000167,Cindy Hayes,robertwilcox@example.com,2021/05/10,user_export_2026.csv,2026-08-09T16:21:13.422564
U000168,Brandon Simmons,nicholas27@example.org,2024-02-26,user_export_2026.csv,2026-08-09T16:21:13.422747
U000169,    ,lisa80@example.net,2025-06-30,user_export_2026.csv,2026-08-09T16:21:13.422931
U000170,Kristina Santiago,qgomez@example.com,2025-02-26,user_export_2026.csv,2026-08-09T16:21:13.423192
U000171,Michelle Schmitt,michael98@example.org,2025-11-07,user_export_2026.csv,2026-08-09T16:21:13.423392
U000172,John Boone,megan51@example.com,2026-01-13,user_export_2026.csv,2026-08-09T16:21:13.423573
U000173,Renee Bruce,lynchdiane@example.net,2023-01-04,user_export_2026.csv,2026-08-09T16:21:13.423820
U000174,Christopher Park,sandra50@example.org,2020-12-20,user_export_2026.csv,2026-08-09T16:21:13.424001
U000175,Kylie Morales,joycebonilla@example.org,2025-03-18,user_export_2026.csv,2026-08-09T16:21:13.424297
U000176,Cindy Barnes,eric45@example.net,2023-10-09,user_export_2026.csv,2026-08-09T16:21:13.424484
U000177,    ,craigjoseph@example.net,24/11/2022,user_export_2026.csv,2026-08-09T16:21:13.424737
U000178,Lawrence Perry,kariwilson@example.com,2026-03-26,user_export_2026.csv,2026-08-09T16:21:13.424983
U000179,,brandon69@example.org,2025/06/24,user_export_2026.csv,2026-08-09T16:21:13.425206
U000180,Eric Clark,kathrynroberts@example.org,2025-07-03,user_export_2026.csv,2026-08-09T16:21:13.425464
U000181,Paul Thompson,invalid-email,2023-04-20,user_export_2026.csv,2026-08-09T16:21:13.425630
U000182,Michael Mason,charles06@example.org,2023-06-08,user_export_2026.csv,2026-08-09T16:21:13.425818
U000183,Blake Edwards,tberry@example.net,2026-03-17,user_export_2026.csv,2026-08-09T16:21:13.426016
U000184,Brian Smith,george97@example.net,2026-03-04,user_export_2026.csv,2026-08-09T16:21:13.426238
U000185,Anita Richard,ryanmorales@example.org,2023-01-14,user_export_2026.csv,2026-08-09T16:21:13.426497
U000186,Eric Morgan,kimberly18@example.net,2022-02-27,user_export_2026.csv,2026-08-09T16:21:13.426678
U000187,Jordan Bullock,michael23@example.org,2022-01-28,user_export_2026.csv,2026-08-09T16:21:13.426861
U000188,Craig Morrison,thompsonkendra@example.com,2023-02-06,user_export_2026.csv,2026-08-09T16:21:13.427145
U000189,Justin Riley,michelle52@example.com,2025-11-18,user_export_2026.csv,2026-08-09T16:21:13.427341
U000190,Jeremy Turner,brittany58@example.org,2022-03-06,user_export_2026.csv,2026-08-09T16:21:13.427522
U000191,Jesse Brown,chase19@example.net,2023-05-23,user_export_2026.csv,2026-08-09T16:21:13.427714
U000192,,colelisa@example.net,16/03/2026,user_export_2026.csv,2026-08-09T16:21:13.427963
U000193,Larry Mason,hayeslisa@example.com,2025-07-03,user_export_2026.csv,2026-08-09T16:21:13.428253
U000072,  Mrs. Maria Williams  ,hritter@example.net,2022-01-25,user_export_2026.csv,2026-08-09T16:21:13.428478
U000195,Helen Hardin,vortiz@example.net,2020-09-24,user_export_2026.csv,2026-08-09T16:21:13.428679
U000196,Rachel Holland,riveraangela@example.com,2020-08-07,user_export_2026.csv,2026-08-09T16:21:13.428924
U000197,Nathaniel Douglas,mathewaguilar@example.org,2023-05-29,user_export_2026.csv,2026-08-09T16:21:13.429208
U000198,  Emily Douglas  ,tanderson@example.org,2022/07/13,user_export_2026.csv,2026-08-09T16:21:13.429425
U000199,James Conner,elizabethcalderon@example.net,2026-08-07,user_export_2026.csv,2026-08-09T16:21:13.429727
U000200,Susan Davis DDS,andrew42@example.org,2020-09-03,user_export_2026.csv,2026-08-09T16:21:13.429933
U000201,Ralph Lee,ericphillips@example.org,2022-05-01,user_export_2026.csv,2026-08-09T16:21:13.430225
U000202,Kimberly Rodgers,stanleynancy@example.net,2020-11-28,user_export_2026.csv,2026-08-09T16:21:13.430485
U000203,James Martin,jenniferwilliams@example.com,2020-11-03,user_export_2026.csv,2026-08-09T16:21:13.430729
U000204,Cynthia Wallace,karen73@example.net,2025-04-08,user_export_2026.csv,2026-08-09T16:21:13.430911
U000205,Vincent Mueller,michealvalentine@example.com,2023-03-04,user_export_2026.csv,2026-08-09T16:21:13.431196
U000206,Douglas Reyes,mburch@example.net,2022-08-14,user_export_2026.csv,2026-08-09T16:21:13.431409
U000207,David Davidson,angela18@example.org,2022-03-21,user_export_2026.csv,2026-08-09T16:21:13.431590
U000208,Phillip Nelson,mariahdavis@example.org,2021-09-02,user_export_2026.csv,2026-08-09T16:21:13.431834
U000209,Stacey Arias,gbrown@example.com,2020-10-19,user_export_2026.csv,2026-08-09T16:21:13.432034
U000210,  Zachary Brooks  ,florescory@example.net,03/28/2023,user_export_2026.csv,2026-08-09T16:21:13.432331
U000211,Raven Taylor,samantha72@example.net,2023-01-20,user_export_2026.csv,2026-08-09T16:21:13.432519
U000212,Luis Bullock,scottmary@example.net,2020-11-25,user_export_2026.csv,2026-08-09T16:21:13.432761
U000213,Lisa Henderson,john10@example.org,2023-08-13,user_export_2026.csv,2026-08-09T16:21:13.432944
U000214,Riley Bryant,invalid-email,2022-07-26,user_export_2026.csv,2026-08-09T16:21:13.433091
U000215,Taylor Carlson,chenbailey@example.net,2026-06-14,user_export_2026.csv,2026-08-09T16:21:13.433352
U000216,Jeffrey Mendez,invalid-email,2023-01-08,user_export_2026.csv,2026-08-09T16:21:13.433468
U000217,Jason Beck,millsmichael@example.net,2021-12-18,user_export_2026.csv,2026-08-09T16:21:13.433842
U000218,Rachel Romero,myerstheodore@example.net,2023-02-13,user_export_2026.csv,2026-08-09T16:21:13.434189
U000219,James Burgess,kristina53@example.net,2025-07-07,user_export_2026.csv,2026-08-09T16:21:13.434392
U000220,Ashley Perkins,dennis58@example.com,2024-07-30,user_export_2026.csv,2026-08-09T16:21:13.434578
U000221,Carrie Maxwell,epollard@example.net,2021-10-20,user_export_2026.csv,2026-08-09T16:21:13.434865
U000222,Chad Baldwin,mjohnson@example.org,2023-03-26,user_export_2026.csv,2026-08-09T16:21:13.435188
U000223,Stacey Stewart,zachary87@example.com,2026-03-03,user_export_2026.csv,2026-08-09T16:21:13.435392
U000064,Matthew Mitchell,glennmartin@example.org,2024/07/13,user_export_2026.csv,2026-08-09T16:21:13.435731
U000225,Jessica Ross,ykline@example.com,24/10/2025,user_export_2026.csv,2026-08-09T16:21:13.436179
U000226,Kathleen Jimenez,laurie61@example.com,2020-07-30,user_export_2026.csv,2026-08-09T16:21:13.436569
U000227,Samantha Gardner,curtis54@example.com,2023-03-25,user_export_2026.csv,2026-08-09T16:21:13.436822
U000228,Mitchell Jackson,cbell@example.net,2021-05-12,user_export_2026.csv,2026-08-09T16:21:13.437030
U000229,  Heather Bolton  ,danielle01@example.net,2023/06/26,user_export_2026.csv,2026-08-09T16:21:13.437273
U000230,Heidi Owen,stephaniethomas@example.net,2021-04-09,user_export_2026.csv,2026-08-09T16:21:13.437578
U000231,Jessica Martinez,kimberlydiaz@example.com,2021-09-22,user_export_2026.csv,2026-08-09T16:21:13.437841
U000232,Amanda Hernandez,xrush@example.com,2025-09-15,user_export_2026.csv,2026-08-09T16:21:13.438077
U000233,Laura Moreno,redwards@example.org,2025-05-30,user_export_2026.csv,2026-08-09T16:21:13.438303
U000234,Allison Lopez,hmcintyre@example.com,2026-03-07,user_export_2026.csv,2026-08-09T16:21:13.438560
U000235,Michele Lewis,heather73@example.org,2025-09-12,user_export_2026.csv,2026-08-09T16:21:13.438791
U000236,Benjamin Thompson,zosborn@example.net,2020-10-12,user_export_2026.csv,2026-08-09T16:21:13.439027
U000237,Victoria Contreras,piercekelly@example.com,2024-08-26,user_export_2026.csv,2026-08-09T16:21:13.439334
U000238,Michelle Ho,laurahicks@example.org,2022-12-30,user_export_2026.csv,2026-08-09T16:21:13.439587
U000239,Dr. Cynthia Snyder,angela57@example.net,2023-05-07,user_export_2026.csv,2026-08-09T16:21:13.439780
U000240,Stephen Jones,ukey@example.com,2025-06-28,user_export_2026.csv,2026-08-09T16:21:13.439982
U000241,Patricia Morrow,martinezlogan@example.org,2025-06-06,user_export_2026.csv,2026-08-09T16:21:13.440283
U000242,Michael Cooper,katrinaanderson@example.net,2026-02-03,user_export_2026.csv,2026-08-09T16:21:13.440725
U000243,Amy Martinez,kevinmartin@example.net,2022-02-11,user_export_2026.csv,2026-08-09T16:21:13.440992
U000244,Travis Stone,meghan43@example.net,2024-04-17,user_export_2026.csv,2026-08-09T16:21:13.441226
U000245,Denise Weber,shawgary@example.net,2020-06-27,user_export_2026.csv,2026-08-09T16:21:13.441529
U000246,Matthew Le,megan90@example.org,2024-04-10,user_export_2026.csv,2026-08-09T16:21:13.441731
U000247,Travis Wise,debra96@example.net,2021-09-15,user_export_2026.csv,2026-08-09T16:21:13.441915
U000248,Kathleen Burton,invalid-email,2025-08-19,user_export_2026.csv,2026-08-09T16:21:13.442036
U000249,Tyler Webb,eevans@example.net,2021-02-15,user_export_2026.csv,2026-08-09T16:21:13.442286
U000250,Jeffrey Washington,matthewthomas@example.net,2025-11-24,user_export_2026.csv,2026-08-09T16:21:13.442535
U000251,William Reed,invalid-email,2021-08-13,user_export_2026.csv,2026-08-09T16:21:13.442652
U000252,Philip Robertson,floressteven@example.com,2021-09-24,user_export_2026.csv,2026-08-09T16:21:13.442893
U000253,,alin@example.org,2024-06-16,user_export_2026.csv,2026-08-09T16:21:13.443145
U000254,Stephanie Li,james27@example.net,2024-04-05,user_export_2026.csv,2026-08-09T16:21:13.443348
U000255,Shawn Jimenez,landrywilliam@example.org,2025-06-21,user_export_2026.csv,2026-08-09T16:21:13.443594
U000256,Harry Williams,invalid-email,2020-10-07,user_export_2026.csv,2026-08-09T16:21:13.443711
U000257,Stephen Pena MD,booneryan@example.com,2023-03-23,user_export_2026.csv,2026-08-09T16:21:13.443962
U000258,Pamela Diaz,jwilliams@example.org,2024-11-12,user_export_2026.csv,2026-08-09T16:21:13.444208
U000259,Dylan Hughes,rduran@example.net,2021-02-15,user_export_2026.csv,2026-08-09T16:21:13.444418
U000260,Barbara Hester,vbrooks@example.net,2020-04-28,user_export_2026.csv,2026-08-09T16:21:13.444620
U000261,,cporter@example.org,19-08-2021,user_export_2026.csv,2026-08-09T16:21:13.444826
U000262,Gary Wells,ghernandez@example.org,2021-11-27,user_export_2026.csv,2026-08-09T16:21:13.445026
U000263,Louis Martin,brittney88@example.net,2024-04-15,user_export_2026.csv,2026-08-09T16:21:13.445250
U000264,Justin Wells Jr.,emily69@example.com,2026-07-16,user_export_2026.csv,2026-08-09T16:21:13.445448
U000265,Molly Watts,carlsonjoseph@example.net,2022-11-06,user_export_2026.csv,2026-08-09T16:21:13.445752
U000266,Paula Lane,silvageorge@example.net,2025-03-20,user_export_2026.csv,2026-08-09T16:21:13.446075
U000267,Patricia James,anthonyvaughan@example.org,2021-10-09,user_export_2026.csv,2026-08-09T16:21:13.446587
U000268,  Jeremy Barnes  ,avaughn@example.net,03/10/2024,user_export_2026.csv,2026-08-09T16:21:13.447004
U000269,Tami Salas,thorntonapril@example.net,2025-06-02,user_export_2026.csv,2026-08-09T16:21:13.447475
U000270,Matthew Fox,sue78@example.com,2023-04-24,user_export_2026.csv,2026-08-09T16:21:13.447667
U000271,Megan Dillon,chelsea33@example.com,2026-05-07,user_export_2026.csv,2026-08-09T16:21:13.447851
U000272,Courtney Dudley,kellie37@example.com,2020-07-19,user_export_2026.csv,2026-08-09T16:21:13.448033
U000273,Justin Michael,keith98@example.com,2023-03-18,user_export_2026.csv,2026-08-09T16:21:13.448268
U000274,Jennifer Reed,kellyroberts@example.net,2023-12-14,user_export_2026.csv,2026-08-09T16:21:13.448521
U000275,Thomas Douglas,ilewis@example.com,2022-10-23,user_export_2026.csv,2026-08-09T16:21:13.448719
U000276,Melissa Taylor,johnsantiago@example.net,2021-07-14,user_export_2026.csv,2026-08-09T16:21:13.448962
U000277,David Garcia,jennifer12@example.org,2020-06-10,user_export_2026.csv,2026-08-09T16:21:13.449187
U000278,Vanessa Moore,mwoods@example.com,2026-07-01,user_export_2026.csv,2026-08-09T16:21:13.449403
U000279,Matthew Velez,pearsonjesse@example.net,2023-04-23,user_export_2026.csv,2026-08-09T16:21:13.449703
U000280,Taylor Gentry,robertmonroe@example.org,2022-04-02,user_export_2026.csv,2026-08-09T16:21:13.449953
U000281,Jennifer Simpson DVM,nancy04@example.net,2024-02-07,user_export_2026.csv,2026-08-09T16:21:13.450189
U000282,Tanya Rogers,ihays@example.net,2021-11-04,user_export_2026.csv,2026-08-09T16:21:13.450404
U000283,Todd Rosales MD,lisarivera@example.net,2025-05-27,user_export_2026.csv,2026-08-09T16:21:13.450656
U000284,David Lopez,krystal93@example.org,2023-10-19,user_export_2026.csv,2026-08-09T16:21:13.450836
U000285,Margaret Sullivan,frobertson@example.com,2020-11-04,user_export_2026.csv,2026-08-09T16:21:13.451037
U000286,Cathy Taylor,shari04@example.com,2024-06-15,user_export_2026.csv,2026-08-09T16:21:13.451266
U000287,Paul Finley,brandi90@example.com,2024-02-07,user_export_2026.csv,2026-08-09T16:21:13.451452
U000288,,marshallerik@example.net,18/02/2024,user_export_2026.csv,2026-08-09T16:21:13.451699
U000289,Stephanie Padilla,hannah45@example.net,2021-03-19,user_export_2026.csv,2026-08-09T16:21:13.451880
U000290,Tyler Mendoza,madkins@example.com,2026-04-18,user_export_2026.csv,2026-08-09T16:21:13.452113
U000291,Joshua Ruiz,kathleenbecker@example.net,2020-09-15,user_export_2026.csv,2026-08-09T16:21:13.452376
U000292,Angela Griffin,christian91@example.org,2023-05-22,user_export_2026.csv,2026-08-09T16:21:13.452559
U000293,Stephanie Harris,franklinbond@example.com,2020-07-04,user_export_2026.csv,2026-08-09T16:21:13.452805
U000294,Daniel Aguilar,nolansean@example.org,2025-07-10,user_export_2026.csv,2026-08-09T16:21:13.453079
U000295,  Jose Bryant  ,hansenemily@example.com,2024/02/28,user_export_2026.csv,2026-08-09T16:21:13.453347
U000296,Jennifer Velasquez,bethwilliams@example.com,2024-08-26,user_export_2026.csv,2026-08-09T16:21:13.453651
U000297,Kimberly Brown,andersenthomas@example.com,2024-07-29,user_export_2026.csv,2026-08-09T16:21:13.453905
U000298,Randy Cannon,ybrooks@example.com,2024-02-26,user_export_2026.csv,2026-08-09T16:21:13.454148
U000299,Susan Bennett,desireebailey@example.org,2022-08-25,user_export_2026.csv,2026-08-09T16:21:13.454410
U000300,Jenna Anderson DVM,avilatiffany@example.com,2024-02-13,user_export_2026.csv,2026-08-09T16:21:13.454746
U000301,Kimberly Patel,johnreed@example.com,2024-01-09,user_export_2026.csv,2026-08-09T16:21:13.455004
U000302,Shaun Cannon,pachecorobert@example.org,2025-02-05,user_export_2026.csv,2026-08-09T16:21:13.455308
U000303,Austin Wheeler,tharper@example.org,2020-03-28,user_export_2026.csv,2026-08-09T16:21:13.455513
U000304,Andrew Gonzales,karenparsons@example.org,2022-04-20,user_export_2026.csv,2026-08-09T16:21:13.455759
U000305,Donna Cabrera,barbara53@example.com,2022-08-12,user_export_2026.csv,2026-08-09T16:21:13.455942
U000306,Victoria Boyd,dturner@example.net,2020-01-12,user_export_2026.csv,2026-08-09T16:21:13.456188
U000307,Sheryl Buck,dpeters@example.com,2021-06-16,user_export_2026.csv,2026-08-09T16:21:13.456403
U000308,Megan Floyd,heather62@example.com,2021-03-26,user_export_2026.csv,2026-08-09T16:21:13.456586
U000309,Paul Wells,invalid-email,2020-03-01,user_export_2026.csv,2026-08-09T16:21:13.456703
U000310,Elizabeth Zimmerman,jmelendez@example.com,2026-08-08,user_export_2026.csv,2026-08-09T16:21:13.456904
U000311,Kristin Anderson,jonathanrivera@example.org,2020-08-02,user_export_2026.csv,2026-08-09T16:21:13.457192
U000312,Sarah Davis,brettbennett@example.net,2021-04-10,user_export_2026.csv,2026-08-09T16:21:13.457549
U000313,Shelly Lopez,timothybooth@example.com,2024-01-22,user_export_2026.csv,2026-08-09T16:21:13.457810
U000314,Terry Lewis,suzannewilson@example.com,2025-08-25,user_export_2026.csv,2026-08-09T16:21:13.458092
U000315,Melissa Padilla,jherman@example.com,2025-11-05,user_export_2026.csv,2026-08-09T16:21:13.458319
U000316,Jamie Ferguson,kyle58@example.com,2020-05-07,user_export_2026.csv,2026-08-09T16:21:13.458504
U000317,  Robert Bowen  ,robin55@example.com,07/01/2025,user_export_2026.csv,2026-08-09T16:21:13.458687
U000318,,greensarah@example.net,2026/07/25,user_export_2026.csv,2026-08-09T16:21:13.458933
U000319,Elizabeth Gonzalez,noahwhitaker@example.com,2023-04-22,user_export_2026.csv,2026-08-09T16:21:13.459223
U000320,Terri Morgan,plevy@example.net,2021-02-10,user_export_2026.csv,2026-08-09T16:21:13.459436
U000321,Christopher Norton Jr.,iwhite@example.net,2026-03-08,user_export_2026.csv,2026-08-09T16:21:13.459643
U000322,Kelly Combs,landryelizabeth@example.org,2025-01-23,user_export_2026.csv,2026-08-09T16:21:13.459889
U000323,Ryan Hall,albertwagner@example.com,2025-01-31,user_export_2026.csv,2026-08-09T16:21:13.460173
U000324,Mark Peck,bhopkins@example.org,2023-07-04,user_export_2026.csv,2026-08-09T16:21:13.460384
U000325,Jennifer Smith,amanda40@example.net,2024-03-13,user_export_2026.csv,2026-08-09T16:21:13.460568
U000326,Megan Drake,danieldavis@example.org,2025-04-26,user_export_2026.csv,2026-08-09T16:21:13.460813
U000327,,joseph61@example.com,06-03-2024,user_export_2026.csv,2026-08-09T16:21:13.460993
U000328,Judy Sanchez,kevinclayton@example.org,2023-09-12,user_export_2026.csv,2026-08-09T16:21:13.461289
U000329,Shannon Malone,sullivannicholas@example.com,2024-09-28,user_export_2026.csv,2026-08-09T16:21:13.461588
U000330,Adam Jackson,pbruce@example.com,2023-03-24,user_export_2026.csv,2026-08-09T16:21:13.461797
U000331,Shannon Davis,hallrachel@example.net,2026-06-25,user_export_2026.csv,2026-08-09T16:21:13.462066
U000332,Karen Williams,cohenjuan@example.net,2025-05-29,user_export_2026.csv,2026-08-09T16:21:13.462336
U000333,Amanda Mcfarland,alexis39@example.org,2026-03-28,user_export_2026.csv,2026-08-09T16:21:13.462520
U000334,Michelle Sanders,evansanne@example.net,2026-06-09,user_export_2026.csv,2026-08-09T16:21:13.462763
U000335,Jasmine Mosley,patrick21@example.net,2026-04-16,user_export_2026.csv,2026-08-09T16:21:13.462943
U000336,Haley Davis,marypeterson@example.net,2026-03-30,user_export_2026.csv,2026-08-09T16:21:13.463248
U000337,Jennifer Ayala,walterskristen@example.com,08/01/2022,user_export_2026.csv,2026-08-09T16:21:13.463508
U000338,Henry Pugh MD,nmiller@example.com,2020-01-26,user_export_2026.csv,2026-08-09T16:21:13.463714
U000339,Michelle Miller,normanbowers@example.org,2024-06-29,user_export_2026.csv,2026-08-09T16:21:13.463958
U000340,  Emily Rodriguez  ,hahnsean@example.com,12-12-2025,user_export_2026.csv,2026-08-09T16:21:13.464245
U000341,Brandon Jordan,fgarcia@example.com,2023-06-30,user_export_2026.csv,2026-08-09T16:21:13.464457
U000342,Linda Mueller,asmith@example.com,2026-05-13,user_export_2026.csv,2026-08-09T16:21:13.464656
U000343,Misty Hansen,ashleyjackson@example.com,2021-09-29,user_export_2026.csv,2026-08-09T16:21:13.464904
U000344,Derrick Adams,bryanhamilton@example.com,2020-11-30,user_export_2026.csv,2026-08-09T16:21:13.465186
U000345,Richard Ward,jennifersimpson@example.net,2025-06-12,user_export_2026.csv,2026-08-09T16:21:13.465444
U000346,Brian Torres,ncook@example.com,2022-06-01,user_export_2026.csv,2026-08-09T16:21:13.465695
U000347,Erin Cook,kevinmorrison@example.net,2024-10-26,user_export_2026.csv,2026-08-09T16:21:13.465946
U000348,  Ernest Oconnell  ,kelly79@example.org,2023-06-17,user_export_2026.csv,2026-08-09T16:21:13.466174
U000349,Douglas Hartman,daniel93@example.net,2022-04-17,user_export_2026.csv,2026-08-09T16:21:13.466367
U000350,Catherine Saunders MD,nhahn@example.com,2021-07-16,user_export_2026.csv,2026-08-09T16:21:13.466575
U000351,Sandra Jones,ichambers@example.net,2021-05-06,user_export_2026.csv,2026-08-09T16:21:13.466774
U000352,,emccormick@example.com,2022/07/31,user_export_2026.csv,2026-08-09T16:21:13.466971
U000353,Karen Morales DDS,ystephens@example.com,2024-06-14,user_export_2026.csv,2026-08-09T16:21:13.467217
U000354,Robin Wheeler,invalid-email,2020-03-17,user_export_2026.csv,2026-08-09T16:21:13.467345
U000355,Ashley Wright,gabriel90@example.net,2023-07-06,user_export_2026.csv,2026-08-09T16:21:13.467527
U000356,Miss Jennifer Goodwin,grodriguez@example.com,2024-09-06,user_export_2026.csv,2026-08-09T16:21:13.467846
U000357,Paul Grant,seanmyers@example.net,2023-08-23,user_export_2026.csv,2026-08-09T16:21:13.468148
U000358,Kathryn Cooper,webbkenneth@example.org,2025-02-27,user_export_2026.csv,2026-08-09T16:21:13.468630
U000359,Todd Thomas,matthew38@example.com,2020-12-26,user_export_2026.csv,2026-08-09T16:21:13.468969
U000360,Brent Bowen,tflores@example.org,2024-11-19,user_export_2026.csv,2026-08-09T16:21:13.469254
U000361,Ashley Sweeney,byrdfrank@example.net,2024-06-09,user_export_2026.csv,2026-08-09T16:21:13.469565
U000362,Christopher Moore,omullen@example.com,2022-06-26,user_export_2026.csv,2026-08-09T16:21:13.469779
U000363,Charlotte Sandoval,njohnson@example.org,2025-09-21,user_export_2026.csv,2026-08-09T16:21:13.469981
U000364,Jeffrey Smith,jamiegoodwin@example.org,2022-03-05,user_export_2026.csv,2026-08-09T16:21:13.470279
U000365,Rebecca Herrera,mark71@example.com,2021-08-27,user_export_2026.csv,2026-08-09T16:21:13.470467
U000366,Katherine Church,candice96@example.net,2022-03-19,user_export_2026.csv,2026-08-09T16:21:13.470650
U000367,Harold Ellis,lisamccarthy@example.com,2020-11-04,user_export_2026.csv,2026-08-09T16:21:13.470893
U000368,Leslie Powers,david41@example.org,2025-07-16,user_export_2026.csv,2026-08-09T16:21:13.471111
U000369,Charles Price,baileyhenderson@example.com,2026-07-01,user_export_2026.csv,2026-08-09T16:21:13.471372
U000370,Melissa Brewer,angelaburns@example.org,2026-05-01,user_export_2026.csv,2026-08-09T16:21:13.471620
U000371,Ryan Harvey,stephanie72@example.org,2023-08-16,user_export_2026.csv,2026-08-09T16:21:13.471800
U000372,Tracey Wagner,fortiz@example.com,2021-09-10,user_export_2026.csv,2026-08-09T16:21:13.472000
U000373,Jill Jackson,flynnjeffrey@example.org,2023-05-25,user_export_2026.csv,2026-08-09T16:21:13.472294
U000374,Joshua Jackson,xcunningham@example.com,2023-12-12,user_export_2026.csv,2026-08-09T16:21:13.472498
U000375,Ashley Wilson,amber07@example.net,2025-01-25,user_export_2026.csv,2026-08-09T16:21:13.472679
U000376,,kennethkidd@example.com,2021/01/04,user_export_2026.csv,2026-08-09T16:21:13.472925
U000377,Scott Miller,rowejoel@example.net,2020-06-17,user_export_2026.csv,2026-08-09T16:21:13.473207
U000378,Heather Page,imartin@example.org,2022-02-10,user_export_2026.csv,2026-08-09T16:21:13.473422
U000379,Renee Hudson,candice25@example.net,2021-09-09,user_export_2026.csv,2026-08-09T16:21:13.473659
U000380,Kenneth Farley,taylorkaren@example.com,2023-11-07,user_export_2026.csv,2026-08-09T16:21:13.473907
U000381,Wendy Camacho,jacquelineanderson@example.org,2021-12-07,user_export_2026.csv,2026-08-09T16:21:13.474195
U000382,  Sandra Juarez  ,kburns@example.net,12/10/2021,user_export_2026.csv,2026-08-09T16:21:13.474412
U000383,Jason Hayes,powellkara@example.net,2023-10-17,user_export_2026.csv,2026-08-09T16:21:13.474657
U000384,Jackie Clements,brandi17@example.net,2023-10-02,user_export_2026.csv,2026-08-09T16:21:13.474882
U000347,  Heather Brown  ,brobinson@example.org,07/09/2021,user_export_2026.csv,2026-08-09T16:21:13.475132
U000386,Frank Campbell MD,ashleewashington@example.com,2023-06-24,user_export_2026.csv,2026-08-09T16:21:13.475411
U000387,Pamela Williams,ksmith@example.com,2024-05-24,user_export_2026.csv,2026-08-09T16:21:13.475617
U000388,William Patterson,nicoleturner@example.com,2020-12-13,user_export_2026.csv,2026-08-09T16:21:13.475861
U000389,Isaac Miller,brettgarrett@example.net,2023-09-07,user_export_2026.csv,2026-08-09T16:21:13.476143
U000390,Cynthia Rios,smiththomas@example.org,2025-11-26,user_export_2026.csv,2026-08-09T16:21:13.476458
U000391,Kelly Wallace,invalid-email,19-06-2023,user_export_2026.csv,2026-08-09T16:21:13.476581
U000392,Greg Martinez,ebenson@example.org,2022-02-25,user_export_2026.csv,2026-08-09T16:21:13.476780
U000393,Brandon Shaffer,edwardsnicole@example.org,2020-11-12,user_export_2026.csv,2026-08-09T16:21:13.477024
U000394,Robert Baxter,caseyelliott@example.net,2025-09-10,user_export_2026.csv,2026-08-09T16:21:13.477335
U000395,Jessica Bowen,samanthajensen@example.com,2025-11-26,user_export_2026.csv,2026-08-09T16:21:13.477645
U000396,  Angelica Garcia  ,lawrencepatrick@example.com,23-03-2024,user_export_2026.csv,2026-08-09T16:21:13.477901
U000397,Charles Hill,wrightcarolyn@example.net,2021-11-09,user_export_2026.csv,2026-08-09T16:21:13.478193
U000398,Peggy Vaughn,invalid-email,2024-02-01,user_export_2026.csv,2026-08-09T16:21:13.478325
U000399,Mary Turner,juliephillips@example.org,2024-12-24,user_export_2026.csv,2026-08-09T16:21:13.478574
U000400,Rebecca Allen,frodriguez@example.net,2025-01-12,user_export_2026.csv,2026-08-09T16:21:13.478774
U000401,Kelsey Levine,sarah26@example.net,2025-04-05,user_export_2026.csv,2026-08-09T16:21:13.478956
U000402,Joshua Thompson,xbest@example.org,2026-05-25,user_export_2026.csv,2026-08-09T16:21:13.479197
U000403,Austin Baker,livingstonstacy@example.com,2023-02-28,user_export_2026.csv,2026-08-09T16:21:13.479452
U000404,Lori Mason,zhenderson@example.org,2024-09-10,user_export_2026.csv,2026-08-09T16:21:13.479656
U000405,Kimberly Hernandez,collinswilliam@example.org,2021-07-20,user_export_2026.csv,2026-08-09T16:21:13.479901
U000406,Brittney Murphy,collinssamuel@example.org,2025-05-22,user_export_2026.csv,2026-08-09T16:21:13.480202
U000407,Brandon Hamilton,dsalazar@example.com,2021-02-24,user_export_2026.csv,2026-08-09T16:21:13.480416
U000408,Mary Thompson,zimmermanjacqueline@example.org,2021-05-25,user_export_2026.csv,2026-08-09T16:21:13.480663
U000409,Gregory Holmes PhD,gary24@example.net,2023-01-22,user_export_2026.csv,2026-08-09T16:21:13.480850
U000410,Patricia Johnson,enelson@example.com,2024-11-26,user_export_2026.csv,2026-08-09T16:21:13.481085
U000411,  Laura Jones  ,ddixon@example.com,04/19/2020,user_export_2026.csv,2026-08-09T16:21:13.481304
U000412,Carol Moore,shannonemily@example.org,2020-11-30,user_export_2026.csv,2026-08-09T16:21:13.481599
U000413,Jordan Williams,invalid-email,2021-02-09,user_export_2026.csv,2026-08-09T16:21:13.481724
U000414,Dana Ruiz,lmora@example.org,2021-08-21,user_export_2026.csv,2026-08-09T16:21:13.481925
U000415,Suzanne Yang,pwalker@example.com,2025-04-19,user_export_2026.csv,2026-08-09T16:21:13.482161
U000416,Erica Mckenzie,david02@example.org,2025-04-05,user_export_2026.csv,2026-08-09T16:21:13.482357
U000417,Vicki Finley,invalid-email,2020-11-20,user_export_2026.csv,2026-08-09T16:21:13.482477
U000418,    ,mark87@example.org,12/01/2025,user_export_2026.csv,2026-08-09T16:21:13.482657
U000419,Eddie Mueller,stevenvargas@example.com,2020-07-14,user_export_2026.csv,2026-08-09T16:21:13.482901
U000420,Dr. Morgan Payne PhD,adamortiz@example.org,2025-02-15,user_export_2026.csv,2026-08-09T16:21:13.483214
U000421,  Makayla Steele  ,tapiaaaron@example.net,2025/10/11,user_export_2026.csv,2026-08-09T16:21:13.483475
U000422,Oscar Parker,alyssaallen@example.com,2023-12-16,user_export_2026.csv,2026-08-09T16:21:13.483719
U000423,Valerie Thomas,christopher38@example.com,2020-12-16,user_export_2026.csv,2026-08-09T16:21:13.483902
U000424,Jacqueline Villegas,carpenterwilliam@example.net,2025-11-24,user_export_2026.csv,2026-08-09T16:21:13.484188
U000425,Angela Bradley,ibates@example.org,2025-09-10,user_export_2026.csv,2026-08-09T16:21:13.484404
U000426,Samuel Howe,vhaynes@example.com,2025-04-09,user_export_2026.csv,2026-08-09T16:21:13.484603
U000427,  Dillon Jones  ,derekcarrillo@example.org,2024-01-02,user_export_2026.csv,2026-08-09T16:21:13.484851
U000428,Christopher Owens,wmartinez@example.org,2026-07-11,user_export_2026.csv,2026-08-09T16:21:13.485079
U000429,John Phelps,mooregina@example.net,2020-06-30,user_export_2026.csv,2026-08-09T16:21:13.485342
U000430,Amanda Huff,eddie35@example.com,2021-12-18,user_export_2026.csv,2026-08-09T16:21:13.485585
U000431,Megan Green,anthonysullivan@example.com,2025-05-14,user_export_2026.csv,2026-08-09T16:21:13.485856
U000432,Krista Davis,laradonald@example.org,2020-09-15,user_export_2026.csv,2026-08-09T16:21:13.486164
U000433,Richard Walker,madisonwatson@example.net,2020-05-31,user_export_2026.csv,2026-08-09T16:21:13.486427
U000434,Angela Willis,invalid-email,2022-03-28,user_export_2026.csv,2026-08-09T16:21:13.486547
U000435,Angela Osborn,rachelramos@example.org,2023-06-24,user_export_2026.csv,2026-08-09T16:21:13.486790
U000436,Ryan Lamb,williamssteven@example.org,2026-02-02,user_export_2026.csv,2026-08-09T16:21:13.487033
U000437,Jessica Ramsey,invalid-email,2022-02-21,user_export_2026.csv,2026-08-09T16:21:13.487192
U000438,James Simmons MD,joshuagriffin@example.org,2020-07-14,user_export_2026.csv,2026-08-09T16:21:13.487456
U000439,Manuel Sanchez,victor87@example.org,2021-05-24,user_export_2026.csv,2026-08-09T16:21:13.487637
U000440,James Barnes,crystalpham@example.org,2024-06-26,user_export_2026.csv,2026-08-09T16:21:13.487878
U000441,Rachael Howard DDS,kcooper@example.net,2024-05-02,user_export_2026.csv,2026-08-09T16:21:13.488121
U000442,Devin Johnson,anthonycochran@example.com,2025-07-30,user_export_2026.csv,2026-08-09T16:21:13.488383
U000443,William Moreno,terrigarcia@example.net,2022-12-28,user_export_2026.csv,2026-08-09T16:21:13.488628
U000444,Joseph Moody,gallagherstacie@example.net,2020-11-19,user_export_2026.csv,2026-08-09T16:21:13.488870
U000445,Rebecca Kelly,gregorywatkins@example.net,2022-01-09,user_export_2026.csv,2026-08-09T16:21:13.489153
U000446,Suzanne Johnson,stacey92@example.net,2020-11-23,user_export_2026.csv,2026-08-09T16:21:13.489349
U000447,Sara Cochran,lweaver@example.com,2024-12-31,user_export_2026.csv,2026-08-09T16:21:13.489600
U000448,Anthony Guzman,foxaaron@example.net,2024-12-23,user_export_2026.csv,2026-08-09T16:21:13.489853
U000449,Carlos Love,invalid-email,2023-12-15,user_export_2026.csv,2026-08-09T16:21:13.489969
U000450,Sarah Morris,hernandezjanet@example.org,2020-08-22,user_export_2026.csv,2026-08-09T16:21:13.490268
U000451,  Sarah Valencia  ,brookssheri@example.com,2021-10-17,user_export_2026.csv,2026-08-09T16:21:13.490520
U000452,Gabrielle Morris,jessicakim@example.net,2020-05-22,user_export_2026.csv,2026-08-09T16:21:13.490768
U000453,Marie Thompson,jeffrey92@example.com,2024-02-09,user_export_2026.csv,2026-08-09T16:21:13.490950
U000454,Michael Anderson,rushstacy@example.com,2020-05-12,user_export_2026.csv,2026-08-09T16:21:13.491235
U000455,Patricia Bradley,carriemccall@example.net,2024-02-28,user_export_2026.csv,2026-08-09T16:21:13.491494
U000456,Keith Zuniga,markmiller@example.com,2026-06-08,user_export_2026.csv,2026-08-09T16:21:13.491738
U000457,Mrs. Stacey Davis,sean43@example.org,2023-07-11,user_export_2026.csv,2026-08-09T16:21:13.491927
U000458,Hayley Buchanan,williamssamuel@example.com,2021-04-09,user_export_2026.csv,2026-08-09T16:21:13.492214
U000459,Stacey Snyder,ybell@example.org,27/04/2021,user_export_2026.csv,2026-08-09T16:21:13.492429
U000460,Rachel Lane,franciscojones@example.org,2023-03-15,user_export_2026.csv,2026-08-09T16:21:13.492676
U000461,Fernando Lynn,petersonpamela@example.org,2022-03-30,user_export_2026.csv,2026-08-09T16:21:13.492918
U000462,Kimberly Villanueva,morgantricia@example.com,2025-01-25,user_export_2026.csv,2026-08-09T16:21:13.493200
U000463,Jessica Valdez,gmoore@example.com,2020-12-25,user_export_2026.csv,2026-08-09T16:21:13.493413
U000464,Colton Terry,donna43@example.org,2023-08-02,user_export_2026.csv,2026-08-09T16:21:13.493646
U000465,Kenneth Larsen,briansmith@example.org,2026-03-02,user_export_2026.csv,2026-08-09T16:21:13.493896
U000466,Matthew Greene,collinclark@example.net,2021-10-07,user_export_2026.csv,2026-08-09T16:21:13.494190
U000467,Bradley Anthony,kristen77@example.net,2021-12-14,user_export_2026.csv,2026-08-09T16:21:13.494610
U000468,Martin Hughes,nicole52@example.com,2021-05-12,user_export_2026.csv,2026-08-09T16:21:13.494830
U000469,Jeremiah Baker,anne21@example.org,2022-08-27,user_export_2026.csv,2026-08-09T16:21:13.495021
U000470,Rhonda Gutierrez,invalid-email,2026-03-19,user_export_2026.csv,2026-08-09T16:21:13.495228
U000471,Crystal Brown,acardenas@example.net,2026-03-09,user_export_2026.csv,2026-08-09T16:21:13.495449
U000472,Taylor Armstrong,thomasmiller@example.net,2020-09-26,user_export_2026.csv,2026-08-09T16:21:13.495705
U000473,Kenneth Black,davidtodd@example.org,2025-05-14,user_export_2026.csv,2026-08-09T16:21:13.495953
U000474,Carol Lewis,davidhenderson@example.net,2026-06-12,user_export_2026.csv,2026-08-09T16:21:13.496262
U000475,  Zachary Burton  ,luis11@example.com,20/10/2025,user_export_2026.csv,2026-08-09T16:21:13.496454
U000476,Kristen Gates,astark@example.net,2026-08-04,user_export_2026.csv,2026-08-09T16:21:13.496662
U000477,Kelly Barnes,khernandez@example.net,2024-11-07,user_export_2026.csv,2026-08-09T16:21:13.496867
U000478,Traci Garcia,hartcraig@example.com,2021-05-23,user_export_2026.csv,2026-08-09T16:21:13.497164
U000479,Sheryl Humphrey,patrick79@example.net,2021-10-25,user_export_2026.csv,2026-08-09T16:21:13.497356
U000480,Christopher Powell,vwilliams@example.net,2023-11-18,user_export_2026.csv,2026-08-09T16:21:13.497623
U000481,Patrick Mccall,andrew44@example.com,2023-03-09,user_export_2026.csv,2026-08-09T16:21:13.497816
U000482,Shannon Cohen,dennismccann@example.com,2026-03-06,user_export_2026.csv,2026-08-09T16:21:13.498130
U000483,Erica Daniel,lopezjason@example.com,2025-12-25,user_export_2026.csv,2026-08-09T16:21:13.498407
U000484,Olivia Camacho,robertsonerik@example.com,2021/12/02,user_export_2026.csv,2026-08-09T16:21:13.498674
U000485,Jennifer Deleon,thompsonnancy@example.org,2026-04-27,user_export_2026.csv,2026-08-09T16:21:13.498924
U000486,,janet45@example.com,20/06/2026,user_export_2026.csv,2026-08-09T16:21:13.499162
U000487,Madison Martinez,allentracy@example.com,2020-05-04,user_export_2026.csv,2026-08-09T16:21:13.499418
U000488,Seth Matthews,max41@example.com,2023-04-01,user_export_2026.csv,2026-08-09T16:21:13.499605
U000489,Anthony Nash,mercedesholland@example.net,2022-09-30,user_export_2026.csv,2026-08-09T16:21:13.499850
U000490,Matthew Palmer,wellsdavid@example.org,2023-05-03,user_export_2026.csv,2026-08-09T16:21:13.500140
U000491,Alejandra King,jennifer46@example.com,2021-10-09,user_export_2026.csv,2026-08-09T16:21:13.500334
U000492,Judy Robinson,erica96@example.net,2022-04-15,user_export_2026.csv,2026-08-09T16:21:13.500517
U000493,Jorge Bates,anna99@example.com,2023-07-31,user_export_2026.csv,2026-08-09T16:21:13.500697
U000494,Brian Brown,danielle44@example.net,2024-06-21,user_export_2026.csv,2026-08-09T16:21:13.500877
U000495,Stephanie Evans,zacharyallen@example.org,2026-04-19,user_export_2026.csv,2026-08-09T16:21:13.501182
U000496,    ,erin07@example.com,2021-07-31,user_export_2026.csv,2026-08-09T16:21:13.501374
U000497,Jason Price,aguilarwanda@example.org,2024-09-08,user_export_2026.csv,2026-08-09T16:21:13.501676
U000498,Micheal Parks,qknox@example.com,2021-10-16,user_export_2026.csv,2026-08-09T16:21:13.501886
U000499,Sarah Pittman,kellyruiz@example.net,2023-07-04,user_export_2026.csv,2026-08-09T16:21:13.502184
U000500,Robert Hines,staceylam@example.net,2025-10-09,user_export_2026.csv,2026-08-09T16:21:13.502444
U000501,Henry Garner,robert55@example.com,2025-07-30,user_export_2026.csv,2026-08-09T16:21:13.502631
U000502,  Julie Wilson  ,delacruzbrandy@example.net,2022/05/31,user_export_2026.csv,2026-08-09T16:21:13.502890
U000503,Steve Mason,amoreno@example.org,11/04/2025,user_export_2026.csv,2026-08-09T16:21:13.503152
U000504,Brittany Gay,robert97@example.org,2022-12-19,user_export_2026.csv,2026-08-09T16:21:13.503351
U000505,Mike Maxwell,lcook@example.com,2024-02-07,user_export_2026.csv,2026-08-09T16:21:13.503555
U000287,,barbaramoore@example.org,10/28/2020,user_export_2026.csv,2026-08-09T16:21:13.503809
U000507,Jeffrey Jordan,ysanford@example.org,2021-05-01,user_export_2026.csv,2026-08-09T16:21:13.504015
U000508,Curtis Watson,mcclainkatherine@example.net,2024-03-08,user_export_2026.csv,2026-08-09T16:21:13.504322
U000509,Michael Sims,jeremywiley@example.com,2024-02-06,user_export_2026.csv,2026-08-09T16:21:13.504573
U000510,James Chapman,cameronwilliams@example.com,2025-09-16,user_export_2026.csv,2026-08-09T16:21:13.504873
U000511,Joseph Warren,invalid-email,2020-06-08,user_export_2026.csv,2026-08-09T16:21:13.505161
U000512,Michael Anderson,mhoward@example.org,2025-04-24,user_export_2026.csv,2026-08-09T16:21:13.505562
U000513,Tamara Powell,jeffreymercer@example.org,2025-10-12,user_export_2026.csv,2026-08-09T16:21:13.505836
U000514,Leah Jackson,jennifer06@example.net,2023-07-28,user_export_2026.csv,2026-08-09T16:21:13.506025
U000515,Joseph Williams,stanleydesiree@example.org,2023-05-10,user_export_2026.csv,2026-08-09T16:21:13.506338
U000516,Brian Wallace,kelleythomas@example.org,2025-09-18,user_export_2026.csv,2026-08-09T16:21:13.506588
U000517,Michael Smith,qstanley@example.net,2023-05-12,user_export_2026.csv,2026-08-09T16:21:13.506788
U000518,Larry Taylor,invalid-email,2023-09-18,user_export_2026.csv,2026-08-09T16:21:13.506903
U000519,Ashley Higgins,campbellkristen@example.com,2026-07-18,user_export_2026.csv,2026-08-09T16:21:13.507199
U000520,Curtis Baker,michaelortiz@example.org,2020-04-19,user_export_2026.csv,2026-08-09T16:21:13.507451
U000521,Jon Clark,arivera@example.org,2026-06-27,user_export_2026.csv,2026-08-09T16:21:13.507652
U000522,Susan Conley,fhernandez@example.net,2026-07-18,user_export_2026.csv,2026-08-09T16:21:13.507855
U000523,Nathaniel Conway,stephenmadden@example.com,2024-04-06,user_export_2026.csv,2026-08-09T16:21:13.508149
U000524,Brett Thompson,phelpsmichael@example.net,2020-05-09,user_export_2026.csv,2026-08-09T16:21:13.508402
U000525,Parker Davis,smithdevon@example.net,2022-02-20,user_export_2026.csv,2026-08-09T16:21:13.508646
U000526,,natalie15@example.com,2024/08/07,user_export_2026.csv,2026-08-09T16:21:13.508828
U000527,James Rivers,mary76@example.net,2020-09-12,user_export_2026.csv,2026-08-09T16:21:13.509009
U000528,Carol Anderson,jarvismegan@example.org,2026-04-16,user_export_2026.csv,2026-08-09T16:21:13.509307
U000529,Kevin Pham,ywhite@example.com,2025-11-22,user_export_2026.csv,2026-08-09T16:21:13.509560
U000530,Shari Hobbs,timothyfreeman@example.com,2025-02-25,user_export_2026.csv,2026-08-09T16:21:13.509828
U000531,Arthur Pena,busherica@example.net,2023-12-22,user_export_2026.csv,2026-08-09T16:21:13.510120
U000532,Krystal Levine,april91@example.com,2022-12-18,user_export_2026.csv,2026-08-09T16:21:13.510316
U000533,Danielle Reed,jhernandez@example.net,2022-10-06,user_export_2026.csv,2026-08-09T16:21:13.510520
U000534,Mason Moore,kchristian@example.org,2023-05-04,user_export_2026.csv,2026-08-09T16:21:13.510721
U000535,Erica Rivera,brent38@example.net,2025-06-25,user_export_2026.csv,2026-08-09T16:21:13.510904
U000536,Robert Miller,csolis@example.org,2023-01-25,user_export_2026.csv,2026-08-09T16:21:13.511149
U000537,Jillian Wilson,bmcgee@example.org,2026-02-02,user_export_2026.csv,2026-08-09T16:21:13.511357
U000538,Andrew Dunn,connersylvia@example.net,2023-11-14,user_export_2026.csv,2026-08-09T16:21:13.511603
U000539,Jordan Clark,xclements@example.org,2023-04-04,user_export_2026.csv,2026-08-09T16:21:13.511801
U000540,    ,xmoran@example.net,11/16/2022,user_export_2026.csv,2026-08-09T16:21:13.512003
U000541,Brent Hopkins,petersonmaria@example.com,2026-04-21,user_export_2026.csv,2026-08-09T16:21:13.512301
U000542,Jacqueline Rodriguez,travisunderwood@example.net,2026-07-31,user_export_2026.csv,2026-08-09T16:21:13.512552
U000543,Ashley Carr,davidphelps@example.org,2025-12-15,user_export_2026.csv,2026-08-09T16:21:13.512801
U000544,Richard Love,shermanbrandon@example.net,2021-02-14,user_export_2026.csv,2026-08-09T16:21:13.513082
U000545,Leah Barton,lellis@example.net,2021-02-15,user_export_2026.csv,2026-08-09T16:21:13.513347
U000546,Jonathan Moreno,tranryan@example.net,2026-03-04,user_export_2026.csv,2026-08-09T16:21:13.513666
U000547,Mr. Thomas Thompson,jessicaanderson@example.com,2025-05-02,user_export_2026.csv,2026-08-09T16:21:13.513924
U000548,Lisa Morris,mbarnes@example.net,2023-03-22,user_export_2026.csv,2026-08-09T16:21:13.514177
U000549,Denise Stuart,shawn22@example.com,2021-01-01,user_export_2026.csv,2026-08-09T16:21:13.514366
U000550,Stacey Hunt,jennifer83@example.org,2020-06-01,user_export_2026.csv,2026-08-09T16:21:13.514549
U000551,Miguel Parks,tinasantos@example.org,2021-12-21,user_export_2026.csv,2026-08-09T16:21:13.514801
U000552,Melissa Morris,invalid-email,2024-06-14,user_export_2026.csv,2026-08-09T16:21:13.514921
U000553,Harold Castillo,icraig@example.com,2023-03-31,user_export_2026.csv,2026-08-09T16:21:13.515165
U000554,Jenny Smith,invalid-email,2026-05-15,user_export_2026.csv,2026-08-09T16:21:13.515288
U000555,James Brown,gonzalezkaren@example.org,2023-10-04,user_export_2026.csv,2026-08-09T16:21:13.515532
U000556,Miss Brianna Brown,james80@example.com,2026-02-03,user_export_2026.csv,2026-08-09T16:21:13.515720
U000557,Ashley Parrish,juliahoffman@example.org,2021-07-03,user_export_2026.csv,2026-08-09T16:21:13.515968
U000558,Rebecca Horton,housepaul@example.net,2022-02-28,user_export_2026.csv,2026-08-09T16:21:13.516279
U000559,Juan Smith,james73@example.net,2025-02-22,user_export_2026.csv,2026-08-09T16:21:13.516464
U000560,Maria Fischer,kimberlybrandt@example.com,2020-02-27,user_export_2026.csv,2026-08-09T16:21:13.516712
U000561,William Jones,jillwilson@example.org,2026-05-14,user_export_2026.csv,2026-08-09T16:21:13.516955
U000562,Justin Anderson,adam72@example.org,2024-07-18,user_export_2026.csv,2026-08-09T16:21:13.517186
U000563,Frank Williams,tracy98@example.com,2020-12-21,user_export_2026.csv,2026-08-09T16:21:13.517371
U000564,Michael Fox,abigailhartman@example.org,2021-07-29,user_export_2026.csv,2026-08-09T16:21:13.517671
U000565,Joshua Davis,nicolealvarado@example.com,2020-01-28,user_export_2026.csv,2026-08-09T16:21:13.517930
U000566,Daniel Goodwin,wbarajas@example.net,2022-12-29,user_export_2026.csv,2026-08-09T16:21:13.518181
U000567,Michael Griffin,susanfleming@example.com,2026-06-04,user_export_2026.csv,2026-08-09T16:21:13.518431
U000568,  Robert Wilson  ,amber40@example.net,04/29/2021,user_export_2026.csv,2026-08-09T16:21:13.518682
U000569,Jaime Lang,stucker@example.net,2023-06-27,user_export_2026.csv,2026-08-09T16:21:13.518903
U000570,Jose Vaughan,teresaayala@example.net,2023-04-23,user_export_2026.csv,2026-08-09T16:21:13.519205
U000571,Austin Santiago,michellecoleman@example.org,2021-07-01,user_export_2026.csv,2026-08-09T16:21:13.519468
U000572,Ronald Johns,elucas@example.net,2024-03-10,user_export_2026.csv,2026-08-09T16:21:13.519669
U000573,Allison Love,millerbrian@example.com,2025-04-12,user_export_2026.csv,2026-08-09T16:21:13.519915
U000574,Laura Perez,rickey76@example.com,2022-06-13,user_export_2026.csv,2026-08-09T16:21:13.520144
U000575,James Wilson,maychristine@example.net,2020-12-01,user_export_2026.csv,2026-08-09T16:21:13.520406
U000576,Mercedes Jones,robertsgina@example.net,2024-01-21,user_export_2026.csv,2026-08-09T16:21:13.520653
U000577,,bshort@example.com,01-09-2025,user_export_2026.csv,2026-08-09T16:21:13.520855
U000578,Daniel Francis,susan24@example.net,2025-11-01,user_export_2026.csv,2026-08-09T16:21:13.521033
U000579,Traci Camacho,susan08@example.net,2026-07-16,user_export_2026.csv,2026-08-09T16:21:13.521265
U000580,Andrew Armstrong,fmedina@example.com,2024-12-29,user_export_2026.csv,2026-08-09T16:21:13.521467
U000581,Patrick Swanson,robertbrewer@example.net,2025-10-03,user_export_2026.csv,2026-08-09T16:21:13.521770
U000582,Clinton Jensen,james29@example.org,2026-04-07,user_export_2026.csv,2026-08-09T16:21:13.521954
U000583,Tara Gamble,enewman@example.com,2020-03-30,user_export_2026.csv,2026-08-09T16:21:13.522231
U000584,Danielle Gonzalez,wlynn@example.org,2022-06-11,user_export_2026.csv,2026-08-09T16:21:13.522438
U000585,Cynthia Mitchell,invalid-email,2023-11-12,user_export_2026.csv,2026-08-09T16:21:13.522557
U000586,Corey Tucker,christina49@example.org,2020-09-03,user_export_2026.csv,2026-08-09T16:21:13.522742
U000587,Holly Stewart,ujackson@example.org,2025-04-17,user_export_2026.csv,2026-08-09T16:21:13.522944
U000588,Michelle Davidson,mary25@example.com,17/09/2024,user_export_2026.csv,2026-08-09T16:21:13.523274
U000589,Ian Torres,thompsoncatherine@example.com,2024-03-26,user_export_2026.csv,2026-08-09T16:21:13.523532
U000590,Brenda Ryan,jessica11@example.org,2026-01-17,user_export_2026.csv,2026-08-09T16:21:13.523718
U000591,Lynn Hess,nhammond@example.org,2021-04-30,user_export_2026.csv,2026-08-09T16:21:13.523921
U000592,Kimberly Lutz,jvaldez@example.com,2025-12-06,user_export_2026.csv,2026-08-09T16:21:13.524173
U000593,Steven Lawrence,dennis88@example.org,2020-01-15,user_export_2026.csv,2026-08-09T16:21:13.524362
U000594,Jonathan Bates,katherinetaylor@example.org,2025-03-11,user_export_2026.csv,2026-08-09T16:21:13.524607
U000595,Travis Hopkins,jillwebb@example.com,2025-12-18,user_export_2026.csv,2026-08-09T16:21:13.524868
U000596,Philip Hall,mike03@example.net,2025-03-01,user_export_2026.csv,2026-08-09T16:21:13.525088
U000597,Heather Harrison,ckeith@example.net,2021-04-07,user_export_2026.csv,2026-08-09T16:21:13.525303
U000598,  Michael Boyd  ,mary49@example.net,05-03-2020,user_export_2026.csv,2026-08-09T16:21:13.525524
U000049,,invalid-email,02-12-2024,user_export_2026.csv,2026-08-09T16:21:13.525665
U000600,Stephanie Miller,nicholas38@example.com,2021-07-27,user_export_2026.csv,2026-08-09T16:21:13.525852
U000601,Sean Tucker,aeaton@example.net,2026-06-17,user_export_2026.csv,2026-08-09T16:21:13.526095
U000602,Jessica Hall,jason22@example.com,2023-08-06,user_export_2026.csv,2026-08-09T16:21:13.526289
U000603,Ruth Guerrero,ushepherd@example.org,2025-11-05,user_export_2026.csv,2026-08-09T16:21:13.526490
U000604,Mr. Daniel Martin,cjohnson@example.org,2020-09-06,user_export_2026.csv,2026-08-09T16:21:13.526695
U000605,Candace Soto,macdonalddylan@example.org,2021-12-18,user_export_2026.csv,2026-08-09T16:21:13.526939
U000606,Christopher Mullen,johnsjessica@example.com,2025-07-23,user_export_2026.csv,2026-08-09T16:21:13.527239
U000607,Claire Obrien,kdillon@example.org,18/11/2025,user_export_2026.csv,2026-08-09T16:21:13.527444
U000608,Lindsay Norton,cindydixon@example.org,2022-01-23,user_export_2026.csv,2026-08-09T16:21:13.527690
U000609,Grace Chavez,hallpaul@example.org,2022-07-12,user_export_2026.csv,2026-08-09T16:21:13.527934
U000610,Joseph Blankenship,mserrano@example.org,2025-03-11,user_export_2026.csv,2026-08-09T16:21:13.528181
U000611,Steven Greene,davisdonna@example.net,2024-09-02,user_export_2026.csv,2026-08-09T16:21:13.528429
U000612,April Pace,xboyd@example.org,2022-09-21,user_export_2026.csv,2026-08-09T16:21:13.528630
U000613,Jessica Mays,yclarke@example.com,2020-11-19,user_export_2026.csv,2026-08-09T16:21:13.528827
U000614,Natalie Juarez,colemanjonathan@example.org,2021-01-13,user_export_2026.csv,2026-08-09T16:21:13.529238
U000615,Angela George,ascott@example.net,2020-07-30,user_export_2026.csv,2026-08-09T16:21:13.529455
U000616,Adrienne Mills,brooksjamie@example.com,2020-06-10,user_export_2026.csv,2026-08-09T16:21:13.529775
U000617,Brian Simmons,jose86@example.net,2026-08-03,user_export_2026.csv,2026-08-09T16:21:13.529963
U000618,Donald Becker,robertbowers@example.com,2025-05-17,user_export_2026.csv,2026-08-09T16:21:13.530270
U000619,Justin Webb,becky62@example.net,2023-05-26,user_export_2026.csv,2026-08-09T16:21:13.530457
U000620,David Logan,invalid-email,2022-02-17,user_export_2026.csv,2026-08-09T16:21:13.530576
U000621,Ariel Romero,lauren90@example.org,2025-05-15,user_export_2026.csv,2026-08-09T16:21:13.530819
U000622,Mark Brock,thomasburke@example.org,2022-04-17,user_export_2026.csv,2026-08-09T16:21:13.531200
U000623,Daniel Miller,ramseysarah@example.com,2023-08-10,user_export_2026.csv,2026-08-09T16:21:13.531456
U000624,Kelly Dawson,bautistalori@example.net,2025-12-25,user_export_2026.csv,2026-08-09T16:21:13.531758
U000625,Adam Jefferson DVM,james98@example.net,2024-01-13,user_export_2026.csv,2026-08-09T16:21:13.531950
U000626,Lisa Craig,john02@example.org,2021-02-07,user_export_2026.csv,2026-08-09T16:21:13.532188
U000627,Penny Gomez MD,aprilmclaughlin@example.org,2023-08-04,user_export_2026.csv,2026-08-09T16:21:13.532451
U000628,Krista Barber,michael43@example.net,2024-08-22,user_export_2026.csv,2026-08-09T16:21:13.532636
U000629,Jordan Powell,invalid-email,2026/03/16,user_export_2026.csv,2026-08-09T16:21:13.532757
U000630,Christopher Hunter,gordonmatthew@example.org,2023-09-13,user_export_2026.csv,2026-08-09T16:21:13.533001
U000631,Tina Walter,heather69@example.com,2022-10-03,user_export_2026.csv,2026-08-09T16:21:13.533233
U000632,Nina Ali,lmaldonado@example.org,2023-10-14,user_export_2026.csv,2026-08-09T16:21:13.533440
U000633,Mr. James Kramer,ericahall@example.com,2025-07-02,user_export_2026.csv,2026-08-09T16:21:13.533775
U000634,Harry Nichols,john16@example.net,2023-12-13,user_export_2026.csv,2026-08-09T16:21:13.533962
U000635,Gloria Spencer,thomasgomez@example.net,2025-06-23,user_export_2026.csv,2026-08-09T16:21:13.534259
U000636,Travis Vega,victorgonzalez@example.net,2020-08-28,user_export_2026.csv,2026-08-09T16:21:13.534507
U000637,Derek Perez,marykelly@example.org,2020-10-31,user_export_2026.csv,2026-08-09T16:21:13.534756
U000638,Blake Sosa,waustin@example.net,2020-01-27,user_export_2026.csv,2026-08-09T16:21:13.534955
U000639,Sarah Watson,travis94@example.com,2022-08-05,user_export_2026.csv,2026-08-09T16:21:13.535198
U000640,,kwalker@example.org,2020/09/04,user_export_2026.csv,2026-08-09T16:21:13.535404
U000641,Robert Mendoza,shawphillip@example.net,2025-06-21,user_export_2026.csv,2026-08-09T16:21:13.535749
U000642,Joyce Martinez,invalid-email,2023/01/30,user_export_2026.csv,2026-08-09T16:21:13.535962
U000643,Emily Smith,nicolasgarcia@example.com,2022-01-04,user_export_2026.csv,2026-08-09T16:21:13.536278
U000644,Debbie Dunn,josephmullen@example.com,2025-11-26,user_export_2026.csv,2026-08-09T16:21:13.536529
U000645,Jonathan Clark,michael64@example.com,2024-06-13,user_export_2026.csv,2026-08-09T16:21:13.536769
U000646,Carlos Johnston,lisale@example.org,14/07/2022,user_export_2026.csv,2026-08-09T16:21:13.537088
U000647,Selena Gonzalez,thomassmith@example.com,2020-05-09,user_export_2026.csv,2026-08-09T16:21:13.537355
U000648,  Dr. Samuel Holmes DDS  ,jevans@example.net,08-02-2020,user_export_2026.csv,2026-08-09T16:21:13.537624
U000649,Brett Martin,lisawoods@example.net,2023-09-18,user_export_2026.csv,2026-08-09T16:21:13.537877
U000650,Patrick Green,ann45@example.org,2021-01-25,user_export_2026.csv,2026-08-09T16:21:13.538188
U000651,Gregory Frazier,barbarasantos@example.net,2022-07-30,user_export_2026.csv,2026-08-09T16:21:13.538515
U000652,Richard Kelly,champton@example.org,2026-05-10,user_export_2026.csv,2026-08-09T16:21:13.538737
U000653,Dustin Welch,invalid-email,2020-10-31,user_export_2026.csv,2026-08-09T16:21:13.538858
U000654,Christopher Morton,robert99@example.com,2026-02-02,user_export_2026.csv,2026-08-09T16:21:13.539115
U000655,Andrea Martin,invalid-email,2023-07-12,user_export_2026.csv,2026-08-09T16:21:13.539257
U000656,    ,catherine64@example.com,2024-06-19,user_export_2026.csv,2026-08-09T16:21:13.539445
U000657,Teresa Adkins,lgutierrez@example.org,2024-05-12,user_export_2026.csv,2026-08-09T16:21:13.539652
U000658,David King,clarkrandy@example.org,2024-04-21,user_export_2026.csv,2026-08-09T16:21:13.539898
U000659,Shawn Kelley,wisealexandria@example.org,2020-11-17,user_export_2026.csv,2026-08-09T16:21:13.540197
U000660,Luke Miller,pparker@example.net,2020-08-07,user_export_2026.csv,2026-08-09T16:21:13.540407
U000661,    ,anthonyalvarado@example.com,12/06/2024,user_export_2026.csv,2026-08-09T16:21:13.540657
U000662,Julie Pitts,amy28@example.org,2025-07-02,user_export_2026.csv,2026-08-09T16:21:13.540938
U000663,Joyce Curry,omills@example.net,2024-03-17,user_export_2026.csv,2026-08-09T16:21:13.541204
U000664,Gregory Fernandez,ramosmichael@example.com,2024-04-05,user_export_2026.csv,2026-08-09T16:21:13.541457
U000665,  Adam Mills  ,mauriceharrison@example.org,02/12/2020,user_export_2026.csv,2026-08-09T16:21:13.541767
U000666,Katherine Campos,albert64@example.net,2024-05-14,user_export_2026.csv,2026-08-09T16:21:13.541956
U000667,Adam Brooks,bkhan@example.com,2020-01-22,user_export_2026.csv,2026-08-09T16:21:13.542214
U000668,Miguel Brewer,fwalker@example.com,2023-01-09,user_export_2026.csv,2026-08-09T16:21:13.542418
U000441,  Kellie Marsh  ,justin84@example.com,2024-07-29,user_export_2026.csv,2026-08-09T16:21:13.542611
U000670,Barry Taylor,walshchristine@example.com,2023-08-21,user_export_2026.csv,2026-08-09T16:21:13.542870
U000671,Katherine Flores,invalid-email,2024-08-21,user_export_2026.csv,2026-08-09T16:21:13.542998
U000672,Wayne Johnson,campbelldavid@example.com,2026-04-10,user_export_2026.csv,2026-08-09T16:21:13.543321
U000673,Crystal Hernandez,arobinson@example.com,2026-05-31,user_export_2026.csv,2026-08-09T16:21:13.543529
U000674,Kathleen Watson,riveramegan@example.org,2021-11-25,user_export_2026.csv,2026-08-09T16:21:13.543777
U000675,Reginald Jones,qwhite@example.com,2025-07-12,user_export_2026.csv,2026-08-09T16:21:13.543977
U000676,Barbara Tate,paulproctor@example.org,2023-02-04,user_export_2026.csv,2026-08-09T16:21:13.544279
U000677,Amanda Murray,boydtina@example.com,2020-11-11,user_export_2026.csv,2026-08-09T16:21:13.544529
U000678,Tyrone Mayer,crystalwilliams@example.net,2025-07-23,user_export_2026.csv,2026-08-09T16:21:13.544780
U000679,Dawn Little,michaelwilliams@example.net,2021-03-14,user_export_2026.csv,2026-08-09T16:21:13.545028
U000680,Brian Chen,invalid-email,2024-06-08,user_export_2026.csv,2026-08-09T16:21:13.545194
U000681,Christopher Hill,fosterjohn@example.org,2023-09-11,user_export_2026.csv,2026-08-09T16:21:13.545446
U000682,Melissa Barker,nathandavis@example.org,2021-07-11,user_export_2026.csv,2026-08-09T16:21:13.545749
U000683,Mr. George Booker DDS,browndeanna@example.net,2022-04-02,user_export_2026.csv,2026-08-09T16:21:13.546115
U000684,Ashley Freeman,tina57@example.net,2024-06-19,user_export_2026.csv,2026-08-09T16:21:13.546492
U000685,Michael Howard,johnwilliams@example.net,2025-07-04,user_export_2026.csv,2026-08-09T16:21:13.546919
U000686,Edward Terry,ashleystephens@example.com,2023-08-27,user_export_2026.csv,2026-08-09T16:21:13.547225
U000687,Denise Guerra,caseymoore@example.com,2024-05-28,user_export_2026.csv,2026-08-09T16:21:13.547479
U000688,Kimberly Gibson,bgross@example.net,2022-03-29,user_export_2026.csv,2026-08-09T16:21:13.547686
U000689,Patty Allen,barrettamber@example.com,2026-03-03,user_export_2026.csv,2026-08-09T16:21:13.547932
U000690,Michael Cannon,chloemorris@example.net,2023-04-08,user_export_2026.csv,2026-08-09T16:21:13.548231
U000691,Brent Hopkins,conleydavid@example.org,2025-08-07,user_export_2026.csv,2026-08-09T16:21:13.548481
U000692,John Garcia,hbarrett@example.net,2022-10-31,user_export_2026.csv,2026-08-09T16:21:13.548685
U000693,Dawn Diaz,smithsamantha@example.net,2024-03-24,user_export_2026.csv,2026-08-09T16:21:13.548943
U000694,Steve Miller PhD,wardjulia@example.com,09/06/2025,user_export_2026.csv,2026-08-09T16:21:13.549338
U000695,Rebecca Brown,allison14@example.org,2026-01-08,user_export_2026.csv,2026-08-09T16:21:13.549582
U000696,Toni Davis,amandalopez@example.net,2021-03-23,user_export_2026.csv,2026-08-09T16:21:13.549841
U000697,Laura Meza,xreese@example.net,2023-12-25,user_export_2026.csv,2026-08-09T16:21:13.550088
U000698,Megan Park,kandrade@example.org,2026-04-25,user_export_2026.csv,2026-08-09T16:21:13.550305
U000699,Kathy Sandoval,umahoney@example.net,2024-06-24,user_export_2026.csv,2026-08-09T16:21:13.550592
U000700,Erika Watson PhD,umckenzie@example.net,2024-10-29,user_export_2026.csv,2026-08-09T16:21:13.550884
U000227,  Joshua Brooks  ,michael77@example.com,2026/07/05,user_export_2026.csv,2026-08-09T16:21:13.551127
U000702,Andrew Mitchell,holmesvictoria@example.com,2026-08-07,user_export_2026.csv,2026-08-09T16:21:13.551426
U000703,William Lewis,andrew48@example.net,2020-04-10,user_export_2026.csv,2026-08-09T16:21:13.551613
U000704,Tammy Moore,stevenseric@example.com,2020-12-17,user_export_2026.csv,2026-08-09T16:21:13.551861
U000705,,christopher69@example.org,08-02-2025,user_export_2026.csv,2026-08-09T16:21:13.552086
U000706,Misty Mcguire,tracynolan@example.net,2025-01-27,user_export_2026.csv,2026-08-09T16:21:13.552348
U000707,Susan Larson,benjamin96@example.org,2021-04-16,user_export_2026.csv,2026-08-09T16:21:13.552532
U000708,    ,hbutler@example.org,2022/09/26,user_export_2026.csv,2026-08-09T16:21:13.552736
U000709,Sarah Mcfarland,hbrown@example.org,2025-03-07,user_export_2026.csv,2026-08-09T16:21:13.552936
U000710,Karl Murphy,ericnunez@example.com,2022-01-25,user_export_2026.csv,2026-08-09T16:21:13.553236
U000711,Nicole Johnston,walkerkeith@example.com,2024-06-08,user_export_2026.csv,2026-08-09T16:21:13.553524
U000712,,kelleyjose@example.com,2024-05-11,user_export_2026.csv,2026-08-09T16:21:13.553791
U000713,Patricia Anderson,timothygonzalez@example.com,2020-09-13,user_export_2026.csv,2026-08-09T16:21:13.554079
U000714,Christina Gilbert,johnadams@example.com,2026-01-08,user_export_2026.csv,2026-08-09T16:21:13.554343
U000715,Thomas Davis,whenderson@example.org,2025-02-17,user_export_2026.csv,2026-08-09T16:21:13.554544
U000716,  Kirk Johnson  ,gary59@example.com,2023/07/07,user_export_2026.csv,2026-08-09T16:21:13.554730
U000717,Jessica Glass,jamesbrooks@example.net,2023-12-12,user_export_2026.csv,2026-08-09T16:21:13.554979
U000718,Ashley Brown,mistywilkins@example.org,2023-05-03,user_export_2026.csv,2026-08-09T16:21:13.555279
U000719,Robert Torres,njohnson@example.net,2021-07-02,user_export_2026.csv,2026-08-09T16:21:13.555484
U000720,Christina Mills,ana92@example.net,2021-04-24,user_export_2026.csv,2026-08-09T16:21:13.555666
U000721,Alicia Aguilar,scottbrian@example.org,2025-09-23,user_export_2026.csv,2026-08-09T16:21:13.555911
U000722,Lisa Brown,jonesdonna@example.net,2026-06-12,user_export_2026.csv,2026-08-09T16:21:13.556200
U000723,Mary Lin,carternicole@example.com,2026-01-10,user_export_2026.csv,2026-08-09T16:21:13.556451
U000724,James Bray,mckeetodd@example.net,2021-12-10,user_export_2026.csv,2026-08-09T16:21:13.556694
U000725,Charlotte Mason,tcastro@example.org,2021-07-28,user_export_2026.csv,2026-08-09T16:21:13.556895
U000726,Thomas Torres,klong@example.org,2020-08-07,user_export_2026.csv,2026-08-09T16:21:13.557133
U000727,Harold Garrett,wendyirwin@example.com,2025-06-07,user_export_2026.csv,2026-08-09T16:21:13.557384
U000728,Lori Johns,raymondstacy@example.org,2026-04-19,user_export_2026.csv,2026-08-09T16:21:13.557687
U000729,Steven Sandoval,blairabigail@example.net,2025-07-07,user_export_2026.csv,2026-08-09T16:21:13.557934
U000730,Lori Perez,ashleysimmons@example.com,2025-06-24,user_export_2026.csv,2026-08-09T16:21:13.558230
U000731,Erin Daniels,denisecarpenter@example.net,2022-06-22,user_export_2026.csv,2026-08-09T16:21:13.558479
U000732,Shari Parker,russellstout@example.org,2026-01-11,user_export_2026.csv,2026-08-09T16:21:13.558725
U000733,Krystal Moore,grantstacy@example.org,2026-05-05,user_export_2026.csv,2026-08-09T16:21:13.558968
U000734,Ryan Thomas,cannonnicole@example.com,2026-03-01,user_export_2026.csv,2026-08-09T16:21:13.559261
U000735,Elizabeth Reese,edwin31@example.org,2023-01-02,user_export_2026.csv,2026-08-09T16:21:13.559448
U000736,Phillip Salazar,catherine93@example.net,2024-02-11,user_export_2026.csv,2026-08-09T16:21:13.559627
U000737,Michael Howard,manderson@example.com,2024-12-12,user_export_2026.csv,2026-08-09T16:21:13.559828
U000738,Jacqueline Christian,kwells@example.org,2021-02-23,user_export_2026.csv,2026-08-09T16:21:13.560066
U000739,Jason Novak,stephanie33@example.org,2022-10-10,user_export_2026.csv,2026-08-09T16:21:13.560272
U000740,Timothy Duke,dwatts@example.org,2025-01-16,user_export_2026.csv,2026-08-09T16:21:13.560472
U000741,Ricardo Franklin,zcortez@example.net,2020-12-22,user_export_2026.csv,2026-08-09T16:21:13.560670
U000742,Laura Herrera,meyershannon@example.org,2022-08-28,user_export_2026.csv,2026-08-09T16:21:13.560917
U000743,Danielle Medina,grantzachary@example.net,2023-12-07,user_export_2026.csv,2026-08-09T16:21:13.561211
U000744,Cheryl Gonzales,kim47@example.org,2024-10-19,user_export_2026.csv,2026-08-09T16:21:13.561401
U000745,Louis Brown,stevenlucas@example.org,2022-04-26,user_export_2026.csv,2026-08-09T16:21:13.561701
U000746,Ashley Osborne,phillipmorris@example.org,2026-05-24,user_export_2026.csv,2026-08-09T16:21:13.561953
U000747,Kevin Marquez,nicoledavis@example.com,2026-01-15,user_export_2026.csv,2026-08-09T16:21:13.562248
U000748,Susan Hogan,davisjasmin@example.net,2023-04-13,user_export_2026.csv,2026-08-09T16:21:13.562497
U000749,Joseph Cruz,nicholasjames@example.org,2025-10-08,user_export_2026.csv,2026-08-09T16:21:13.562742
U000750,Krystal Keller,fernandothomas@example.net,2021-01-25,user_export_2026.csv,2026-08-09T16:21:13.562989
U000751,Eric Cross,lroberts@example.org,2024-08-12,user_export_2026.csv,2026-08-09T16:21:13.563249
U000752,Toni Smith,alexander77@example.net,2021-06-03,user_export_2026.csv,2026-08-09T16:21:13.563438
U000753,Lisa Snyder,briannaalvarez@example.com,2021-08-22,user_export_2026.csv,2026-08-09T16:21:13.563686
U000754,Kyle Smith,christine83@example.org,2024-05-27,user_export_2026.csv,2026-08-09T16:21:13.563868
U000755,Anthony Bailey,melissaestrada@example.net,2023-01-05,user_export_2026.csv,2026-08-09T16:21:13.564161
U000756,Thomas Williams,kchaney@example.net,2020-11-05,user_export_2026.csv,2026-08-09T16:21:13.564369
U000757,Matthew Graves,tammycurry@example.com,2021-01-16,user_export_2026.csv,2026-08-09T16:21:13.564613
U000758,Anna Evans,priscilla16@example.net,2024-02-20,user_export_2026.csv,2026-08-09T16:21:13.564801
U000759,John Martinez,mark68@example.org,2026-07-11,user_export_2026.csv,2026-08-09T16:21:13.564983
U000760,Lisa Rodriguez,webbhaley@example.net,20/02/2025,user_export_2026.csv,2026-08-09T16:21:13.565281
U000761,Lee Stewart,sara99@example.com,2024-10-25,user_export_2026.csv,2026-08-09T16:21:13.565466
U000762,Lynn Vasquez,nicolehall@example.com,2023-08-15,user_export_2026.csv,2026-08-09T16:21:13.565767
U000763,April Johnson,mclaughlinjared@example.net,2026-06-25,user_export_2026.csv,2026-08-09T16:21:13.566018
U000764,Mrs. Felicia Castro DDS,davidsonhannah@example.com,2023-11-08,user_export_2026.csv,2026-08-09T16:21:13.566330
U000765,Elizabeth Hunter,katie15@example.com,2020-07-07,user_export_2026.csv,2026-08-09T16:21:13.566516
U000766,  Keith Choi  ,jamesbass@example.net,10/09/2021,user_export_2026.csv,2026-08-09T16:21:13.566765
U000767,John Johnson,timothyburton@example.net,2021-06-24,user_export_2026.csv,2026-08-09T16:21:13.567011
U000768,Julia Olsen,conleykevin@example.net,2023-01-27,user_export_2026.csv,2026-08-09T16:21:13.567317
U000769,    ,lauren51@example.org,2021-11-08,user_export_2026.csv,2026-08-09T16:21:13.567508
U000770,Andre Terrell,ashleyprice@example.net,2022-08-17,user_export_2026.csv,2026-08-09T16:21:13.567754
U000771,Richard Parker,jennifer46@example.org,2021-01-24,user_export_2026.csv,2026-08-09T16:21:13.567936
U000772,    ,aliciathompson@example.com,2024-12-27,user_export_2026.csv,2026-08-09T16:21:13.568332
U000773,Paula Gentry,zhunter@example.com,2024-09-25,user_export_2026.csv,2026-08-09T16:21:13.568551
U000774,Brittany Peterson,hoconnor@example.com,2022-07-26,user_export_2026.csv,2026-08-09T16:21:13.568755
U000775,Briana Wiggins,jamiejohnson@example.com,2021-02-23,user_export_2026.csv,2026-08-09T16:21:13.569003
U000776,    ,mcdanielbrooke@example.org,29-06-2021,user_export_2026.csv,2026-08-09T16:21:13.569317
U000777,Stephen Garcia,andrew43@example.com,2021-11-03,user_export_2026.csv,2026-08-09T16:21:13.569549
U000778,Dustin Patel,rlambert@example.org,2021-09-12,user_export_2026.csv,2026-08-09T16:21:13.569762
U000779,Brian Mullen,clarkmichael@example.com,2024-12-17,user_export_2026.csv,2026-08-09T16:21:13.570007
U000780,Tony Brock,georgecollins@example.com,2021-02-15,user_export_2026.csv,2026-08-09T16:21:13.570345
U000781,Amber Johnson,rodriguezbrian@example.com,2024-04-21,user_export_2026.csv,2026-08-09T16:21:13.570598
U000782,Michael Vance,tjensen@example.com,2021-07-26,user_export_2026.csv,2026-08-09T16:21:13.570799
U000783,Michelle Lambert,beltrankatelyn@example.com,2022-10-13,user_export_2026.csv,2026-08-09T16:21:13.571092
U000784,Anna Lang,tdavis@example.net,2023-03-13,user_export_2026.csv,2026-08-09T16:21:13.571303
U000785,Pamela Ruiz,douglashuang@example.com,2023-05-20,user_export_2026.csv,2026-08-09T16:21:13.571551
U000786,Jenna Lyons,kristina57@example.com,2022-02-11,user_export_2026.csv,2026-08-09T16:21:13.571734
U000787,John Bell,ssingleton@example.com,2020-08-11,user_export_2026.csv,2026-08-09T16:21:13.571933
U000788,Bethany Garcia,nguyendebra@example.com,2022-09-07,user_export_2026.csv,2026-08-09T16:21:13.572230
U000789,Jennifer Gutierrez,amydickson@example.com,2025-08-08,user_export_2026.csv,2026-08-09T16:21:13.572480
U000790,Daniel Benson,bmueller@example.net,2020-02-19,user_export_2026.csv,2026-08-09T16:21:13.572680
U000791,Kimberly Young,stevensonjennifer@example.com,2021-06-24,user_export_2026.csv,2026-08-09T16:21:13.572927
U000792,Kyle Nguyen,shortgregory@example.com,2024-09-19,user_export_2026.csv,2026-08-09T16:21:13.573221
U000793,Brian Cervantes,pmurphy@example.net,2025-04-13,user_export_2026.csv,2026-08-09T16:21:13.573425
U000794,Daniel Taylor,shermandonna@example.com,2020-03-09,user_export_2026.csv,2026-08-09T16:21:13.573722
U000795,Jean Lane,invalid-email,2022-06-02,user_export_2026.csv,2026-08-09T16:21:13.573846
U000407,  Michael Stewart  ,samantha65@example.org,08/14/2025,user_export_2026.csv,2026-08-09T16:21:13.574063
U000797,Lisa Dixon,melissabrown@example.net,2026-01-11,user_export_2026.csv,2026-08-09T16:21:13.574336
U000798,April Castro,daniel40@example.org,2023-06-23,user_export_2026.csv,2026-08-09T16:21:13.574520
U000799,Kevin Garrett,bsullivan@example.net,08/31/2023,user_export_2026.csv,2026-08-09T16:21:13.574727
U000800,Christopher Taylor,xbridges@example.com,2020-09-27,user_export_2026.csv,2026-08-09T16:21:13.574927
U000801,Zachary Santiago,alexanderwong@example.org,2022-09-04,user_export_2026.csv,2026-08-09T16:21:13.575217
U000444,,christophermay@example.com,13/08/2020,user_export_2026.csv,2026-08-09T16:21:13.575472
U000803,Stephanie Dominguez,dhanson@example.net,2020-02-21,user_export_2026.csv,2026-08-09T16:21:13.575673
U000804,Robert Cruz,jacobjacobs@example.net,2021-11-02,user_export_2026.csv,2026-08-09T16:21:13.575916
U000805,Dr. Michael Adams DVM,arthur09@example.com,2025-10-19,user_export_2026.csv,2026-08-09T16:21:13.576158
U000806,Ashley Olson,thomasjessica@example.com,2021-11-14,user_export_2026.csv,2026-08-09T16:21:13.576412
U000807,Blake Wu,sanchezcrystal@example.net,2023-01-05,user_export_2026.csv,2026-08-09T16:21:13.576657
U000808,Angela Schultz,chloe58@example.org,2020-04-30,user_export_2026.csv,2026-08-09T16:21:13.576838
U000809,Jose Harrison,robert44@example.org,2025-11-15,user_export_2026.csv,2026-08-09T16:21:13.577017
U000810,  Thomas Curry  ,bryan79@example.org,2025/02/07,user_export_2026.csv,2026-08-09T16:21:13.577247
U000811,Mary Carter,mitchellchristopher@example.net,2024-02-15,user_export_2026.csv,2026-08-09T16:21:13.577539
U000812,Richard King,joshua40@example.net,2026-06-08,user_export_2026.csv,2026-08-09T16:21:13.577732
U000813,Christopher Vargas,donnawood@example.org,2025-09-15,user_export_2026.csv,2026-08-09T16:21:13.577976
U000814,,invalid-email,01/30/2024,user_export_2026.csv,2026-08-09T16:21:13.578139
U000815,Shannon Cooper,coffeycaitlin@example.org,2020-05-24,user_export_2026.csv,2026-08-09T16:21:13.578396
U000816,Nicole Gutierrez,cyoung@example.net,2024-09-13,user_export_2026.csv,2026-08-09T16:21:13.578597
U000817,Christine Navarro,brian41@example.org,2023-08-03,user_export_2026.csv,2026-08-09T16:21:13.578778
U000818,James Turner,noahthornton@example.com,2024-03-07,user_export_2026.csv,2026-08-09T16:21:13.579053
U000819,,sara76@example.net,2025-10-13,user_export_2026.csv,2026-08-09T16:21:13.579259
U000820,,hardindana@example.com,2023-09-02,user_export_2026.csv,2026-08-09T16:21:13.579507
U000821,  Marissa Nelson  ,joseph14@example.net,09/20/2022,user_export_2026.csv,2026-08-09T16:21:13.579691
U000822,Julia Leonard,jessicachapman@example.org,2022-03-11,user_export_2026.csv,2026-08-09T16:21:13.579937
U000823,Megan Kaiser,amy01@example.org,2022-10-01,user_export_2026.csv,2026-08-09T16:21:13.580166
U000824,Joseph Jennings,jeffrey44@example.org,2020-04-07,user_export_2026.csv,2026-08-09T16:21:13.580351
U000825,Manuel Brown,stephanielittle@example.net,2020-02-09,user_export_2026.csv,2026-08-09T16:21:13.580595
U000826,Angelica Jacobs,invalid-email,2024-03-21,user_export_2026.csv,2026-08-09T16:21:13.580715
U000827,Phillip Wong,pauladominguez@example.com,2021-03-01,user_export_2026.csv,2026-08-09T16:21:13.580967
U000828,Matthew Jones,rlivingston@example.com,2024-09-15,user_export_2026.csv,2026-08-09T16:21:13.581232
U000829,Mary Carrillo,fernando14@example.org,2021-08-06,user_export_2026.csv,2026-08-09T16:21:13.581435
U000830,Gary Brown,gregory17@example.org,2022-08-06,user_export_2026.csv,2026-08-09T16:21:13.581678
U000831,Cassandra Vasquez,amberreynolds@example.net,2024-03-05,user_export_2026.csv,2026-08-09T16:21:13.581931
U000832,Susan Baldwin,johnsonchad@example.net,2026-07-06,user_export_2026.csv,2026-08-09T16:21:13.582234
U000403,    ,denisesmith@example.org,16-11-2024,user_export_2026.csv,2026-08-09T16:21:13.582596
U000834,Deborah Graves,gandrews@example.net,2024-05-28,user_export_2026.csv,2026-08-09T16:21:13.582865
U000835,Katherine Graham,fernandezaaron@example.net,2023-07-26,user_export_2026.csv,2026-08-09T16:21:13.583184
U000836,Karen Bradley,mathew46@example.org,2022-04-10,user_export_2026.csv,2026-08-09T16:21:13.583379
U000837,Tina Davis,christopher74@example.net,2021-03-22,user_export_2026.csv,2026-08-09T16:21:13.583565
U000838,Julian Ponce,kentprice@example.org,2025-03-23,user_export_2026.csv,2026-08-09T16:21:13.583811
U000839,Heather Miller,imoss@example.org,2024-01-07,user_export_2026.csv,2026-08-09T16:21:13.584012
U000840,Nathan Watkins,yprice@example.net,2023-06-16,user_export_2026.csv,2026-08-09T16:21:13.584262
U000841,Kathryn Hanna,blevy@example.org,2021-01-05,user_export_2026.csv,2026-08-09T16:21:13.584466
U000842,George Le,zwilson@example.net,2020-06-14,user_export_2026.csv,2026-08-09T16:21:13.584664
U000843,Judy Gregory,joycehall@example.org,2021-08-30,user_export_2026.csv,2026-08-09T16:21:13.584917
U000844,Charles Valdez,nmeadows@example.org,09/05/2023,user_export_2026.csv,2026-08-09T16:21:13.585166
U000845,Matthew Smith,conwaylori@example.org,2025-01-26,user_export_2026.csv,2026-08-09T16:21:13.585415
U000846,Christopher Garza,wilsonbrooke@example.net,2021-01-22,user_export_2026.csv,2026-08-09T16:21:13.585742
U000847,Robert Simmons,rnguyen@example.net,2021-07-26,user_export_2026.csv,2026-08-09T16:21:13.585949
U000848,Erica Oconnell,kathrynwatkins@example.com,2022-06-29,user_export_2026.csv,2026-08-09T16:21:13.586251
U000849,Donald Todd,heathertran@example.com,2024-03-04,user_export_2026.csv,2026-08-09T16:21:13.586500
U000850,Kevin Anderson,bstrickland@example.com,2020-12-10,user_export_2026.csv,2026-08-09T16:21:13.586701
U000851,Adam Howe,robert72@example.org,2020-11-03,user_export_2026.csv,2026-08-09T16:21:13.586881
U000661,  Devin Cole  ,sharonbishop@example.org,2023-09-20,user_export_2026.csv,2026-08-09T16:21:13.587212
U000853,Michelle Salazar,burtonkimberly@example.com,2026-06-08,user_export_2026.csv,2026-08-09T16:21:13.587473
U000854,Justin Lee,montgomerymichelle@example.net,2025-07-25,user_export_2026.csv,2026-08-09T16:21:13.587720
U000855,    ,joshualee@example.org,05/02/2022,user_export_2026.csv,2026-08-09T16:21:13.587995
U000856,Tracy Wells,invalid-email,2022-10-03,user_export_2026.csv,2026-08-09T16:21:13.588164
U000857,Michael Williams,justin64@example.com,2026-03-05,user_export_2026.csv,2026-08-09T16:21:13.588354
U000858,Stefanie Chavez,yangsara@example.org,2024-04-17,user_export_2026.csv,2026-08-09T16:21:13.588637
U000859,Allen Robertson,jacobsonjennifer@example.net,2025-11-23,user_export_2026.csv,2026-08-09T16:21:13.588885
U000860,Jennifer Burgess,jerry15@example.org,2026-02-04,user_export_2026.csv,2026-08-09T16:21:13.589116
U000861,Oscar Kane,evance@example.com,2024-01-10,user_export_2026.csv,2026-08-09T16:21:13.589331
U000862,Amy Graham,sarahgibson@example.com,2023-11-10,user_export_2026.csv,2026-08-09T16:21:13.589733
U000863,Jimmy Lee,theresa35@example.org,2024-05-09,user_export_2026.csv,2026-08-09T16:21:13.589969
U000864,Keith Ramirez,invalid-email,2022-06-16,user_export_2026.csv,2026-08-09T16:21:13.590142
U000865,    ,jeffrey49@example.org,2025/04/16,user_export_2026.csv,2026-08-09T16:21:13.590338
U000866,Margaret Carr,belindatran@example.org,2021-10-15,user_export_2026.csv,2026-08-09T16:21:13.590588
U000867,,brittanyhood@example.com,17-08-2020,user_export_2026.csv,2026-08-09T16:21:13.590835
U000868,Jeffrey Salas,markriley@example.net,2021-12-12,user_export_2026.csv,2026-08-09T16:21:13.591129
U000869,Susan Villanueva,cbaird@example.com,2024-01-09,user_export_2026.csv,2026-08-09T16:21:13.591341
U000870,Kathy Simmons,invalid-email,2023-12-11,user_export_2026.csv,2026-08-09T16:21:13.591459
U000871,Robert Horton,chavezjohn@example.net,2026-04-25,user_export_2026.csv,2026-08-09T16:21:13.591702
U000872,Melissa Russell,davidphillips@example.net,2025-07-09,user_export_2026.csv,2026-08-09T16:21:13.591947
U000873,Mrs. Maureen Martin DDS,braysteven@example.org,2020-06-04,user_export_2026.csv,2026-08-09T16:21:13.592255
U000874,,courtney01@example.com,03/01/2020,user_export_2026.csv,2026-08-09T16:21:13.592443
U000875,Faith Johnson,smullins@example.net,2021-12-27,user_export_2026.csv,2026-08-09T16:21:13.592647
U000876,Rebecca French,olivermatthew@example.org,2023-08-18,user_export_2026.csv,2026-08-09T16:21:13.592893
U000721,Susan Cox,rodriguezmichael@example.net,25/11/2025,user_export_2026.csv,2026-08-09T16:21:13.593189
U000878,Jacob Wong,castrokim@example.org,2024-06-08,user_export_2026.csv,2026-08-09T16:21:13.593440
U000879,Mrs. Ashley Mendoza,karenhodges@example.com,2023-08-14,user_export_2026.csv,2026-08-09T16:21:13.593750
U000880,Derek Frazier,brian55@example.com,2024-11-24,user_export_2026.csv,2026-08-09T16:21:13.593934
U000881,Mr. Bryan Mckinney,shannon51@example.org,2023-07-23,user_export_2026.csv,2026-08-09T16:21:13.594170
U000882,Judith Miller,keithfrye@example.org,2024-01-01,user_export_2026.csv,2026-08-09T16:21:13.594423
U000883,Brian Hernandez,nancymeyer@example.net,2021-12-19,user_export_2026.csv,2026-08-09T16:21:13.594729
U000884,Jason Fleming,thomasfisher@example.net,2023-04-21,user_export_2026.csv,2026-08-09T16:21:13.595021
U000885,Dorothy Brown,marystone@example.com,2026-06-04,user_export_2026.csv,2026-08-09T16:21:13.595322
U000886,Grant Lucas,todd88@example.com,2026-05-13,user_export_2026.csv,2026-08-09T16:21:13.595507
U000887,  Keith Villanueva  ,george43@example.com,2022/06/23,user_export_2026.csv,2026-08-09T16:21:13.595689
U000888,Dwayne Bruce,michaelbryant@example.org,2020-11-14,user_export_2026.csv,2026-08-09T16:21:13.595932
U000889,Caitlyn Nichols,teresafranco@example.net,2021-11-18,user_export_2026.csv,2026-08-09T16:21:13.596231
U000890,Rebecca Martin,williamsleslie@example.org,2023-10-07,user_export_2026.csv,2026-08-09T16:21:13.596482
U000891,Jacob Harris,wadetiffany@example.org,2022-10-19,user_export_2026.csv,2026-08-09T16:21:13.596726
U000892,Joshua Martin,david06@example.com,2021-03-18,user_export_2026.csv,2026-08-09T16:21:13.596906
U000893,Theresa Reilly,invalid-email,2024-11-29,user_export_2026.csv,2026-08-09T16:21:13.597052
U000894,Wayne Payne,deborah47@example.com,2024-08-22,user_export_2026.csv,2026-08-09T16:21:13.597257
U000895,Nicole Mcknight,laurenchandler@example.com,2026-02-14,user_export_2026.csv,2026-08-09T16:21:13.597552
U000896,Brian Mendoza,taylorandrea@example.com,2026-06-25,user_export_2026.csv,2026-08-09T16:21:13.597808
U000897,Luke Robinson,christopher09@example.net,2021-10-28,user_export_2026.csv,2026-08-09T16:21:13.597990
U000898,Joseph Harrington,james18@example.com,2020-05-16,user_export_2026.csv,2026-08-09T16:21:13.598223
U000899,Tina Daugherty,ulee@example.net,2021-03-04,user_export_2026.csv,2026-08-09T16:21:13.598428
U000900,  Terri Kerr  ,raymond65@example.com,2026-02-18,user_export_2026.csv,2026-08-09T16:21:13.598613
U000901,Dustin Bell,fsawyer@example.org,2020-05-06,user_export_2026.csv,2026-08-09T16:21:13.598814
U000902,Jill Riddle,zroberts@example.net,2024-11-13,user_export_2026.csv,2026-08-09T16:21:13.599015
U000903,Jessica Mosley,maryharper@example.org,2022-04-21,user_export_2026.csv,2026-08-09T16:21:13.599321
U000904,John Dillon,carl96@example.org,2026-03-19,user_export_2026.csv,2026-08-09T16:21:13.599507
U000905,Mark Nelson,angelapage@example.org,2022-12-22,user_export_2026.csv,2026-08-09T16:21:13.599751
U000906,Ronnie Roberts,twilliams@example.net,2021-01-27,user_export_2026.csv,2026-08-09T16:21:13.599951
U000907,  Justin Ford  ,moodyeric@example.com,2024-01-17,user_export_2026.csv,2026-08-09T16:21:13.600244
U000908,Sandra Kennedy,robert73@example.org,2025-05-21,user_export_2026.csv,2026-08-09T16:21:13.600431
U000909,Donald Gamble,invalid-email,2021-11-30,user_export_2026.csv,2026-08-09T16:21:13.600548
U000910,Patrick Perkins,ooneill@example.net,2025-04-23,user_export_2026.csv,2026-08-09T16:21:13.600746
U000911,Michael Wilson,brucefrancisco@example.org,2024-06-16,user_export_2026.csv,2026-08-09T16:21:13.600989
U000912,Joel Steele,frank45@example.com,2022-12-21,user_export_2026.csv,2026-08-09T16:21:13.601219
U000913,    ,alyssa18@example.org,22-02-2024,user_export_2026.csv,2026-08-09T16:21:13.601408
U000914,Catherine Davis,amybrennan@example.net,2022-07-15,user_export_2026.csv,2026-08-09T16:21:13.601711
U000915,Denise Wolfe,cody95@example.org,2021-09-11,user_export_2026.csv,2026-08-09T16:21:13.601897
U000916,Joseph Watson,kjenkins@example.org,2020-12-17,user_export_2026.csv,2026-08-09T16:21:13.602150
U000917,Jonathan Decker,butlersabrina@example.org,2024-08-22,user_export_2026.csv,2026-08-09T16:21:13.602403
U000918,Tammy Mendoza,hannah27@example.net,2026-03-17,user_export_2026.csv,2026-08-09T16:21:13.602587
U000919,Tracy Jackson,anthony13@example.org,2025/04/28,user_export_2026.csv,2026-08-09T16:21:13.602770
U000920,Brenda Perez,jasonzavala@example.com,2020-05-22,user_export_2026.csv,2026-08-09T16:21:13.603013
U000921,Rachel Jones,ctodd@example.org,2026-05-29,user_export_2026.csv,2026-08-09T16:21:13.603293
U000922,Ricky Palmer,harrisonrebekah@example.org,2021-05-07,user_export_2026.csv,2026-08-09T16:21:13.603547
U000923,Michael Webster,morajamie@example.org,2021-11-15,user_export_2026.csv,2026-08-09T16:21:13.603793
U000924,Gregory Davis,stacy55@example.org,2021-05-31,user_export_2026.csv,2026-08-09T16:21:13.603973
U000699,  Phyllis Austin  ,garciabelinda@example.org,2021/08/28,user_export_2026.csv,2026-08-09T16:21:13.604274
U000926,Michelle Brandt,rachelmedina@example.net,2020-10-01,user_export_2026.csv,2026-08-09T16:21:13.604532
U000927,Daniel Gordon,lrichardson@example.org,10/29/2025,user_export_2026.csv,2026-08-09T16:21:13.604739
U000928,  Tyler White  ,tina63@example.net,04/05/2021,user_export_2026.csv,2026-08-09T16:21:13.604918
U000929,Brian Rollins,owensapril@example.com,2021-02-14,user_export_2026.csv,2026-08-09T16:21:13.605213
U000930,Michele Hawkins,millertristan@example.com,2021-02-17,user_export_2026.csv,2026-08-09T16:21:13.605464
U000931,Kyle Collins,aperez@example.com,2023-11-09,user_export_2026.csv,2026-08-09T16:21:13.605718
U000932,Mrs. Shannon Jacobson,xcrosby@example.org,2025-06-11,user_export_2026.csv,2026-08-09T16:21:13.605927
U000933,Michael Powers,qkim@example.net,2021-12-06,user_export_2026.csv,2026-08-09T16:21:13.606175
U000934,Charles Morales,figueroapatricia@example.org,2024-07-03,user_export_2026.csv,2026-08-09T16:21:13.606425
U000935,William Morgan,bmartinez@example.net,30/04/2025,user_export_2026.csv,2026-08-09T16:21:13.606625
U000936,Dr. Ralph Wheeler DDS,qkelly@example.net,2025-07-06,user_export_2026.csv,2026-08-09T16:21:13.607021
U000937,Victoria Dixon,katrinarodriguez@example.com,2024-12-19,user_export_2026.csv,2026-08-09T16:21:13.607326
U000938,David Dunlap Jr.,greertyrone@example.org,2024-09-03,user_export_2026.csv,2026-08-09T16:21:13.607581
U000939,Janet Shelton,kevinhanson@example.org,2024-12-14,user_export_2026.csv,2026-08-09T16:21:13.607825
U000940,Kelly Vasquez,qharris@example.com,2025-06-07,user_export_2026.csv,2026-08-09T16:21:13.608056
U000941,Dennis Cooper PhD,cisnerosanthony@example.com,2020-08-18,user_export_2026.csv,2026-08-09T16:21:13.608330
U000942,Barbara Cole,cramos@example.org,2023-06-28,user_export_2026.csv,2026-08-09T16:21:13.608533
U000943,Matthew Chan,travistaylor@example.net,2025-11-17,user_export_2026.csv,2026-08-09T16:21:13.608775
U000944,Phillip Carroll,invalid-email,2022-02-28,user_export_2026.csv,2026-08-09T16:21:13.608891
U000945,Juan Ryan MD,williammyers@example.com,2020-08-24,user_export_2026.csv,2026-08-09T16:21:13.609186
U000946,Jamie Rhodes,luke09@example.org,2024-01-16,user_export_2026.csv,2026-08-09T16:21:13.609375
U000947,Jacob Pacheco,hubbardcolleen@example.com,2025-03-16,user_export_2026.csv,2026-08-09T16:21:13.609673
U000948,Gregory Howard,brian33@example.org,2021-05-22,user_export_2026.csv,2026-08-09T16:21:13.609859
U000949,Leslie Lozano,meltondanny@example.org,2025-06-25,user_export_2026.csv,2026-08-09T16:21:13.610150
U000950,Gabriel Murray,abradley@example.com,2025-04-27,user_export_2026.csv,2026-08-09T16:21:13.610373
U000951,John Johnson,nicholas65@example.net,2021-10-31,user_export_2026.csv,2026-08-09T16:21:13.610560
U000952,John Vazquez,matthewshaw@example.net,2021-01-05,user_export_2026.csv,2026-08-09T16:21:13.610804
U000953,Lucas Cox,oharris@example.org,2021-10-29,user_export_2026.csv,2026-08-09T16:21:13.611002
U000954,Kimberly Mitchell,evansashley@example.org,2022-05-27,user_export_2026.csv,2026-08-09T16:21:13.611301
U000955,Tina Robbins,vargasjoshua@example.net,2022-04-26,user_export_2026.csv,2026-08-09T16:21:13.611549
U000956,Karen Clark,pearsonkevin@example.com,2020-03-23,user_export_2026.csv,2026-08-09T16:21:13.611795
U000957,Joshua Gonzalez,gking@example.com,2020-02-06,user_export_2026.csv,2026-08-09T16:21:13.611992
U000958,Kimberly Ibarra,barbaralewis@example.net,2021-12-10,user_export_2026.csv,2026-08-09T16:21:13.612285
U000959,Debra Little,invalid-email,2022-10-30,user_export_2026.csv,2026-08-09T16:21:13.612406
U000960,Sarah Meadows,boydmichael@example.org,2023-02-01,user_export_2026.csv,2026-08-09T16:21:13.612657
U000961,Paul Cannon,ejenkins@example.net,2023-11-29,user_export_2026.csv,2026-08-09T16:21:13.612856
U000962,Jason Colon,jonathanburke@example.com,2023-05-22,user_export_2026.csv,2026-08-09T16:21:13.613141
U000963,Chris Johnson,steven86@example.com,2024-06-14,user_export_2026.csv,2026-08-09T16:21:13.613329
U000964,Amanda Moore,invalid-email,2024-03-12,user_export_2026.csv,2026-08-09T16:21:13.613449
U000965,David Lara,dawnwilliams@example.net,2023-03-03,user_export_2026.csv,2026-08-09T16:21:13.613748
U000966,Mr. Scott Miller,michelle65@example.net,2020-09-18,user_export_2026.csv,2026-08-09T16:21:13.613936
U000967,Ann Hahn,joelduncan@example.net,2023-08-24,user_export_2026.csv,2026-08-09T16:21:13.614234
U000968,Kelly Calderon,tyler13@example.net,2023-05-08,user_export_2026.csv,2026-08-09T16:21:13.614420
U000969,Robert Murphy,vshaffer@example.org,2022-09-11,user_export_2026.csv,2026-08-09T16:21:13.614620
U000970,Claudia Rodriguez,taragonzales@example.com,2024-07-13,user_export_2026.csv,2026-08-09T16:21:13.614872
U000971,Amy Ferguson,stewartrodney@example.net,2020-04-14,user_export_2026.csv,2026-08-09T16:21:13.615161
U000972,Donald Mueller,michaelbaldwin@example.com,2022-11-28,user_export_2026.csv,2026-08-09T16:21:13.615412
U000973,Walter Obrien,vazquezkristina@example.org,2020-05-24,user_export_2026.csv,2026-08-09T16:21:13.615654
U000974,James Fowler,rebecca18@example.org,2022-02-16,user_export_2026.csv,2026-08-09T16:21:13.615834
U000975,Jasmine Browning,qpennington@example.com,2025-12-29,user_export_2026.csv,2026-08-09T16:21:13.616070
U000976,Rodney Young,michelemartin@example.com,2024-01-08,user_export_2026.csv,2026-08-09T16:21:13.616326
U000977,Sherry Wang,rmccormick@example.org,2026-04-05,user_export_2026.csv,2026-08-09T16:21:13.616529
U000978,Teresa Ruiz,vhouse@example.net,2021-06-08,user_export_2026.csv,2026-08-09T16:21:13.616728
U000979,Thomas Garcia,hollyhunter@example.com,2026-04-08,user_export_2026.csv,2026-08-09T16:21:13.616970
U000980,Nicholas Kelley,shawn00@example.net,2023-10-06,user_export_2026.csv,2026-08-09T16:21:13.617202
U000981,Lorraine Gibbs,aarongonzalez@example.com,2022-07-03,user_export_2026.csv,2026-08-09T16:21:13.617451
U000982,Bradley Moore,melaniejennings@example.com,2023-09-19,user_export_2026.csv,2026-08-09T16:21:13.617796
U000983,Shane Anderson,graceserrano@example.com,2025-03-14,user_export_2026.csv,2026-08-09T16:21:13.618081
U000984,Jason White,kduffy@example.org,2026-07-18,user_export_2026.csv,2026-08-09T16:21:13.618292
U000985,Alexander Hansen,rebeccamccann@example.org,2025-04-18,user_export_2026.csv,2026-08-09T16:21:13.618535
U000986,Samuel Williams,jburke@example.org,2024-04-12,user_export_2026.csv,2026-08-09T16:21:13.618732
U000987,Carolyn Bradley,higginsryan@example.com,2021-09-09,user_export_2026.csv,2026-08-09T16:21:13.618976
U000988,Kathleen Walker,jamesatkins@example.com,2024-08-03,user_export_2026.csv,2026-08-09T16:21:13.619270
U000989,Johnny Anderson,carolcarney@example.com,2025-02-17,user_export_2026.csv,2026-08-09T16:21:13.619516
U000990,Chelsey White,anthonycherry@example.org,2022-01-08,user_export_2026.csv,2026-08-09T16:21:13.619761
U000991,Susan Wood,emiller@example.org,2021-12-25,user_export_2026.csv,2026-08-09T16:21:13.619961
U000992,Valerie Sanders,jennifererickson@example.net,2025-01-25,user_export_2026.csv,2026-08-09T16:21:13.620253
U000993,Angel Hawkins,cookjimmy@example.com,2021-11-21,user_export_2026.csv,2026-08-09T16:21:13.620502
U000994,Teresa Coffey DDS,smithwilliam@example.com,2020-12-26,user_export_2026.csv,2026-08-09T16:21:13.620774
U000995,James Wood,carpenterjorge@example.net,2024-10-24,user_export_2026.csv,2026-08-09T16:21:13.621055
U000996,Gerald Mcdonald Jr.,hthomas@example.com,2024-04-19,user_export_2026.csv,2026-08-09T16:21:13.621286
U000997,  Carl Savage  ,julie64@example.com,2023/08/12,user_export_2026.csv,2026-08-09T16:21:13.621469
U000998,Pam Baker,ryan25@example.net,2022-10-16,user_export_2026.csv,2026-08-09T16:21:13.621708
U000999,Pamela Hernandez DVM,jbrown@example.org,2023-07-02,user_export_2026.csv,2026-08-09T16:21:13.621919
U001000,Andrew Green,fgraham@example.org,2026-08-08,user_export_2026.csv,2026-08-09T16:21:13.622165
U001001,William Hoffman,uvasquez@example.org,2020-07-06,user_export_2026.csv,2026-08-09T16:21:13.622368
U001002,Brandon Oneill,marybrady@example.com,2025-11-01,user_export_2026.csv,2026-08-09T16:21:13.622611
U001003,Mary Lewis,foxashley@example.com,2021-07-02,user_export_2026.csv,2026-08-09T16:21:13.622857
U001004,Danielle Jimenez,clayanthony@example.net,2024-01-11,user_export_2026.csv,2026-08-09T16:21:13.623158
U001005,Mrs. Jacqueline Hickman,hooderic@example.org,2024-07-10,user_export_2026.csv,2026-08-09T16:21:13.623415
U001006,Michael Castillo,brooke05@example.org,2020/03/30,user_export_2026.csv,2026-08-09T16:21:13.623598
U001007,Tiffany Nguyen,jasonwilliams@example.net,2020-06-02,user_export_2026.csv,2026-08-09T16:21:13.623844
U001008,Robert Manning,qdavis@example.org,2025-12-30,user_export_2026.csv,2026-08-09T16:21:13.624085
U001009,Randy Ross,phelpsfrank@example.com,2020-07-15,user_export_2026.csv,2026-08-09T16:21:13.624339
U001010,Paul Valdez,evanslaurie@example.net,2020-03-21,user_export_2026.csv,2026-08-09T16:21:13.624584
U000454,  Emily Cohen  ,michaeldavis@example.com,27-04-2025,user_export_2026.csv,2026-08-09T16:21:13.624838
U001012,Katherine Mcclure,invalid-email,2024-09-19,user_export_2026.csv,2026-08-09T16:21:13.624957
U001013,Justin Henderson,nshepherd@example.org,2023-01-10,user_export_2026.csv,2026-08-09T16:21:13.625251
U001014,Jeffery Williams,teresa32@example.com,2024-09-11,user_export_2026.csv,2026-08-09T16:21:13.625439
U001015,Maria Miller,zkim@example.com,2021-04-27,user_export_2026.csv,2026-08-09T16:21:13.625694
U001016,William Sutton,mckenzie86@example.com,2025-07-31,user_export_2026.csv,2026-08-09T16:21:13.625879
U001017,Kristen Lowery,dixonrobert@example.com,2022-12-13,user_export_2026.csv,2026-08-09T16:21:13.626174
U001018,Laura King,brenda80@example.org,2024-01-06,user_export_2026.csv,2026-08-09T16:21:13.626362
U001019,Julie Hartman,awilliams@example.net,2020-06-10,user_export_2026.csv,2026-08-09T16:21:13.626565
U001020,Kevin Gibson,qhanson@example.com,2025-05-22,user_export_2026.csv,2026-08-09T16:21:13.626764
U001021,Shelby Lopez,invalid-email,2020-12-30,user_export_2026.csv,2026-08-09T16:21:13.626883
U001022,Paul Munoz,hamiltonandrew@example.com,2025-07-16,user_export_2026.csv,2026-08-09T16:21:13.627172
U001023,Christopher Woods,vmelton@example.net,2025-09-26,user_export_2026.csv,2026-08-09T16:21:13.627377
U001024,  Elizabeth Li  ,hannah64@example.org,13/02/2025,user_export_2026.csv,2026-08-09T16:21:13.627562
U001025,  Adrian Rodriguez  ,hortonjacob@example.org,15/01/2024,user_export_2026.csv,2026-08-09T16:21:13.627809
U001026,  Matthew Santos  ,invalid-email,20-07-2021,user_export_2026.csv,2026-08-09T16:21:13.627928
U001027,Mark Tyler,christophercarrillo@example.org,2023-01-03,user_export_2026.csv,2026-08-09T16:21:13.628224
U001028,Alex Martin,joannewallace@example.com,2023-11-04,user_export_2026.csv,2026-08-09T16:21:13.628471
U001029,Scott Richards,kennethgallegos@example.com,2025-02-12,user_export_2026.csv,2026-08-09T16:21:13.628715
U001030,Adam Mccoy,fpetty@example.net,2025-05-12,user_export_2026.csv,2026-08-09T16:21:13.628911
U001031,Monique Duarte,freemantodd@example.net,2021-11-14,user_export_2026.csv,2026-08-09T16:21:13.629204
U001032,    ,dhall@example.net,2021-10-14,user_export_2026.csv,2026-08-09T16:21:13.629412
U001033,Kenneth Tran,patricia67@example.org,2024-11-29,user_export_2026.csv,2026-08-09T16:21:13.629647
U001034,Todd Reed DDS,martinjessica@example.com,2024-01-08,user_export_2026.csv,2026-08-09T16:21:13.629902
U001035,David Robinson,sandra72@example.com,2021-06-19,user_export_2026.csv,2026-08-09T16:21:13.630135
U001036,Jeanette Butler,laura29@example.org,2024-08-11,user_export_2026.csv,2026-08-09T16:21:13.630326
U001037,Paul Estrada,glenmoore@example.com,2023-07-11,user_export_2026.csv,2026-08-09T16:21:13.630571
U001038,Jason Chaney,jimmy80@example.org,03-05-2026,user_export_2026.csv,2026-08-09T16:21:13.630749
U001039,Dean Rhodes,mariakline@example.org,2025-11-12,user_export_2026.csv,2026-08-09T16:21:13.630992
U001040,Gail Wilson,davidwalker@example.com,2024-11-07,user_export_2026.csv,2026-08-09T16:21:13.631289
U001041,Rachel Hammond PhD,paula89@example.net,2023-11-17,user_export_2026.csv,2026-08-09T16:21:13.631479
U001042,Anthony Shah,westes@example.org,2021-08-31,user_export_2026.csv,2026-08-09T16:21:13.631678
U001043,Rachael Lynch,colonbobby@example.org,2020-08-11,user_export_2026.csv,2026-08-09T16:21:13.631925
U001044,  Bruce Harris  ,eric47@example.net,23-07-2025,user_export_2026.csv,2026-08-09T16:21:13.632153
U001045,Dr. Christian Cox PhD,allisonscott@example.com,2023-02-13,user_export_2026.csv,2026-08-09T16:21:13.632413
U001046,  Adriana Davenport  ,gpeterson@example.org,2022-08-20,user_export_2026.csv,2026-08-09T16:21:13.632616
U001047,Jaime Fischer,crystal32@example.net,2025-08-03,user_export_2026.csv,2026-08-09T16:21:13.632795
U001048,Darren Pham,dhardin@example.net,2025-07-30,user_export_2026.csv,2026-08-09T16:21:13.632993
U001049,Heidi Johnson,invalid-email,2024-07-10,user_export_2026.csv,2026-08-09T16:21:13.633156
U001050,Adam Drake,millerleroy@example.org,2020-01-01,user_export_2026.csv,2026-08-09T16:21:13.633413
U001051,James Johnson,rachelbrown@example.net,2023-06-01,user_export_2026.csv,2026-08-09T16:21:13.633732
U001052,Rebecca Liu,robert84@example.net,2025-02-11,user_export_2026.csv,2026-08-09T16:21:13.633919
U001053,Susan Smith,rachel92@example.net,2020-08-10,user_export_2026.csv,2026-08-09T16:21:13.634146
U001054,Mathew Clay,zterry@example.net,2023-09-21,user_export_2026.csv,2026-08-09T16:21:13.634351
U001055,Craig Turner,medinapeter@example.net,2025-04-21,user_export_2026.csv,2026-08-09T16:21:13.634593
U001056,Beth Braun,jason88@example.com,2025-01-27,user_export_2026.csv,2026-08-09T16:21:13.634780
U001057,,zamoraamber@example.com,2023/04/10,user_export_2026.csv,2026-08-09T16:21:13.635065
U001058,Raymond Barber,invalid-email,2021-11-03,user_export_2026.csv,2026-08-09T16:21:13.635196
U001059,Mrs. Amy Watson,david17@example.com,2024-08-03,user_export_2026.csv,2026-08-09T16:21:13.635387
U001060,    ,lindazhang@example.net,28-05-2024,user_export_2026.csv,2026-08-09T16:21:13.635633
U001061,Teresa Wade,michaelmitchell@example.net,2021-03-17,user_export_2026.csv,2026-08-09T16:21:13.635879
U001062,Brenda Gray,invalid-email,2026-08-08,user_export_2026.csv,2026-08-09T16:21:13.635996
U001063,Ashley Black,mackenzieward@example.org,2025-02-16,user_export_2026.csv,2026-08-09T16:21:13.636294
U001064,Jeffery Jenkins,brownpamela@example.com,2021-07-05,user_export_2026.csv,2026-08-09T16:21:13.636539
U001065,Blake Rhodes,invalid-email,2020-07-17,user_export_2026.csv,2026-08-09T16:21:13.636654
U001066,Justin Maxwell,breanna67@example.net,2026-07-24,user_export_2026.csv,2026-08-09T16:21:13.636832
U001067,Katherine Mcpherson,drewmartinez@example.net,2021-12-26,user_export_2026.csv,2026-08-09T16:21:13.637122
U001068,Walter Palmer,bensonstanley@example.org,2021-06-09,user_export_2026.csv,2026-08-09T16:21:13.637375
U001069,Terry Wood,guzmanricky@example.org,04/24/2024,user_export_2026.csv,2026-08-09T16:21:13.637678
U001070,Dylan Mills,watsonvickie@example.com,2023-01-25,user_export_2026.csv,2026-08-09T16:21:13.637926
U001071,Alfred Thomas,twilliams@example.com,2023-04-19,user_export_2026.csv,2026-08-09T16:21:13.638188
U001072,Robert Burns,kelleycarlos@example.org,2024-08-17,user_export_2026.csv,2026-08-09T16:21:13.638436
U001073,Kenneth Knight,kimberly79@example.org,2025-09-29,user_export_2026.csv,2026-08-09T16:21:13.638617
U001074,Kathy Murray,jcontreras@example.net,2023-07-09,user_export_2026.csv,2026-08-09T16:21:13.638818
U001075,Robert Beck,zhughes@example.com,2022-06-09,user_export_2026.csv,2026-08-09T16:21:13.639015
U001076,Tina Wu,debbie20@example.net,2023-04-05,user_export_2026.csv,2026-08-09T16:21:13.639246
U001077,Patricia Parker,schneiderchristopher@example.net,2021-06-27,user_export_2026.csv,2026-08-09T16:21:13.639498
U001078,Nina Bernard,karenshaw@example.org,2021-12-29,user_export_2026.csv,2026-08-09T16:21:13.639744
U001079,Timothy White,hilljamie@example.net,2023-08-13,user_export_2026.csv,2026-08-09T16:21:13.639986
U001080,Lauren Miller,richard07@example.org,2026-04-22,user_export_2026.csv,2026-08-09T16:21:13.640217
U001081,Christopher Johnson,patrick11@example.org,2024-09-05,user_export_2026.csv,2026-08-09T16:21:13.640402
U001082,Dominique White,moorestephanie@example.net,2025-12-26,user_export_2026.csv,2026-08-09T16:21:13.640745
U001083,Lucas Nguyen,reeveskenneth@example.org,2020-02-22,user_export_2026.csv,2026-08-09T16:21:13.641050
U001084,Jason Nguyen,invalid-email,2021-08-18,user_export_2026.csv,2026-08-09T16:21:13.641191
U000546,  Ronald Martinez  ,johnharper@example.org,19/03/2023,user_export_2026.csv,2026-08-09T16:21:13.641441
U001086,    ,floresangela@example.org,01/09/2024,user_export_2026.csv,2026-08-09T16:21:13.641751
U001087,Mr. David Mercado,angela91@example.org,2022-07-07,user_export_2026.csv,2026-08-09T16:21:13.641950
U001088,Marisa Martinez,ogriffin@example.net,2022-08-31,user_export_2026.csv,2026-08-09T16:21:13.642204
U001089,Walter Brooks,kimberlymedina@example.com,2023-03-24,user_export_2026.csv,2026-08-09T16:21:13.642456
U001090,Kristen Williams,invalid-email,2024-04-11,user_export_2026.csv,2026-08-09T16:21:13.642577
U001091,Tonya Oliver,aaronmahoney@example.com,2023-07-04,user_export_2026.csv,2026-08-09T16:21:13.642861
U001092,David Frazier,megan39@example.net,2022-10-26,user_export_2026.csv,2026-08-09T16:21:13.643104
U001093,Christopher Ferguson,turnerrandall@example.org,2024-12-19,user_export_2026.csv,2026-08-09T16:21:13.643365
U001094,Molly Lutz,gclark@example.com,2024-02-15,user_export_2026.csv,2026-08-09T16:21:13.643568
U001095,Theresa Reid,qnelson@example.com,2022-03-15,user_export_2026.csv,2026-08-09T16:21:13.643769
U001096,Joe Greene,sloandennis@example.org,2023-04-19,user_export_2026.csv,2026-08-09T16:21:13.644010
U001097,April Smith,robertwoodard@example.net,2020-11-01,user_export_2026.csv,2026-08-09T16:21:13.644319
U001098,James Miller PhD,ryanpatricia@example.net,2025-10-05,user_export_2026.csv,2026-08-09T16:21:13.644591
U000571,  Caleb Stanton  ,wcarey@example.com,20/07/2026,user_export_2026.csv,2026-08-09T16:21:13.644800
U001100,Randy Terry,martinezmitchell@example.org,2020-06-12,user_export_2026.csv,2026-08-09T16:21:13.645089
U001101,Daniel Smith,erin53@example.org,2020-07-27,user_export_2026.csv,2026-08-09T16:21:13.645280
U001102,Lori Stokes,jimsnyder@example.com,2023-05-18,user_export_2026.csv,2026-08-09T16:21:13.645580
U001103,Johnathan Padilla,adrianjoyce@example.net,2024-01-06,user_export_2026.csv,2026-08-09T16:21:13.645834
U001104,Sergio Carroll,mjackson@example.net,2025-11-02,user_export_2026.csv,2026-08-09T16:21:13.646157
U001105,Megan Morrison,cameronanderson@example.org,2024-07-10,user_export_2026.csv,2026-08-09T16:21:13.646650
U001106,    ,james08@example.net,17/01/2024,user_export_2026.csv,2026-08-09T16:21:13.647151
U001107,Justin Gibson,pdavidson@example.org,2026-04-18,user_export_2026.csv,2026-08-09T16:21:13.647442
U001108,Erica Richard,rhill@example.net,2020-02-06,user_export_2026.csv,2026-08-09T16:21:13.647649
U001109,,brandonhull@example.net,2022-09-25,user_export_2026.csv,2026-08-09T16:21:13.647897
U001110,Aaron Lee,beardlindsey@example.net,2021-04-09,user_export_2026.csv,2026-08-09T16:21:13.648391
U001111,Michael Rosario,jamesmurphy@example.org,2023-03-04,user_export_2026.csv,2026-08-09T16:21:13.648643
U001112,  Anne Castillo  ,watkinsconnie@example.com,09/14/2025,user_export_2026.csv,2026-08-09T16:21:13.648894
U001113,Danielle Wells,marissa58@example.org,2023-08-05,user_export_2026.csv,2026-08-09T16:21:13.649131
U001114,Patricia Harvey,garrettbeth@example.org,2021-11-16,user_export_2026.csv,2026-08-09T16:21:13.649387
U001115,Sydney Bennett,pattonbryan@example.com,2025-12-24,user_export_2026.csv,2026-08-09T16:21:13.649688
U000436,Leslie Reynolds,byrdanita@example.com,01-03-2021,user_export_2026.csv,2026-08-09T16:21:13.649941
U001117,Jennifer Williamson,mhall@example.net,2024-11-17,user_export_2026.csv,2026-08-09T16:21:13.650194
U001118,Jody Marshall,nhobbs@example.org,2021-09-21,user_export_2026.csv,2026-08-09T16:21:13.650398
U001119,,lholmes@example.org,30/12/2021,user_export_2026.csv,2026-08-09T16:21:13.650600
U001120,Adam Reeves,rebeccamartinez@example.net,2022-11-25,user_export_2026.csv,2026-08-09T16:21:13.650842
U001121,Jason Hardy,ilopez@example.org,2024-07-14,user_export_2026.csv,2026-08-09T16:21:13.651106
U001122,Eric Graham,invalid-email,2021-04-29,user_export_2026.csv,2026-08-09T16:21:13.651243
U001123,Nicole Collins,dylanparker@example.com,2020-09-16,user_export_2026.csv,2026-08-09T16:21:13.651496
U001124,Wesley Holmes,brianhunter@example.net,2020-10-24,user_export_2026.csv,2026-08-09T16:21:13.651740
U001125,Jennifer Gonzalez,danielleharris@example.org,2023-04-02,user_export_2026.csv,2026-08-09T16:21:13.651985
U001126,Michael Neal,vgreene@example.net,2020-12-20,user_export_2026.csv,2026-08-09T16:21:13.652238
U001127,Gabriela Evans,francis70@example.com,2024-04-11,user_export_2026.csv,2026-08-09T16:21:13.652426
U001128,Aaron Walker,stevenlewis@example.com,2025-04-25,user_export_2026.csv,2026-08-09T16:21:13.652671
U001129,Tiffany Rivera,lharris@example.org,2024-05-20,user_export_2026.csv,2026-08-09T16:21:13.652871
U001130,Benjamin Johnson,thomasscott@example.net,2023-04-23,user_export_2026.csv,2026-08-09T16:21:13.653190
U001131,Pamela Williams,gonzalezjustin@example.org,2024-03-08,user_export_2026.csv,2026-08-09T16:21:13.653446
U001132,Michelle Morgan,invalid-email,2026-03-23,user_export_2026.csv,2026-08-09T16:21:13.653639
U001133,Cassandra Smith,invalid-email,2026-06-03,user_export_2026.csv,2026-08-09T16:21:13.653762
U001134,Susan Smith,nicholascobb@example.org,2020-12-14,user_export_2026.csv,2026-08-09T16:21:13.654012
U001135,Daniel Bryant,lisa28@example.net,2023-11-09,user_export_2026.csv,2026-08-09T16:21:13.654377
U001136,Sherry Jones,nicoleanderson@example.org,2025-09-30,user_export_2026.csv,2026-08-09T16:21:13.654652
U001137,James Brooks,prowland@example.org,2022-11-01,user_export_2026.csv,2026-08-09T16:21:13.654876
U001138,Laurie Dickerson,kristine53@example.org,2026-05-12,user_export_2026.csv,2026-08-09T16:21:13.655147
U001139,Diana Martinez,fclark@example.com,2026-02-26,user_export_2026.csv,2026-08-09T16:21:13.655369
U001140,Lisa Jackson,ppotter@example.net,2023-04-05,user_export_2026.csv,2026-08-09T16:21:13.655571
U001141,Joseph White,alicia77@example.com,2022-03-19,user_export_2026.csv,2026-08-09T16:21:13.655753
U001142,James Morse,clarkpatricia@example.com,2023-09-17,user_export_2026.csv,2026-08-09T16:21:13.655998
U001143,Jennifer Torres,xduncan@example.com,2022-08-18,user_export_2026.csv,2026-08-09T16:21:13.656260
U001144,Brandy Miller,ostone@example.net,19/01/2025,user_export_2026.csv,2026-08-09T16:21:13.656465
U001145,Jose Rogers,amcdonald@example.com,2026-05-05,user_export_2026.csv,2026-08-09T16:21:13.656665
U001146,Emily Reyes,scottbaker@example.org,2024-10-20,user_export_2026.csv,2026-08-09T16:21:13.656913
U001147,Bradley Kirby,hartmansara@example.org,2022-06-26,user_export_2026.csv,2026-08-09T16:21:13.657312
U001148,Isaac Payne,james54@example.com,2023-02-07,user_export_2026.csv,2026-08-09T16:21:13.657581
U001149,Patricia Bruce,janicebolton@example.net,2023-09-20,user_export_2026.csv,2026-08-09T16:21:13.657852
U001150,Susan Smith,juan56@example.com,2024-01-09,user_export_2026.csv,2026-08-09T16:21:13.658082
U001151,Norma Smith,michelleperez@example.net,2021-03-21,user_export_2026.csv,2026-08-09T16:21:13.658341
U001152,Kara Black,dsharp@example.com,2023-02-23,user_export_2026.csv,2026-08-09T16:21:13.658543
U001153,Emily Lopez,cclark@example.net,2026-01-15,user_export_2026.csv,2026-08-09T16:21:13.658742
U001154,Charles Russo,sherry07@example.net,2020-11-09,user_export_2026.csv,2026-08-09T16:21:13.658923
U001155,Gina Barnes,sfarmer@example.net,2025-09-08,user_export_2026.csv,2026-08-09T16:21:13.659175
U001156,Kevin Bradley,weekseric@example.com,2026-06-29,user_export_2026.csv,2026-08-09T16:21:13.659424
U001157,Rebecca Mcintyre,nbaird@example.com,2020-05-30,user_export_2026.csv,2026-08-09T16:21:13.659627
U001158,James Wells,ashley74@example.org,2026-01-19,user_export_2026.csv,2026-08-09T16:21:13.659814
U001159,Michael Thompson,mjohnson@example.org,2024-02-07,user_export_2026.csv,2026-08-09T16:21:13.660014
U001160,Jasmin Harris,donna17@example.org,2023-04-06,user_export_2026.csv,2026-08-09T16:21:13.660247
U001161,Adam Murphy,hmyers@example.org,2021-01-05,user_export_2026.csv,2026-08-09T16:21:13.660450
U001162,Karen Jones,davidharris@example.com,2022-09-05,user_export_2026.csv,2026-08-09T16:21:13.660694
U001163,Mary Moore,briana87@example.com,2021-11-10,user_export_2026.csv,2026-08-09T16:21:13.660875
U001164,William Griffin,pjacobs@example.net,2021-10-14,user_export_2026.csv,2026-08-09T16:21:13.661118
U001165,Keith Henry,vjohnston@example.org,2021-08-21,user_export_2026.csv,2026-08-09T16:21:13.661325
U001166,Stanley Bryant,peter26@example.org,2024-01-09,user_export_2026.csv,2026-08-09T16:21:13.661550
U001167,,lbartlett@example.net,2022-08-16,user_export_2026.csv,2026-08-09T16:21:13.661761
U001168,Jennifer Bautista,nicolemoore@example.net,2024-05-08,user_export_2026.csv,2026-08-09T16:21:13.662008
U001169,Mary Jones,reginajenkins@example.net,2020-07-09,user_export_2026.csv,2026-08-09T16:21:13.662309
U001170,,robert24@example.org,25/01/2023,user_export_2026.csv,2026-08-09T16:21:13.662534
U001171,Julia Jones,vjames@example.com,2024-03-30,user_export_2026.csv,2026-08-09T16:21:13.662737
U001172,Jennifer Smith,fletcherderek@example.net,2020-11-14,user_export_2026.csv,2026-08-09T16:21:13.662982
U001173,Kari Jones,jenniferkim@example.com,2022-07-01,user_export_2026.csv,2026-08-09T16:21:13.663293
U001174,Sarah Jackson,lawsongregory@example.org,2023-11-14,user_export_2026.csv,2026-08-09T16:21:13.663543
U001175,Jeanne Jones,byrderic@example.com,2020-01-28,user_export_2026.csv,2026-08-09T16:21:13.663788
U001176,Miguel Stafford,scottwilliams@example.net,2021-11-09,user_export_2026.csv,2026-08-09T16:21:13.664085
U001177,Margaret Moran,myerskyle@example.org,2023-02-24,user_export_2026.csv,2026-08-09T16:21:13.664350
U001178,Amber Bennett,sarahbrooks@example.org,2024-01-23,user_export_2026.csv,2026-08-09T16:21:13.664610
U001179,Alan Johnson,rogersjames@example.net,2022-08-01,user_export_2026.csv,2026-08-09T16:21:13.664862
U001180,Tyler Davis,jenniferwilliams@example.net,2021-04-09,user_export_2026.csv,2026-08-09T16:21:13.665155
U001181,Gabriel Hart,colleenvilla@example.com,2022-05-13,user_export_2026.csv,2026-08-09T16:21:13.665404
U001182,Barbara Lewis,marcus06@example.net,2024-08-10,user_export_2026.csv,2026-08-09T16:21:13.665641
U001174,James Ellis,barrettjoshua@example.net,2025-09-30,user_export_2026.csv,2026-08-09T16:21:13.665894
U001184,Austin Robinson,katrina71@example.net,2022-01-07,user_export_2026.csv,2026-08-09T16:21:13.666123
U001185,Wanda Jefferson,johnathandavis@example.com,2026-04-27,user_export_2026.csv,2026-08-09T16:21:13.666378
U001186,Miss Megan Compton,martinreid@example.net,2023-03-07,user_export_2026.csv,2026-08-09T16:21:13.666632
U001187,Samuel Olson,andres97@example.com,2025-04-14,user_export_2026.csv,2026-08-09T16:21:13.666812
U001188,Natalie Gordon,hallchristina@example.org,2024-08-09,user_export_2026.csv,2026-08-09T16:21:13.667101
U001189,Oscar Todd,brownnicholas@example.com,2022-01-14,user_export_2026.csv,2026-08-09T16:21:13.667355
U001190,James May,sandrageorge@example.com,2021-11-17,user_export_2026.csv,2026-08-09T16:21:13.667598
U001191,Erin Ramirez,meyertiffany@example.net,2025-01-31,user_export_2026.csv,2026-08-09T16:21:13.667842
U001192,Nicole Perez,matthew38@example.org,2024-03-29,user_export_2026.csv,2026-08-09T16:21:13.668052
U001193,Mary Wright,cathyjames@example.com,2022-04-08,user_export_2026.csv,2026-08-09T16:21:13.668330
U001194,Mark Brown,mjones@example.org,2024-09-15,user_export_2026.csv,2026-08-09T16:21:13.668531
U001195,Brenda Harris,thompsonana@example.org,2021-12-27,user_export_2026.csv,2026-08-09T16:21:13.668778
U001196,Blake Hardy,frank33@example.com,2020-06-08,user_export_2026.csv,2026-08-09T16:21:13.668958
U001197,David Mitchell,mfaulkner@example.com,2021-04-26,user_export_2026.csv,2026-08-09T16:21:13.669205
U001198,Karen Tapia,raymond27@example.com,01/05/2020,user_export_2026.csv,2026-08-09T16:21:13.669394
U001199,Leon Hamilton,invalid-email,2025-12-10,user_export_2026.csv,2026-08-09T16:21:13.669555
U001200,Troy Olson,fsimmons@example.com,2025-05-28,user_export_2026.csv,2026-08-09T16:21:13.669765
U001201,Brittany Barber,oscar47@example.com,2026-08-09,user_export_2026.csv,2026-08-09T16:21:13.669947
U001202,Larry Jones,jennifergonzalez@example.org,2026-06-17,user_export_2026.csv,2026-08-09T16:21:13.670243
U000977,Scott Cross,travis66@example.net,09/12/2020,user_export_2026.csv,2026-08-09T16:21:13.670432
U001204,John Davidson,ortizbenjamin@example.org,2020-01-23,user_export_2026.csv,2026-08-09T16:21:13.670677
U001205,Keith Lee,xkrueger@example.net,2026-06-25,user_export_2026.csv,2026-08-09T16:21:13.670875
U001206,Michael Reid,heather66@example.net,2024-03-16,user_export_2026.csv,2026-08-09T16:21:13.671095
U001207,John Dorsey,crystal02@example.com,2023-07-17,user_export_2026.csv,2026-08-09T16:21:13.671285
U001208,Terry Hernandez,carrielynn@example.org,2024-10-11,user_export_2026.csv,2026-08-09T16:21:13.671534
U001209,Ray Newman,lsanders@example.org,2026-01-04,user_export_2026.csv,2026-08-09T16:21:13.671734
U001210,Chelsea Henderson,tking@example.net,2023-02-02,user_export_2026.csv,2026-08-09T16:21:13.671934
U001211,Mary Reyes,jessica11@example.net,2022-04-14,user_export_2026.csv,2026-08-09T16:21:13.672164
U001212,Rebecca Olsen,kaitlyn64@example.org,2025-05-30,user_export_2026.csv,2026-08-09T16:21:13.672351
U001213,Dr. April Jones,pwarren@example.com,2025-06-04,user_export_2026.csv,2026-08-09T16:21:13.672558
U001214,Carolyn Brooks,jameswhite@example.org,2023-11-11,user_export_2026.csv,2026-08-09T16:21:13.672801
U001215,Robert Lopez,bradylisa@example.org,2021-07-19,user_export_2026.csv,2026-08-09T16:21:13.673091
U001216,Steven Ortiz,oneillgabriel@example.com,2022-07-30,user_export_2026.csv,2026-08-09T16:21:13.673346
U001217,Caleb Brown,richardstimothy@example.net,2021-10-24,user_export_2026.csv,2026-08-09T16:21:13.673643
U001218,  Alexandra Adams  ,ortegakristina@example.org,01-08-2020,user_export_2026.csv,2026-08-09T16:21:13.673899
U001219,Joseph Smith,sarah75@example.net,2021-08-18,user_export_2026.csv,2026-08-09T16:21:13.674125
U001220,Jacob Wu,lisa56@example.com,2020-12-27,user_export_2026.csv,2026-08-09T16:21:13.674318
U001221,,invalid-email,04/23/2024,user_export_2026.csv,2026-08-09T16:21:13.674439
U001222,April Harrell,ihardy@example.org,2020-08-23,user_export_2026.csv,2026-08-09T16:21:13.674639
U001223,Sheila Ramirez,miguelmontgomery@example.net,2025-07-17,user_export_2026.csv,2026-08-09T16:21:13.674890
U001224,Kayla Keller,andersensusan@example.com,2025-10-23,user_export_2026.csv,2026-08-09T16:21:13.675187
U001225,Isaac Williams,invalid-email,2025-09-22,user_export_2026.csv,2026-08-09T16:21:13.675310
U001226,Erika Wallace,nross@example.org,2021-11-25,user_export_2026.csv,2026-08-09T16:21:13.675513
U001227,Todd David,shatfield@example.org,2020-01-02,user_export_2026.csv,2026-08-09T16:21:13.675711
U001228,Elizabeth Lee,mollywalter@example.net,2023-02-04,user_export_2026.csv,2026-08-09T16:21:13.675956
U001229,Bethany Robles,marisa87@example.org,2024-06-06,user_export_2026.csv,2026-08-09T16:21:13.676189
U001230,Tina Olson,johnjackson@example.net,2020-03-03,user_export_2026.csv,2026-08-09T16:21:13.676440
U001231,Ashley Holder,martinsarah@example.com,2021-01-04,user_export_2026.csv,2026-08-09T16:21:13.676685
U001232,Connie Scott,qlynn@example.org,2026-04-09,user_export_2026.csv,2026-08-09T16:21:13.676884
U001233,Tammy Schultz,sdavis@example.com,2023-02-06,user_export_2026.csv,2026-08-09T16:21:13.677128
U001234,Tara Miranda,schneidernicholas@example.net,2025-02-05,user_export_2026.csv,2026-08-09T16:21:13.677381
U001235,Molly Valdez,ostokes@example.com,2022-12-05,user_export_2026.csv,2026-08-09T16:21:13.677636
U001236,Brandon Davis,juliewilson@example.com,2026-04-07,user_export_2026.csv,2026-08-09T16:21:13.677886
U001237,Erik James,collinsbrittany@example.org,2022/11/21,user_export_2026.csv,2026-08-09T16:21:13.678181
U001238,Veronica Flores,lauren28@example.net,2024-03-24,user_export_2026.csv,2026-08-09T16:21:13.678372
U001239,Courtney Foster,sstewart@example.org,2023-10-23,user_export_2026.csv,2026-08-09T16:21:13.678576
U001240,Mr. Kyle Thomas DDS,georgekyle@example.net,2025-03-02,user_export_2026.csv,2026-08-09T16:21:13.678831
U001241,Zachary Mccarthy,nwelch@example.com,2025-05-28,user_export_2026.csv,2026-08-09T16:21:13.679073
U000451,Vincent Brown,eric33@example.net,07/17/2023,user_export_2026.csv,2026-08-09T16:21:13.679269
U001243,Tammy Parsons,invalid-email,2022-12-14,user_export_2026.csv,2026-08-09T16:21:13.679388
U001244,Monica Evans,vickiekelley@example.com,2023-11-01,user_export_2026.csv,2026-08-09T16:21:13.679645
U001245,  John Bailey  ,hmyers@example.net,07/06/2026,user_export_2026.csv,2026-08-09T16:21:13.679845
U001246,Michael Lee,udavis@example.net,2022-02-17,user_export_2026.csv,2026-08-09T16:21:13.680089
U001247,Amy Michael,stephen29@example.org,2022-09-18,user_export_2026.csv,2026-08-09T16:21:13.680284
U001248,John Merritt,jefferygoodman@example.net,2022-04-10,user_export_2026.csv,2026-08-09T16:21:13.680529
U001249,Heidi Chase,gregoryvanessa@example.org,2023-12-29,user_export_2026.csv,2026-08-09T16:21:13.680817
U001250,William Shelton,saradavis@example.com,2020-11-17,user_export_2026.csv,2026-08-09T16:21:13.681124
U001251,Anthony Baird,brittney26@example.org,2020-01-28,user_export_2026.csv,2026-08-09T16:21:13.681319
U001252,David Burns,denisebennett@example.net,2020-06-22,user_export_2026.csv,2026-08-09T16:21:13.681616
U001253,Megan Davis DDS,phill@example.com,2023-07-15,user_export_2026.csv,2026-08-09T16:21:13.681832
U001254,Bryan Miller,gmay@example.org,2026-06-11,user_export_2026.csv,2026-08-09T16:21:13.682073
U001255,Kenneth Armstrong,heather19@example.org,2025-09-24,user_export_2026.csv,2026-08-09T16:21:13.682268
U001256,Zachary Park,ashley15@example.org,2026-06-20,user_export_2026.csv,2026-08-09T16:21:13.682447
U001257,Shannon Medina,bhess@example.com,2024-09-29,user_export_2026.csv,2026-08-09T16:21:13.682649
U001258,Kimberly Burnett,lbrown@example.net,2025-08-20,user_export_2026.csv,2026-08-09T16:21:13.682849
U001259,Rachel Martinez,tammymerritt@example.org,2021-12-16,user_export_2026.csv,2026-08-09T16:21:13.683155
U001260,Melissa Smith,hmcbride@example.org,2025-10-23,user_export_2026.csv,2026-08-09T16:21:13.683366
U001261,Daniel Martin,melissa01@example.org,2020-02-18,user_export_2026.csv,2026-08-09T16:21:13.683549
U001262,Heidi Stephens,qrowland@example.org,2021-02-16,user_export_2026.csv,2026-08-09T16:21:13.683751
U001263,Angel Bautista,donna72@example.net,2022-11-29,user_export_2026.csv,2026-08-09T16:21:13.683931
U001264,Erik Bartlett DVM,haileybates@example.org,2023-01-08,user_export_2026.csv,2026-08-09T16:21:13.684234
U001265,Cole Evans,susanguzman@example.org,2024-02-07,user_export_2026.csv,2026-08-09T16:21:13.684482
U001266,Destiny Daniel,qjones@example.com,2024-09-12,user_export_2026.csv,2026-08-09T16:21:13.684685
U001267,Steven Ross,duffyerica@example.net,2024-06-28,user_export_2026.csv,2026-08-09T16:21:13.684932
U001268,Dalton Soto,wanda35@example.net,2021-06-21,user_export_2026.csv,2026-08-09T16:21:13.685159
U001269,Samantha Jacobs,uunderwood@example.com,2021-02-13,user_export_2026.csv,2026-08-09T16:21:13.685366
U001270,Victor Wright,david18@example.com,2026-03-24,user_export_2026.csv,2026-08-09T16:21:13.685593
U001271,Mark Cox,kimberly23@example.com,2021-08-20,user_export_2026.csv,2026-08-09T16:21:13.685781
U001272,James Novak,ylynn@example.org,2025-04-21,user_export_2026.csv,2026-08-09T16:21:13.685980
U001273,Nicholas Parker,wdavis@example.net,2025-08-08,user_export_2026.csv,2026-08-09T16:21:13.686226
U001274,Diane Nelson,mosleygeorge@example.com,2025-10-18,user_export_2026.csv,2026-08-09T16:21:13.686477
U001275,Robert Byrd,iwoods@example.com,2025-06-16,user_export_2026.csv,2026-08-09T16:21:13.686674
U001276,Jose Moore,douglasbradley@example.com,2026-05-14,user_export_2026.csv,2026-08-09T16:21:13.686916
U000334,    ,erikabarnes@example.com,2025-05-05,user_export_2026.csv,2026-08-09T16:21:13.687221
U001278,William Lindsey,joshua68@example.net,2026-04-14,user_export_2026.csv,2026-08-09T16:21:13.687406
U001279,Robin Torres,mezarichard@example.com,2023-11-10,user_export_2026.csv,2026-08-09T16:21:13.687654
U001240,,shirleymartin@example.org,14-01-2026,user_export_2026.csv,2026-08-09T16:21:13.687901
U001281,Dustin Noble,haydenroger@example.net,2025-09-21,user_export_2026.csv,2026-08-09T16:21:13.688192
U001282,Breanna Jimenez,sullivanchristina@example.net,2020-11-17,user_export_2026.csv,2026-08-09T16:21:13.688445
U001283,Jeffery Ferguson,john89@example.org,2021-08-16,user_export_2026.csv,2026-08-09T16:21:13.688626
U001284,Traci Craig,gregoryrichardson@example.org,2023-10-13,user_export_2026.csv,2026-08-09T16:21:13.688874
U001285,Tiffany Henderson,hjackson@example.com,2024-07-15,user_export_2026.csv,2026-08-09T16:21:13.689119
U001286,Danielle Ryan,robertstimothy@example.com,2021-10-25,user_export_2026.csv,2026-08-09T16:21:13.689374
U001287,Oscar Carroll,sandrahickman@example.net,2023-04-08,user_export_2026.csv,2026-08-09T16:21:13.689669
U001288,Stephanie Walls,abrown@example.net,2024-06-07,user_export_2026.csv,2026-08-09T16:21:13.689876
U001289,Edwin Rodriguez,pamela26@example.com,2024-01-27,user_export_2026.csv,2026-08-09T16:21:13.690102
U001290,Jeffrey Gonzalez,robertgentry@example.org,2025-01-18,user_export_2026.csv,2026-08-09T16:21:13.690355
U001291,Matthew Perez,xbrooks@example.com,2020-04-04,user_export_2026.csv,2026-08-09T16:21:13.690555
U001292,Kimberly Adams,cdouglas@example.org,2022-10-27,user_export_2026.csv,2026-08-09T16:21:13.690758
U001293,Paul Smith,danielmitchell@example.org,2020-11-23,user_export_2026.csv,2026-08-09T16:21:13.690999
U001294,Patrick Santana,elizabethvaughan@example.net,2021-01-26,user_export_2026.csv,2026-08-09T16:21:13.691292
U001295,Mrs. Katherine Simpson,invalid-email,2024/06/14,user_export_2026.csv,2026-08-09T16:21:13.691421
U001296,    ,vshaw@example.com,15/05/2024,user_export_2026.csv,2026-08-09T16:21:13.691622
U001297,Tyler Sparks,ericporter@example.net,2021-06-01,user_export_2026.csv,2026-08-09T16:21:13.691872
U001298,Michael Peterson,hamiltonkeith@example.com,2020-04-27,user_export_2026.csv,2026-08-09T16:21:13.692342
U001299,Jeffrey Williamson,johnwang@example.com,2025/03/28,user_export_2026.csv,2026-08-09T16:21:13.692847
U001300,Danielle Hoover MD,hayneswayne@example.org,2026-01-17,user_export_2026.csv,2026-08-09T16:21:13.693251
U001301,Scott Fuller,jeromeanderson@example.org,2026-04-29,user_export_2026.csv,2026-08-09T16:21:13.693555
U001302,Corey Thomas,jensenchristopher@example.org,2025-12-26,user_export_2026.csv,2026-08-09T16:21:13.693812
U001303,Joseph Graves,jeffreysimmons@example.org,2026-01-19,user_export_2026.csv,2026-08-09T16:21:13.694102
U001304,Maria Torres,michael56@example.org,2023-06-15,user_export_2026.csv,2026-08-09T16:21:13.694299
U001305,Anthony Williams,guerreromarc@example.com,2023-05-28,user_export_2026.csv,2026-08-09T16:21:13.694546
U001306,Terry Garcia,johnnyhenry@example.com,03/20/2023,user_export_2026.csv,2026-08-09T16:21:13.694796
U001307,Brent Smith,markfigueroa@example.com,2025-05-08,user_export_2026.csv,2026-08-09T16:21:13.695083
U001308,Leah Jacobs,debraclark@example.com,2023-04-14,user_export_2026.csv,2026-08-09T16:21:13.695341
U001309,Brian Soto,williamstanya@example.net,2026-02-23,user_export_2026.csv,2026-08-09T16:21:13.695586
U001310,Cheryl Griffin,jonesamy@example.com,2026-04-15,user_export_2026.csv,2026-08-09T16:21:13.695830
U001311,John Juarez,bradleylee@example.net,2024-05-15,user_export_2026.csv,2026-08-09T16:21:13.696117
U001312,Stephanie Malone,patricia71@example.com,2020-11-20,user_export_2026.csv,2026-08-09T16:21:13.696311
U001313,Jason Velazquez,jacksonjoshua@example.org,2023-01-18,user_export_2026.csv,2026-08-09T16:21:13.696676
U001314,Tyler Brown,joysanders@example.net,2023-01-06,user_export_2026.csv,2026-08-09T16:21:13.696989
U001315,Kayla Jones,ychristensen@example.net,2022-01-17,user_export_2026.csv,2026-08-09T16:21:13.697252
U001316,Jennifer Nelson,adamarmstrong@example.net,2025-02-08,user_export_2026.csv,2026-08-09T16:21:13.697550
U001317,Sherry Gibbs,ugordon@example.net,2025-07-08,user_export_2026.csv,2026-08-09T16:21:13.697764
U001318,Samuel Phillips,invalid-email,2020-07-22,user_export_2026.csv,2026-08-09T16:21:13.697882
U001319,Bryan Walker,invalid-email,2021-02-22,user_export_2026.csv,2026-08-09T16:21:13.697996
U001320,Dorothy Bowman,sara40@example.net,2024-11-30,user_export_2026.csv,2026-08-09T16:21:13.698231
U001321,Wanda Clark,smithmichael@example.net,2021-09-09,user_export_2026.csv,2026-08-09T16:21:13.698490
U001322,  Erika Potts  ,jennifer69@example.com,03/08/2025,user_export_2026.csv,2026-08-09T16:21:13.698676
U001323,Anthony Cabrera,jeffrey42@example.com,2021-08-21,user_export_2026.csv,2026-08-09T16:21:13.698857
U001324,,sharphailey@example.net,26/02/2022,user_export_2026.csv,2026-08-09T16:21:13.699152
U001325,Mark Munoz,lisawalker@example.com,2022-10-16,user_export_2026.csv,2026-08-09T16:21:13.699404
U001326,Mark Garrison,omoore@example.net,2022-10-09,user_export_2026.csv,2026-08-09T16:21:13.699605
U001327,Jackie Barrera,invalid-email,2025-03-02,user_export_2026.csv,2026-08-09T16:21:13.699763
U001328,Christopher Lopez,jacobhenry@example.net,2022-05-03,user_export_2026.csv,2026-08-09T16:21:13.700009
U001329,Douglas Collins,lisamcdaniel@example.org,2023-07-02,user_export_2026.csv,2026-08-09T16:21:13.700306
U001330,Benjamin Sanchez,hgarcia@example.org,2020-06-21,user_export_2026.csv,2026-08-09T16:21:13.700507
U001331,Rhonda Morrison,hcruz@example.org,2021-05-15,user_export_2026.csv,2026-08-09T16:21:13.700708
U001332,Maria Williams,kaylaadams@example.net,2022-03-24,user_export_2026.csv,2026-08-09T16:21:13.700954
U001333,Rebecca Smith,danielsloretta@example.net,2022-06-11,user_export_2026.csv,2026-08-09T16:21:13.701249
U001334,Charles Malone,tochoa@example.com,2024-11-13,user_export_2026.csv,2026-08-09T16:21:13.701452
U001335,David Stephens,courtney10@example.org,2023-02-04,user_export_2026.csv,2026-08-09T16:21:13.701688
U001336,Edward Hunt,othomas@example.org,2022-09-22,user_export_2026.csv,2026-08-09T16:21:13.701892
U000973,  James Gomez  ,jeremiah61@example.com,01-01-2021,user_export_2026.csv,2026-08-09T16:21:13.702124
U001338,  Brian Garcia  ,michael95@example.org,2020-09-02,user_export_2026.csv,2026-08-09T16:21:13.702314
U001339,Tim Miller,munozgregory@example.net,2021-03-15,user_export_2026.csv,2026-08-09T16:21:13.702559
U001340,Christopher Coleman,colleen45@example.org,2026-04-06,user_export_2026.csv,2026-08-09T16:21:13.702737
U001341,Jonathan Wood,lisa10@example.org,2024-12-01,user_export_2026.csv,2026-08-09T16:21:13.702915
U001342,Bridget Hernandez,invalid-email,2024-03-27,user_export_2026.csv,2026-08-09T16:21:13.703088
U001343,Robert Bray,wilsonronald@example.net,2020-06-10,user_export_2026.csv,2026-08-09T16:21:13.703348
U001344,Brandon Cooley,katrinagomez@example.com,2023-04-22,user_export_2026.csv,2026-08-09T16:21:13.703593
U001345,Michael Gutierrez,devon36@example.com,2026-05-10,user_export_2026.csv,2026-08-09T16:21:13.703774
U001346,Kimberly Vasquez,patrickcarpenter@example.com,2025-04-02,user_export_2026.csv,2026-08-09T16:21:13.704058
U001347,Paula Shepherd,jacquelineyoung@example.org,2026-03-21,user_export_2026.csv,2026-08-09T16:21:13.704323
U001348,Samuel Cox,hrosario@example.org,2025-01-14,user_export_2026.csv,2026-08-09T16:21:13.704522
U001349,Heather Atkinson,kenneththomas@example.net,2024-02-12,user_export_2026.csv,2026-08-09T16:21:13.704775
U001350,Susan Sanchez,briantaylor@example.net,2025-09-03,user_export_2026.csv,2026-08-09T16:21:13.705047
U001351,Jamie Johnson,swatson@example.org,2020-03-17,user_export_2026.csv,2026-08-09T16:21:13.705268
U001352,Angela Monroe,anthonydiaz@example.org,2022-09-05,user_export_2026.csv,2026-08-09T16:21:13.705563
U001353,Adam Guerra,lhernandez@example.com,2026-01-16,user_export_2026.csv,2026-08-09T16:21:13.705772
U001354,Nicole Hale,theodore57@example.net,2025-07-30,user_export_2026.csv,2026-08-09T16:21:13.705956
U001355,Donna Moore,munozglenn@example.org,2023-03-05,user_export_2026.csv,2026-08-09T16:21:13.706253
U001356,Ronnie Frazier,qspencer@example.net,2021-03-28,user_export_2026.csv,2026-08-09T16:21:13.706456
U001357,    ,josephdavis@example.com,2022-01-01,user_export_2026.csv,2026-08-09T16:21:13.706703
U001358,Beth Lewis,robinsonisaiah@example.net,2026-05-27,user_export_2026.csv,2026-08-09T16:21:13.706948
U001359,Lisa Jones,pwoods@example.net,2025-06-29,user_export_2026.csv,2026-08-09T16:21:13.707192
U001360,James Brown,deborah34@example.org,2022-11-14,user_export_2026.csv,2026-08-09T16:21:13.707376
U001361,Jack Maxwell,invalid-email,05/04/2022,user_export_2026.csv,2026-08-09T16:21:13.707494
U001362,David Martin,jonescarla@example.com,2020-09-05,user_export_2026.csv,2026-08-09T16:21:13.707736
U001363,Dakota Hickman,josephdavila@example.net,2024-08-30,user_export_2026.csv,2026-08-09T16:21:13.707979
U001364,William Webb,edwardssherry@example.org,2020-08-26,user_export_2026.csv,2026-08-09T16:21:13.708270
U001365,Dr. Tina Porter,karen52@example.net,2020-06-15,user_export_2026.csv,2026-08-09T16:21:13.708463
U001366,Erin Mosley,shawkimberly@example.org,2020-11-15,user_export_2026.csv,2026-08-09T16:21:13.708709
U001367,Janet Willis,robertsedward@example.com,2021-02-01,user_export_2026.csv,2026-08-09T16:21:13.708954
U001368,Mark Cisneros,nicoleaguirre@example.net,2022/10/15,user_export_2026.csv,2026-08-09T16:21:13.709246
U001369,Nathan Holder,seth25@example.com,2024-08-27,user_export_2026.csv,2026-08-09T16:21:13.709430
U001370,Scott Jordan,nallen@example.net,2026-06-19,user_export_2026.csv,2026-08-09T16:21:13.709681
U001371,Christian Burton,adavis@example.org,2024-10-15,user_export_2026.csv,2026-08-09T16:21:13.709881
U001372,Emily Dillon,portershawn@example.org,2022-01-08,user_export_2026.csv,2026-08-09T16:21:13.710176
U001373,Candice Ramirez,michael12@example.net,2021-10-09,user_export_2026.csv,2026-08-09T16:21:13.710364
U001374,Deanna Kennedy,kathryn72@example.org,2023-12-14,user_export_2026.csv,2026-08-09T16:21:13.710548
U001375,Katherine Cox,richard92@example.com,2023-08-22,user_export_2026.csv,2026-08-09T16:21:13.710729
U001376,Ryan Crane,christopher68@example.com,2024-10-29,user_export_2026.csv,2026-08-09T16:21:13.710911
U001377,Shawn Fleming,figueroajohn@example.net,2022-09-12,user_export_2026.csv,2026-08-09T16:21:13.711209
U001378,Samuel Roberts,ashleynash@example.org,2026-03-03,user_export_2026.csv,2026-08-09T16:21:13.711458
U001379,Joel Davis,imcdonald@example.com,2025-01-27,user_export_2026.csv,2026-08-09T16:21:13.711659
U001380,Christopher Rodriguez,mtate@example.com,2020-05-21,user_export_2026.csv,2026-08-09T16:21:13.711856
U001381,Evan Davies,vlewis@example.com,2025-10-21,user_export_2026.csv,2026-08-09T16:21:13.712096
U001382,Jesse Gardner,nthomas@example.com,2020-01-27,user_export_2026.csv,2026-08-09T16:21:13.712302
U001383,Victoria Schroeder,mayermichael@example.com,2023-07-13,user_export_2026.csv,2026-08-09T16:21:13.712551
U001384,Cindy Lewis,cisnerosgabriela@example.com,2026/03/17,user_export_2026.csv,2026-08-09T16:21:13.712795
U001385,Christopher Thomas,richard47@example.com,2020-06-03,user_export_2026.csv,2026-08-09T16:21:13.712976
U001386,Mckenzie Green,davisrachel@example.com,2022-12-21,user_export_2026.csv,2026-08-09T16:21:13.713270
U001387,Elizabeth Gonzalez,iolson@example.net,2022-08-12,user_export_2026.csv,2026-08-09T16:21:13.713475
U001388,Tracie Kim,jmorrow@example.net,2026-05-25,user_export_2026.csv,2026-08-09T16:21:13.713725
U001389,Nathan Lane,mariodowns@example.net,2020-11-12,user_export_2026.csv,2026-08-09T16:21:13.713972
U001390,Nancy Stewart,peggypeck@example.com,2021-12-09,user_export_2026.csv,2026-08-09T16:21:13.714273
U001391,Ashley Cordova,ubaker@example.org,2026-06-18,user_export_2026.csv,2026-08-09T16:21:13.714477
U001392,Terri Mathews DDS,johnsonjulie@example.org,2023-05-15,user_export_2026.csv,2026-08-09T16:21:13.714732
U001393,Joshua Martin,nrobinson@example.org,01/10/2023,user_export_2026.csv,2026-08-09T16:21:13.714933
U001394,Laura Smith,allen48@example.org,2021-05-08,user_export_2026.csv,2026-08-09T16:21:13.715162
U001395,Mariah Bryant,ibell@example.com,2020-02-16,user_export_2026.csv,2026-08-09T16:21:13.715369
U001396,Pamela Wilson,stephenbrooks@example.net,2020-08-09,user_export_2026.csv,2026-08-09T16:21:13.715613
U001397,Kimberly James,invalid-email,2026-01-20,user_export_2026.csv,2026-08-09T16:21:13.715731
U001398,Melissa Kim,jacqueline11@example.org,2022-06-23,user_export_2026.csv,2026-08-09T16:21:13.715912
U001399,Alan Randolph,crawfordkaren@example.net,2024-05-28,user_export_2026.csv,2026-08-09T16:21:13.716207
U001400,Jeremy Perkins,contrerasmelissa@example.org,2026-06-14,user_export_2026.csv,2026-08-09T16:21:13.716456
U001401,Jesse James,melissasampson@example.com,2023-04-01,user_export_2026.csv,2026-08-09T16:21:13.716697
U001402,Suzanne Gutierrez,xsmith@example.org,2023-10-08,user_export_2026.csv,2026-08-09T16:21:13.716898
U001403,,mary63@example.org,12/14/2020,user_export_2026.csv,2026-08-09T16:21:13.717125
U001404,Jennifer Smith,krystalrandall@example.net,2021-07-06,user_export_2026.csv,2026-08-09T16:21:13.717380
U001405,Lindsay Rogers,zallen@example.org,2024-06-07,user_export_2026.csv,2026-08-09T16:21:13.717677
U001406,Jennifer Williams,oanderson@example.com,2025-11-17,user_export_2026.csv,2026-08-09T16:21:13.717885
U001407,Carrie Strong,samuelgarcia@example.org,2024-10-27,user_export_2026.csv,2026-08-09T16:21:13.718185
U001408,Lynn Mueller,mary25@example.org,2021-01-01,user_export_2026.csv,2026-08-09T16:21:13.718376
U001409,Alexander Smith,anthonyzimmerman@example.org,2023/11/12,user_export_2026.csv,2026-08-09T16:21:13.718624
U001410,Allison Gross,xwalters@example.com,2023-12-03,user_export_2026.csv,2026-08-09T16:21:13.718825
U001411,Matthew Walker,amandasanchez@example.com,2024-12-16,user_export_2026.csv,2026-08-09T16:21:13.719119
U001412,Mary Hill,courtneylittle@example.net,2022-08-14,user_export_2026.csv,2026-08-09T16:21:13.719376
U001413,Ashley Ho,rodriguezjustin@example.org,2020-12-17,user_export_2026.csv,2026-08-09T16:21:13.719623
U001271,  Johnny Ward  ,peterhenry@example.org,2023-03-24,user_export_2026.csv,2026-08-09T16:21:13.719869
U001415,John Garrett,gracebrooks@example.com,2025-04-13,user_export_2026.csv,2026-08-09T16:21:13.720160
U001416,Joanne Martin,alejandro29@example.net,13/11/2025,user_export_2026.csv,2026-08-09T16:21:13.720352
U001417,Amanda Daugherty,timothy99@example.net,2020-03-16,user_export_2026.csv,2026-08-09T16:21:13.720535
U001418,Joseph Scott,leeanthony@example.org,2025-11-27,user_export_2026.csv,2026-08-09T16:21:13.720780
U001419,    ,danny30@example.com,2023-01-16,user_export_2026.csv,2026-08-09T16:21:13.720963
U001420,Bradley Holt,josepholson@example.org,2023-01-16,user_export_2026.csv,2026-08-09T16:21:13.721256
U001421,Juan Phillips,zgraham@example.org,2024-01-15,user_export_2026.csv,2026-08-09T16:21:13.721460
U001422,Craig Mathis,invalid-email,2024-05-02,user_export_2026.csv,2026-08-09T16:21:13.721625
U001423,Tonya Garcia,gabriel37@example.com,2021-02-11,user_export_2026.csv,2026-08-09T16:21:13.721817
U001424,Jessica Burgess,cindy96@example.com,2025-12-17,user_export_2026.csv,2026-08-09T16:21:13.722001
U001425,  Harry Hurst  ,colepamela@example.net,2020-03-29,user_export_2026.csv,2026-08-09T16:21:13.722298
U001426,Jason Munoz,raymond12@example.com,2024-05-30,user_export_2026.csv,2026-08-09T16:21:13.722483
U001427,Cody Sanchez,invalid-email,2023-12-12,user_export_2026.csv,2026-08-09T16:21:13.722599
U001428,Jacob Thomas,david50@example.net,2025-08-15,user_export_2026.csv,2026-08-09T16:21:13.722776
U001429,John Pope,annacruz@example.net,2022-11-21,user_export_2026.csv,2026-08-09T16:21:13.723063
U001430,Daniel Hoffman,berrydebbie@example.net,2020-04-30,user_export_2026.csv,2026-08-09T16:21:13.723326
U001431,Emily Flores,brandonsnyder@example.org,2022-07-12,user_export_2026.csv,2026-08-09T16:21:13.723574
U001432,Jennifer Martinez MD,brittany39@example.org,2021-07-16,user_export_2026.csv,2026-08-09T16:21:13.723763
U001433,  Mason Chase  ,buckjustin@example.com,07/20/2022,user_export_2026.csv,2026-08-09T16:21:13.724007
U001434,Joseph Rose,deanna17@example.org,2023-09-10,user_export_2026.csv,2026-08-09T16:21:13.724237
U001435,Jennifer Turner,karen61@example.net,2021-07-21,user_export_2026.csv,2026-08-09T16:21:13.724431
U001436,Katherine Williams,heather77@example.net,2022-04-08,user_export_2026.csv,2026-08-09T16:21:13.724612
U001437,Barbara Brooks,johnsonbrandon@example.org,2025-11-15,user_export_2026.csv,2026-08-09T16:21:13.724875
U001438,Wyatt Callahan,fperez@example.org,2021-08-17,user_export_2026.csv,2026-08-09T16:21:13.725123
U001439,Robin Cabrera,villamiranda@example.com,2021-10-09,user_export_2026.csv,2026-08-09T16:21:13.725378
U001440,Amanda Williams,charles59@example.com,2021-04-29,user_export_2026.csv,2026-08-09T16:21:13.725615
U001441,Christopher Taylor,uwilson@example.org,2021-08-19,user_export_2026.csv,2026-08-09T16:21:13.725823
U001442,Stacy Church,qwalsh@example.org,2024-08-22,user_export_2026.csv,2026-08-09T16:21:13.726068
U001443,Cynthia Woods,ubray@example.net,2023-01-26,user_export_2026.csv,2026-08-09T16:21:13.726282
U001444,Mr. Ralph Dawson,angelica33@example.net,2021-06-22,user_export_2026.csv,2026-08-09T16:21:13.726470
U001445,Wesley Brown,santiagotaylor@example.com,2022-12-29,user_export_2026.csv,2026-08-09T16:21:13.726714
U001446,Brian Clark,kathleen47@example.net,2022-08-09,user_export_2026.csv,2026-08-09T16:21:13.726894
U001447,Jonathan Sloan,invalid-email,2020-11-21,user_export_2026.csv,2026-08-09T16:21:13.727035
U001448,Jack Hester,kimberlylopez@example.com,2025-08-19,user_export_2026.csv,2026-08-09T16:21:13.727304
U001449,Michael Lynn,thomasnancy@example.net,2024-03-11,user_export_2026.csv,2026-08-09T16:21:13.727547
U001450,Alan Murray,anthony87@example.com,2025-04-24,user_export_2026.csv,2026-08-09T16:21:13.727726
U001451,Timothy Miller,zlewis@example.net,2020-05-12,user_export_2026.csv,2026-08-09T16:21:13.727923
U001452,Gene Alexander,corey66@example.org,2023-01-10,user_export_2026.csv,2026-08-09T16:21:13.728157
U001453,James Wheeler,gstone@example.net,2022-04-10,user_export_2026.csv,2026-08-09T16:21:13.728362
U001454,David Rodriguez,brownaustin@example.com,2024-12-04,user_export_2026.csv,2026-08-09T16:21:13.728605
U001455,Joseph Hill,gmyers@example.org,2023-08-23,user_export_2026.csv,2026-08-09T16:21:13.728803
U001456,Sherry Adams,georgeharris@example.net,2024-10-17,user_export_2026.csv,2026-08-09T16:21:13.729227
U001457,Kyle Gross,invalid-email,2024-04-07,user_export_2026.csv,2026-08-09T16:21:13.729380
U001458,Jonathan Graves,sstevenson@example.org,2026-05-31,user_export_2026.csv,2026-08-09T16:21:13.729647
U001459,Michael Jackson,rachel20@example.net,2020-06-06,user_export_2026.csv,2026-08-09T16:21:13.729837
U001460,Geoffrey Thompson,nicole20@example.net,2020-06-22,user_export_2026.csv,2026-08-09T16:21:13.730078
U001461,John Smith,thomaswilliams@example.org,2026-01-12,user_export_2026.csv,2026-08-09T16:21:13.730347
U001462,Wanda Conley,karirowe@example.org,2026-04-03,user_export_2026.csv,2026-08-09T16:21:13.730597
U001463,Noah Chavez,veronica47@example.com,2020-07-20,user_export_2026.csv,2026-08-09T16:21:13.730777
U001464,Adam Gomez,patricia97@example.org,2023-06-01,user_export_2026.csv,2026-08-09T16:21:13.730957
U001465,Joseph Bowman,tiffanychase@example.net,2021-11-12,user_export_2026.csv,2026-08-09T16:21:13.731253
U001466,Heather Johnson DDS,vhoward@example.org,2020-08-11,user_export_2026.csv,2026-08-09T16:21:13.731465
U001467,Troy Fowler,natalie87@example.net,2025-03-13,user_export_2026.csv,2026-08-09T16:21:13.731647
U001468,Thomas Bailey,peter64@example.com,2025-08-12,user_export_2026.csv,2026-08-09T16:21:13.731828
U001469,  Kevin Miles  ,hamiltonspencer@example.com,07/08/2021,user_export_2026.csv,2026-08-09T16:21:13.732125
U001470,Wayne Porter,stevenhernandez@example.com,2022-04-07,user_export_2026.csv,2026-08-09T16:21:13.732380
U001471,Mary Torres,calvin40@example.com,2023-08-20,user_export_2026.csv,2026-08-09T16:21:13.732564
U001472,Douglas Watkins,freemanadam@example.com,2021-11-02,user_export_2026.csv,2026-08-09T16:21:13.732808
U001473,April King,natasha88@example.org,2021-04-12,user_export_2026.csv,2026-08-09T16:21:13.732990
U001474,Michelle Thomas,ryanhull@example.com,2020-12-15,user_export_2026.csv,2026-08-09T16:21:13.733287
U001475,John Gomez,ghenderson@example.com,2025-09-26,user_export_2026.csv,2026-08-09T16:21:13.733533
U001476,Linda Thompson,ushelton@example.net,2026-03-04,user_export_2026.csv,2026-08-09T16:21:13.733774
U001477,Randall Wright,tspencer@example.com,2023-10-04,user_export_2026.csv,2026-08-09T16:21:13.733976
U001478,Keith Fuller,nicholasliu@example.com,2021-09-06,user_export_2026.csv,2026-08-09T16:21:13.734273
U001479,Joseph Benson,taylor67@example.com,2020-07-29,user_export_2026.csv,2026-08-09T16:21:13.734459
U001480,Julia Gaines,bernardrobert@example.org,2025-01-01,user_export_2026.csv,2026-08-09T16:21:13.734711
U001481,Elizabeth Sanchez,david89@example.com,2021-06-22,user_export_2026.csv,2026-08-09T16:21:13.734893
U001482,Ryan Martinez,invalid-email,2022-11-02,user_export_2026.csv,2026-08-09T16:21:13.735035
U001483,  Julie Hines  ,fcombs@example.org,14-07-2025,user_export_2026.csv,2026-08-09T16:21:13.735314
U001484,William Rodriguez,shortariana@example.net,2024-12-14,user_export_2026.csv,2026-08-09T16:21:13.735563
U001485,    ,mileszachary@example.net,02-04-2026,user_export_2026.csv,2026-08-09T16:21:13.735808
U001486,Kathleen Walker,kevincollins@example.org,2020-05-30,user_export_2026.csv,2026-08-09T16:21:13.736098
U001487,Loretta Gonzalez,invalid-email,2026-06-25,user_export_2026.csv,2026-08-09T16:21:13.736225
U001488,Christian Hobbs,wrightdale@example.org,2020-12-25,user_export_2026.csv,2026-08-09T16:21:13.736472
U001489,    ,evanstimothy@example.org,2026/06/02,user_export_2026.csv,2026-08-09T16:21:13.736720
U001490,Sarah Payne,nvillarreal@example.org,2020-05-26,user_export_2026.csv,2026-08-09T16:21:13.736922
U001491,Mark Lopez,georgeharmon@example.net,10/04/2020,user_export_2026.csv,2026-08-09T16:21:13.737215
U001492,    ,haleytrevor@example.net,2023/09/10,user_export_2026.csv,2026-08-09T16:21:13.737463
U001493,James Marsh,bbutler@example.org,2020-08-26,user_export_2026.csv,2026-08-09T16:21:13.737716
U001494,Jim Elliott,carpenteraustin@example.net,2025/06/04,user_export_2026.csv,2026-08-09T16:21:13.737965
U001495,Lisa Williams,sydney77@example.com,2023-07-20,user_export_2026.csv,2026-08-09T16:21:13.738201
U001496,Christopher Mason,michaelmccarthy@example.com,2023-12-20,user_export_2026.csv,2026-08-09T16:21:13.738450
U001497,Carrie Hernandez,stephen24@example.net,2025-07-26,user_export_2026.csv,2026-08-09T16:21:13.738634
U001498,James Hendricks,ebennett@example.net,2025-07-10,user_export_2026.csv,2026-08-09T16:21:13.738833
U001499,Laura Pennington,david59@example.net,2022-08-11,user_export_2026.csv,2026-08-09T16:21:13.739041
U001500,Luis Powell,johnsonjessica@example.org,2020-01-07,user_export_2026.csv,2026-08-09T16:21:13.739308
U001501,Brian Villa,omorris@example.net,2022/04/29,user_export_2026.csv,2026-08-09T16:21:13.739508
U001502,Ashley Gilmore,acampos@example.org,2026-04-14,user_export_2026.csv,2026-08-09T16:21:13.739708
U001503,David Johnson,alexandernicholas@example.net,2022-04-04,user_export_2026.csv,2026-08-09T16:21:13.739952
U001504,Tammy Morris,ogray@example.net,2020-10-04,user_export_2026.csv,2026-08-09T16:21:13.740312
U001505,Christina Henry,jeremiah26@example.net,2023-08-19,user_export_2026.csv,2026-08-09T16:21:13.740509
U001506,Cheryl Perkins,harrislisa@example.org,2023-09-27,user_export_2026.csv,2026-08-09T16:21:13.740761
U001507,Jason Payne,petersonfaith@example.net,2020-04-29,user_export_2026.csv,2026-08-09T16:21:13.741006
U001508,Kathleen Collier,wmason@example.net,2023-10-16,user_export_2026.csv,2026-08-09T16:21:13.741264
U001509,Sarah Solis,ypatterson@example.org,2025-04-27,user_export_2026.csv,2026-08-09T16:21:13.741468
U001510,Bethany Holmes,wilsonjerry@example.net,2025-05-26,user_export_2026.csv,2026-08-09T16:21:13.741770
U001511,Alison Nicholson,sandra46@example.net,2026-01-08,user_export_2026.csv,2026-08-09T16:21:13.741956
U001512,Shane Moore,charles93@example.net,2024-08-22,user_export_2026.csv,2026-08-09T16:21:13.742191
U001513,Kathryn Ross,gardnerpatricia@example.net,2025-11-04,user_export_2026.csv,2026-08-09T16:21:13.742443
U001514,Thomas Baker,johnsonrobert@example.org,2023-07-16,user_export_2026.csv,2026-08-09T16:21:13.742689
U001515,Phillip Taylor,invalid-email,2026-06-23,user_export_2026.csv,2026-08-09T16:21:13.742806
U001516,Morgan Glass,youngcharles@example.net,2023-12-19,user_export_2026.csv,2026-08-09T16:21:13.743108
U000063,Michele Cannon,reedchad@example.com,28-12-2025,user_export_2026.csv,2026-08-09T16:21:13.743367
U001518,Lisa Miller,rpotts@example.net,2023-06-16,user_export_2026.csv,2026-08-09T16:21:13.743570
U001519,Andrew Romero,ryan43@example.org,2020-05-09,user_export_2026.csv,2026-08-09T16:21:13.743752
U001520,Allison Casey,amandadalton@example.net,2022-08-31,user_export_2026.csv,2026-08-09T16:21:13.743996
U001521,Alicia Olson,scannon@example.org,2023-05-24,user_export_2026.csv,2026-08-09T16:21:13.744247
U001522,Jeffery Taylor,nwilson@example.com,2021-04-04,user_export_2026.csv,2026-08-09T16:21:13.744449
U001523,Greg Hull,invalid-email,2022-04-07,user_export_2026.csv,2026-08-09T16:21:13.744565
U001524,Brandon Smith,zburgess@example.net,2020-04-12,user_export_2026.csv,2026-08-09T16:21:13.744769
U001525,Wendy Smith,lisajones@example.org,2021-09-23,user_export_2026.csv,2026-08-09T16:21:13.745056
U001526,Douglas Edwards,whitneyanderson@example.com,2025-11-14,user_export_2026.csv,2026-08-09T16:21:13.745322
U001527,Bryan Jones,shawna37@example.net,2021-02-06,user_export_2026.csv,2026-08-09T16:21:13.745550
U001528,Heather Herman,scottturner@example.com,2021-06-27,user_export_2026.csv,2026-08-09T16:21:13.745809
U001529,Eileen Valdez,invalid-email,2024-05-06,user_export_2026.csv,2026-08-09T16:21:13.745928
U001530,Debra Wolfe,brownrachel@example.net,2020-01-17,user_export_2026.csv,2026-08-09T16:21:13.746419
U001531,Katelyn Miller,invalid-email,2020-12-22,user_export_2026.csv,2026-08-09T16:21:13.746603
U001532,Sarah Meyer,judy31@example.com,2021-02-26,user_export_2026.csv,2026-08-09T16:21:13.746798
U001533,Rachel Johnson,hollysantos@example.com,2023-07-03,user_export_2026.csv,2026-08-09T16:21:13.747097
U001534,  Alison Huff  ,joshua64@example.org,01-04-2022,user_export_2026.csv,2026-08-09T16:21:13.747294
U001535,Scott Cruz,roypatrick@example.org,2021-04-26,user_export_2026.csv,2026-08-09T16:21:13.747542
U001536,James Keller,guerreroanthony@example.com,2021-04-13,user_export_2026.csv,2026-08-09T16:21:13.747786
U001537,  Susan Webster  ,sandra49@example.org,2023/12/05,user_export_2026.csv,2026-08-09T16:21:13.747969
U001538,Glenda Calderon,yglenn@example.net,2023-03-06,user_export_2026.csv,2026-08-09T16:21:13.748223
U001539,Nicole Aguirre,rfarley@example.com,2023-06-29,user_export_2026.csv,2026-08-09T16:21:13.748428
U001540,Teresa Ford,francisco67@example.net,2024-12-22,user_export_2026.csv,2026-08-09T16:21:13.748613
U001383,    ,christopher38@example.com,12/18/2020,user_export_2026.csv,2026-08-09T16:21:13.748805
U001542,James Gilbert,joseph49@example.org,2024-12-31,user_export_2026.csv,2026-08-09T16:21:13.748985
U001543,Keith Morris,melanie77@example.org,2022-03-22,user_export_2026.csv,2026-08-09T16:21:13.749214
U001544,John Church,jlittle@example.org,2025-12-25,user_export_2026.csv,2026-08-09T16:21:13.749417
U001545,  Kevin Miller  ,stephanie72@example.com,01/15/2021,user_export_2026.csv,2026-08-09T16:21:13.749663
U001546,Desiree Booth,jeremythompson@example.net,2025-03-21,user_export_2026.csv,2026-08-09T16:21:13.749916
U001547,Crystal Pena,gabriellevalencia@example.net,2021-08-11,user_export_2026.csv,2026-08-09T16:21:13.750217
U001548,Juan Perez,theresa05@example.net,2024-01-28,user_export_2026.csv,2026-08-09T16:21:13.750415
U001549,Lindsay Bailey,hunterdaniel@example.org,2023-09-15,user_export_2026.csv,2026-08-09T16:21:13.750663
U001550,Gabriel Watson,bjones@example.com,2025-01-30,user_export_2026.csv,2026-08-09T16:21:13.750863
U001551,Gabriel French,theresa57@example.com,2021-04-07,user_export_2026.csv,2026-08-09T16:21:13.751094
U001552,Caitlin Williams,rhondajohnson@example.net,2021-11-30,user_export_2026.csv,2026-08-09T16:21:13.751351
U001553,Erik Baldwin,shelby69@example.org,2026-06-11,user_export_2026.csv,2026-08-09T16:21:13.751531
U001554,Brittany Farmer,friedmansusan@example.org,2021-03-14,user_export_2026.csv,2026-08-09T16:21:13.751776
U001555,Yolanda Mccoy,hryan@example.net,2023-05-22,user_export_2026.csv,2026-08-09T16:21:13.751977
U001556,Lisa Hopkins,mstewart@example.net,2024-08-20,user_export_2026.csv,2026-08-09T16:21:13.752227
U001557,David Sanchez,jerry51@example.net,2021-10-13,user_export_2026.csv,2026-08-09T16:21:13.752411
U001558,Nicholas Beard,christopher88@example.org,2023-10-27,user_export_2026.csv,2026-08-09T16:21:13.752591
U001559,Martha Jacobs,ohartman@example.net,2024-10-31,user_export_2026.csv,2026-08-09T16:21:13.752792
U001560,Victoria Frost,kimberlyrussell@example.net,2023-11-02,user_export_2026.csv,2026-08-09T16:21:13.753077
U001561,Lisa Flynn,lee16@example.com,2020-11-15,user_export_2026.csv,2026-08-09T16:21:13.753316
U001562,Brittany Snyder,rachelwalter@example.org,2025-06-16,user_export_2026.csv,2026-08-09T16:21:13.753728
U001563,  Jason Cannon  ,inewton@example.org,28-12-2024,user_export_2026.csv,2026-08-09T16:21:13.753942
U001564,Allison Jackson,andersonmichelle@example.com,2024-04-01,user_export_2026.csv,2026-08-09T16:21:13.754250
U001565,Heather Morales,jenniferwilson@example.com,2020-09-08,user_export_2026.csv,2026-08-09T16:21:13.754502
U001566,Lisa Mcknight,jonessamantha@example.com,01-01-2020,user_export_2026.csv,2026-08-09T16:21:13.754756
U001567,Lynn Yang,eroberts@example.net,2026-06-25,user_export_2026.csv,2026-08-09T16:21:13.754958
U001568,Clifford Cannon,hernandezalan@example.net,2023-07-20,user_export_2026.csv,2026-08-09T16:21:13.755253
U001569,Matthew Gray,uthompson@example.net,2023-06-01,user_export_2026.csv,2026-08-09T16:21:13.755457
U001570,Raymond Hall,kpeterson@example.net,2023-11-11,user_export_2026.csv,2026-08-09T16:21:13.755654
U001571,Lauren Anthony,ymitchell@example.com,2025-09-21,user_export_2026.csv,2026-08-09T16:21:13.755854
U001572,Tiffany Williams,russellramirez@example.net,2023-04-19,user_export_2026.csv,2026-08-09T16:21:13.756146
U001573,  Gregory Martin  ,invalid-email,12/04/2026,user_export_2026.csv,2026-08-09T16:21:13.756270
U001574,John Walker,invalid-email,2024-11-03,user_export_2026.csv,2026-08-09T16:21:13.756383
U001575,Todd Green,middletonelizabeth@example.org,2023-07-27,user_export_2026.csv,2026-08-09T16:21:13.756626
U001576,Juan Romero,anthonyorr@example.net,2024-11-17,user_export_2026.csv,2026-08-09T16:21:13.756870
U001577,Chloe Freeman,woodjuan@example.net,2025-04-29,user_export_2026.csv,2026-08-09T16:21:13.757172
U001578,Jeremy Martinez,hphillips@example.net,2024-01-15,user_export_2026.csv,2026-08-09T16:21:13.757376
U001579,Sarah Wallace,fsnyder@example.org,2021-05-29,user_export_2026.csv,2026-08-09T16:21:13.757629
U001580,Monique Wilson MD,garnerjeffrey@example.org,2020-03-05,user_export_2026.csv,2026-08-09T16:21:13.757885
U001581,Jonathon Hill,mannleroy@example.org,2024-11-23,user_export_2026.csv,2026-08-09T16:21:13.758178
U001582,Timothy Bauer,james80@example.net,2021-07-16,user_export_2026.csv,2026-08-09T16:21:13.758366
U001583,Danielle Willis,emilybaker@example.org,2025-02-10,user_export_2026.csv,2026-08-09T16:21:13.758613
U001584,Mr. Jonathan Anderson,tapiamercedes@example.net,2024-10-09,user_export_2026.csv,2026-08-09T16:21:13.758871
U001585,Jeffrey Henry,jenniferwilliams@example.net,2024-10-03,user_export_2026.csv,2026-08-09T16:21:13.759164
U001586,James Silva,todd24@example.org,2023-12-26,user_export_2026.csv,2026-08-09T16:21:13.759349
U001587,Mary Henry,iharper@example.com,2020-01-31,user_export_2026.csv,2026-08-09T16:21:13.759549
U001588,Daniel Mccarty,robert75@example.org,2022-08-27,user_export_2026.csv,2026-08-09T16:21:13.759728
U001589,Audrey Marshall,donna56@example.net,2026-02-15,user_export_2026.csv,2026-08-09T16:21:13.759910
U001590,Stephen Larsen,invalid-email,2020-06-04,user_export_2026.csv,2026-08-09T16:21:13.760063
U001591,Lindsay Mcdaniel,carterwilliam@example.com,2021-04-08,user_export_2026.csv,2026-08-09T16:21:13.760323
U001592,Raymond Green,robert76@example.com,2020-11-23,user_export_2026.csv,2026-08-09T16:21:13.760503
U001593,Anthony Washington,matthewcardenas@example.com,2023-02-18,user_export_2026.csv,2026-08-09T16:21:13.760747
U001594,Daniel Hutchinson,kimberlyrodriguez@example.net,2020-12-28,user_export_2026.csv,2026-08-09T16:21:13.760991
U001595,Beverly Fernandez,langchristopher@example.net,2020-11-15,user_export_2026.csv,2026-08-09T16:21:13.761287
U001596,Harold Miranda,penaapril@example.com,2026-07-02,user_export_2026.csv,2026-08-09T16:21:13.761584
U001597,Victoria Massey,oheath@example.com,2023-11-08,user_export_2026.csv,2026-08-09T16:21:13.761796
U001598,Susan Rivera,invalid-email,2025-02-02,user_export_2026.csv,2026-08-09T16:21:13.761915
U001599,Nicholas Case,brucekari@example.net,2023-09-19,user_export_2026.csv,2026-08-09T16:21:13.762209
U001600,James Washington,justinjohnson@example.net,2023-04-21,user_export_2026.csv,2026-08-09T16:21:13.762456
U001601,Danielle Nelson,invalid-email,2023-05-30,user_export_2026.csv,2026-08-09T16:21:13.762574
U001602,Richard Rios,lorettamcdowell@example.org,2020-09-08,user_export_2026.csv,2026-08-09T16:21:13.762814
U001603,Jonathan Warner,vsmith@example.net,2026-06-04,user_export_2026.csv,2026-08-09T16:21:13.763060
U001604,  Brittany Fitzgerald  ,mlee@example.com,03/20/2023,user_export_2026.csv,2026-08-09T16:21:13.763281
U001605,Jessica Paul,joshua31@example.com,2023-02-12,user_export_2026.csv,2026-08-09T16:21:13.763466
U001606,Laura Bennett,adavis@example.net,2023-02-01,user_export_2026.csv,2026-08-09T16:21:13.763665
U001607,Duane Warner,invalid-email,2021-04-01,user_export_2026.csv,2026-08-09T16:21:13.763780
U001608,Janet Kaiser,wbean@example.net,2021-09-11,user_export_2026.csv,2026-08-09T16:21:13.763978
U001609,Jodi Lane,sandersjesse@example.com,2021-12-19,user_export_2026.csv,2026-08-09T16:21:13.764275
U001610,Brian Collins,lisadaugherty@example.org,2025-06-09,user_export_2026.csv,2026-08-09T16:21:13.764521
U001611,Christine Mcmahon,christopherpowell@example.com,2020-05-15,user_export_2026.csv,2026-08-09T16:21:13.764775
U001612,Sara Hodges,saundersjohnathan@example.com,2021-08-17,user_export_2026.csv,2026-08-09T16:21:13.765061
U001613,Sandra Johnson,rsavage@example.net,2025-07-24,user_export_2026.csv,2026-08-09T16:21:13.765274
U001614,Justin Burns,pedwards@example.org,2024-04-18,user_export_2026.csv,2026-08-09T16:21:13.765473
U001615,Michael Robertson,morseronald@example.org,2021-11-16,user_export_2026.csv,2026-08-09T16:21:13.765771
U001616,Peter Martin,martinsamuel@example.org,2023-11-14,user_export_2026.csv,2026-08-09T16:21:13.766060
U001617,  Jeff Jackson  ,jtaylor@example.com,03/15/2025,user_export_2026.csv,2026-08-09T16:21:13.766271
U001618,Edward Graham,jennifer48@example.com,2025-12-21,user_export_2026.csv,2026-08-09T16:21:13.766451
U001619,Jacqueline Santos,kellycohen@example.net,2024-05-16,user_export_2026.csv,2026-08-09T16:21:13.766697
U001620,Jacqueline Munoz,vford@example.net,2024-11-15,user_export_2026.csv,2026-08-09T16:21:13.766896
U001621,  Sarah Taylor  ,asmith@example.org,2025-12-11,user_export_2026.csv,2026-08-09T16:21:13.767143
U001622,Austin Rowland,jacqueline31@example.net,2024-11-03,user_export_2026.csv,2026-08-09T16:21:13.767329
U001623,Brandon Weber,carlfields@example.org,2023-01-21,user_export_2026.csv,2026-08-09T16:21:13.767572
U001624,Adrian Lee,lori69@example.net,2021-02-06,user_export_2026.csv,2026-08-09T16:21:13.767750
U001625,Marcus Powell,ann31@example.net,2025-03-03,user_export_2026.csv,2026-08-09T16:21:13.767927
U001626,Nicholas Ramirez,anne28@example.net,2026-08-08,user_export_2026.csv,2026-08-09T16:21:13.768152
U001627,Janet Johnston,tammy97@example.org,2022-01-06,user_export_2026.csv,2026-08-09T16:21:13.768340
U001628,Richard Hays,invalid-email,2020-02-04,user_export_2026.csv,2026-08-09T16:21:13.768457
U001629,Robert Thomas,invalid-email,2021-02-04,user_export_2026.csv,2026-08-09T16:21:13.768570
U001630,Shannon Morris,taylorlindsay@example.com,2023-12-10,user_export_2026.csv,2026-08-09T16:21:13.768809
U001631,Erin Mason,allenphillip@example.com,2022-03-01,user_export_2026.csv,2026-08-09T16:21:13.769100
U001632,,alyssa93@example.org,2022/06/07,user_export_2026.csv,2026-08-09T16:21:13.769292
U001633,Sandra Dawson,fcastro@example.net,2021-06-16,user_export_2026.csv,2026-08-09T16:21:13.769532
U001634,Melissa Grant,lpearson@example.org,2026-05-07,user_export_2026.csv,2026-08-09T16:21:13.769746
U001635,Savannah Townsend,jessica39@example.net,2021-03-30,user_export_2026.csv,2026-08-09T16:21:13.769929
U001636,Tammie Lee,harold03@example.com,2025-03-27,user_export_2026.csv,2026-08-09T16:21:13.770159
U001637,Cory Willis,clinton54@example.net,2025-01-31,user_export_2026.csv,2026-08-09T16:21:13.770343
U001638,Lisa Johnson,darlene60@example.net,2024-10-14,user_export_2026.csv,2026-08-09T16:21:13.770524
U001639,Denise Brown,roysara@example.net,2023-08-17,user_export_2026.csv,2026-08-09T16:21:13.770818
U001640,Katherine Wells,johnsonanthony@example.net,2023-02-09,user_export_2026.csv,2026-08-09T16:21:13.771114
U001641,Noah Pitts,christopherflowers@example.org,2023-09-24,user_export_2026.csv,2026-08-09T16:21:13.771368
U001642,Mark Brown,hodgejoshua@example.org,2022-12-20,user_export_2026.csv,2026-08-09T16:21:13.771611
U001643,Nancy Cook,rachael29@example.net,2022-04-01,user_export_2026.csv,2026-08-09T16:21:13.771794
U001644,Kelli Shepard,qbutler@example.net,2025-07-08,user_export_2026.csv,2026-08-09T16:21:13.771993
U001645,Corey Juarez,jessicamiller@example.com,03/11/2021,user_export_2026.csv,2026-08-09T16:21:13.772287
U001170,  Lee Barker  ,vthompson@example.org,03/17/2020,user_export_2026.csv,2026-08-09T16:21:13.772492
U001647,Justin Wilson,scarroll@example.org,2024-05-18,user_export_2026.csv,2026-08-09T16:21:13.772691
U001648,Julie Wilson,whitechristopher@example.com,2024-05-21,user_export_2026.csv,2026-08-09T16:21:13.772937
U001649,Tracy Wang,robinsonnicholas@example.org,2025-07-02,user_export_2026.csv,2026-08-09T16:21:13.773234
U001650,Terri Parker,julierojas@example.com,2020-10-14,user_export_2026.csv,2026-08-09T16:21:13.773482
U001651,Michael Thompson,invalid-email,2025-05-28,user_export_2026.csv,2026-08-09T16:21:13.773651
U001652,Ethan Perez,joshuagonzalez@example.com,2024-01-10,user_export_2026.csv,2026-08-09T16:21:13.773901
U001653,Jeffrey Davis,beth58@example.com,2020-08-14,user_export_2026.csv,2026-08-09T16:21:13.774129
U001654,Melissa Jackson,kmoore@example.org,2021-01-06,user_export_2026.csv,2026-08-09T16:21:13.774336
U001655,Jessica Brewer DDS,jared88@example.net,2023-10-24,user_export_2026.csv,2026-08-09T16:21:13.774525
U001656,  Ann Ayala  ,jeffery40@example.org,2021/12/24,user_export_2026.csv,2026-08-09T16:21:13.774712
U001657,Lynn Alvarez,xwillis@example.net,2024-05-16,user_export_2026.csv,2026-08-09T16:21:13.774914
U001658,Kevin Johnson,sotomisty@example.org,2024-01-11,user_export_2026.csv,2026-08-09T16:21:13.775207
U001659,John Rogers,lopezmichael@example.org,2024-11-28,user_export_2026.csv,2026-08-09T16:21:13.775454
U001660,Cody Johnson,swatkins@example.com,2022-03-01,user_export_2026.csv,2026-08-09T16:21:13.775651
U001661,    ,carolyn76@example.com,23/01/2026,user_export_2026.csv,2026-08-09T16:21:13.775834
U001662,Timothy Young,fisherkim@example.net,2020-03-08,user_export_2026.csv,2026-08-09T16:21:13.776121
U001613,  Allen Hunt  ,olivia83@example.net,2022/05/17,user_export_2026.csv,2026-08-09T16:21:13.776314
U001664,Beverly Cook,wallerkyle@example.org,2021-09-02,user_export_2026.csv,2026-08-09T16:21:13.776560
U001665,Judy Martin,hopkinsjames@example.org,2020-10-22,user_export_2026.csv,2026-08-09T16:21:13.776806
U001339,,samuelramsey@example.org,06-07-2020,user_export_2026.csv,2026-08-09T16:21:13.777096
U001667,Sarah Brooks,gmoore@example.com,2020-07-23,user_export_2026.csv,2026-08-09T16:21:13.777306
U001668,Jennifer Lewis,dbarnett@example.net,2021-02-02,user_export_2026.csv,2026-08-09T16:21:13.777553
U001669,Thomas Hughes,kathryn26@example.com,2020-09-18,user_export_2026.csv,2026-08-09T16:21:13.777744
U001670,Sally Cross,icarlson@example.org,2025-07-29,user_export_2026.csv,2026-08-09T16:21:13.777946
U001671,Michael Cordova,walkercharlotte@example.org,2020-09-15,user_export_2026.csv,2026-08-09T16:21:13.778240
U001672,Gerald Morrow,pmelendez@example.org,2024-07-04,user_export_2026.csv,2026-08-09T16:21:13.778443
U001673,Cole Clark,ydavis@example.net,2026-06-17,user_export_2026.csv,2026-08-09T16:21:13.778639
U001674,Chris Collins,ajohnson@example.org,2022-05-23,user_export_2026.csv,2026-08-09T16:21:13.778835
U001675,Michael Flowers,wdrake@example.net,2023-10-06,user_export_2026.csv,2026-08-09T16:21:13.779071
U001676,  Mary Sullivan  ,martindavid@example.net,2024/02/24,user_export_2026.csv,2026-08-09T16:21:13.779329
U001677,Jesse Tucker,dhenderson@example.com,2021-06-30,user_export_2026.csv,2026-08-09T16:21:13.779529
U001678,  Patrick Wilson  ,xshaw@example.com,03/05/2020,user_export_2026.csv,2026-08-09T16:21:13.779725
U001679,Sarah Bonilla,floydtina@example.net,03/08/2023,user_export_2026.csv,2026-08-09T16:21:13.779972
U001680,Sheila Miller,rogerssarah@example.net,2021-06-03,user_export_2026.csv,2026-08-09T16:21:13.780264
U001681,Jose Mendez,dgraham@example.com,2025-11-12,user_export_2026.csv,2026-08-09T16:21:13.780466
U001682,Sean Stevens,smallgina@example.com,2021-12-15,user_export_2026.csv,2026-08-09T16:21:13.780707
U001683,Michael Wang,invalid-email,2022-01-07,user_export_2026.csv,2026-08-09T16:21:13.780822
U001684,Derek Carter,usmith@example.com,2020-12-26,user_export_2026.csv,2026-08-09T16:21:13.781068
U001685,Linda Howard,schmidtrandy@example.org,2023-11-25,user_export_2026.csv,2026-08-09T16:21:13.781327
U001686,Brandon Acosta,rjordan@example.com,2022-02-25,user_export_2026.csv,2026-08-09T16:21:13.781571
U001687,    ,uwilliams@example.com,2026/01/19,user_export_2026.csv,2026-08-09T16:21:13.781781
U001688,Lee Cummings,reyestina@example.org,2023-02-06,user_export_2026.csv,2026-08-09T16:21:13.782071
U000305,  Mark Turner  ,vjohnson@example.com,04/27/2025,user_export_2026.csv,2026-08-09T16:21:13.782285
U001690,Natalie Miller,invalid-email,2024-01-31,user_export_2026.csv,2026-08-09T16:21:13.782404
U001691,Traci Leon,wanda98@example.net,2023-10-01,user_export_2026.csv,2026-08-09T16:21:13.782587
U001692,Dana Lindsey,ashley36@example.com,2025-01-30,user_export_2026.csv,2026-08-09T16:21:13.782769
U001693,Paula Hill,jacobsrenee@example.net,04/29/2020,user_export_2026.csv,2026-08-09T16:21:13.783062
U001694,Aaron Clark,rsandoval@example.com,12-09-2024,user_export_2026.csv,2026-08-09T16:21:13.783275
U001695,Richard Reid,walkerandrew@example.com,2021-03-27,user_export_2026.csv,2026-08-09T16:21:13.783520
U001696,Logan Chandler,omatthews@example.net,2024-08-16,user_export_2026.csv,2026-08-09T16:21:13.783718
U001697,James Spears,cooperluis@example.com,2022-06-22,user_export_2026.csv,2026-08-09T16:21:13.783959
U001698,    ,emilyscott@example.org,2022/06/04,user_export_2026.csv,2026-08-09T16:21:13.784253
U001699,Laura Miller,whoffman@example.org,2022-03-06,user_export_2026.csv,2026-08-09T16:21:13.784458
U001700,William Wood,karen77@example.org,2022-04-08,user_export_2026.csv,2026-08-09T16:21:13.784638
U001701,Kevin Weber,invalid-email,2026-05-18,user_export_2026.csv,2026-08-09T16:21:13.784760
U000953,Jennifer Hubbard,angela73@example.com,08-11-2023,user_export_2026.csv,2026-08-09T16:21:13.784945
U001703,Bonnie Lawson,davisjeffery@example.org,2021-11-27,user_export_2026.csv,2026-08-09T16:21:13.785243
U001704,Cassandra Moore,wpierce@example.org,2022-07-29,user_export_2026.csv,2026-08-09T16:21:13.785447
U001705,  Kyle Flores  ,crystal58@example.net,04/23/2025,user_export_2026.csv,2026-08-09T16:21:13.785684
U001706,Courtney Powell,cmitchell@example.org,2022-10-07,user_export_2026.csv,2026-08-09T16:21:13.785890
U001707,Cassandra Roberts,kathryn21@example.com,2022-06-29,user_export_2026.csv,2026-08-09T16:21:13.786119
U001708,Jennifer Barnes,danamontgomery@example.org,2021-09-02,user_export_2026.csv,2026-08-09T16:21:13.786374
U001709,Kathy Miller,udougherty@example.net,2024-09-07,user_export_2026.csv,2026-08-09T16:21:13.786576
U001710,Keith Kennedy,invalid-email,2025-04-11,user_export_2026.csv,2026-08-09T16:21:13.786748
U001711,Jacob Paul,marnold@example.org,2024-10-09,user_export_2026.csv,2026-08-09T16:21:13.786989
U001712,Nathan Allen,mgiles@example.com,2021-02-05,user_export_2026.csv,2026-08-09T16:21:13.787243
U001713,Austin Johnson,rstevens@example.net,2026-04-06,user_export_2026.csv,2026-08-09T16:21:13.787444
U001714,David Thompson,hporter@example.net,2024-07-23,user_export_2026.csv,2026-08-09T16:21:13.787641
U001715,Shelby Stout,stevenrivers@example.org,2023-04-26,user_export_2026.csv,2026-08-09T16:21:13.787892
U001716,Melanie Russell,eatkins@example.com,2020-03-06,user_export_2026.csv,2026-08-09T16:21:13.788142
U001717,Sophia Medina,gonzalesmaria@example.org,2025-02-24,user_export_2026.csv,2026-08-09T16:21:13.788393
U001718,James Short,coxjennifer@example.net,2020-04-09,user_export_2026.csv,2026-08-09T16:21:13.788683
U001719,Jessica Cobb,thomasjose@example.net,2021-07-21,user_export_2026.csv,2026-08-09T16:21:13.788930
U001720,Ashley Jackson,jdouglas@example.org,2024-02-26,user_export_2026.csv,2026-08-09T16:21:13.789186
U001721,Christine Davis,ellisjenna@example.org,2020-01-06,user_export_2026.csv,2026-08-09T16:21:13.789436
U001722,Grace Norris,kristin49@example.com,2023-09-25,user_export_2026.csv,2026-08-09T16:21:13.789676
U001723,Pam Hernandez,anthony59@example.com,2023-01-10,user_export_2026.csv,2026-08-09T16:21:13.789863
U001724,Elizabeth Baldwin,thomas74@example.org,2026-06-14,user_export_2026.csv,2026-08-09T16:21:13.790091
U001725,Melissa Thomas,michele43@example.org,2020-11-27,user_export_2026.csv,2026-08-09T16:21:13.790282
U001726,Lauren Hernandez,greenjennifer@example.net,2020-08-12,user_export_2026.csv,2026-08-09T16:21:13.790528
U001727,Kellie Woods,teresaschneider@example.net,2024-01-30,user_export_2026.csv,2026-08-09T16:21:13.790773
U001728,Emily Brooks,hwong@example.com,2024-02-06,user_export_2026.csv,2026-08-09T16:21:13.790972
U001729,Steven Smith,invalid-email,2024-02-09,user_export_2026.csv,2026-08-09T16:21:13.791133
U001730,Gloria Parker,edwardfranklin@example.net,2020-10-01,user_export_2026.csv,2026-08-09T16:21:13.791385
U001731,Marie Kelly,ohudson@example.org,2021-07-20,user_export_2026.csv,2026-08-09T16:21:13.791585
U001732,Sarah Logan,judithcox@example.org,2021-04-10,user_export_2026.csv,2026-08-09T16:21:13.791829
U001733,Brett Rivera,nelsonsuzanne@example.net,2026-07-04,user_export_2026.csv,2026-08-09T16:21:13.792117
U001734,Angela Yates,pknight@example.org,2022-07-12,user_export_2026.csv,2026-08-09T16:21:13.792324
U001735,Patrick Norris,jeremylove@example.org,2025-08-24,user_export_2026.csv,2026-08-09T16:21:13.792566
U001736,Lee Arnold,pauljessica@example.org,2020-09-16,user_export_2026.csv,2026-08-09T16:21:13.792808
U001737,Brandi Turner,jeremywillis@example.net,2025-08-15,user_export_2026.csv,2026-08-09T16:21:13.793111
U001738,Brett Keith,florescynthia@example.org,2025-12-18,user_export_2026.csv,2026-08-09T16:21:13.793367
U001739,Jeremy Alvarez,danielsjason@example.com,2023-04-12,user_export_2026.csv,2026-08-09T16:21:13.793662
U001740,Adam Jordan,cortezscott@example.net,2020-09-25,user_export_2026.csv,2026-08-09T16:21:13.793910
U001741,Robert Mendez,qgay@example.com,2020-12-23,user_export_2026.csv,2026-08-09T16:21:13.794159
U001742,    ,ppalmer@example.com,23-03-2021,user_export_2026.csv,2026-08-09T16:21:13.794365
U001743,Joseph Peterson,connie12@example.com,2022-04-16,user_export_2026.csv,2026-08-09T16:21:13.794547
U001744,Steven Hicks,emartin@example.com,2023-04-15,user_export_2026.csv,2026-08-09T16:21:13.794749
U001745,Anna Atkins,dana82@example.org,2021-06-24,user_export_2026.csv,2026-08-09T16:21:13.794931
U001746,Pamela Lewis,luke87@example.org,2020-03-28,user_export_2026.csv,2026-08-09T16:21:13.795160
U001747,Tanya Clark,mariolee@example.com,2022-08-09,user_export_2026.csv,2026-08-09T16:21:13.795409
U001748,Sarah Bishop,markblack@example.com,2023-10-07,user_export_2026.csv,2026-08-09T16:21:13.795654
U001749,Rachel Chan,jeremy47@example.com,2023-08-29,user_export_2026.csv,2026-08-09T16:21:13.795835
U001750,Eric Acosta,shannon69@example.com,2025-12-11,user_export_2026.csv,2026-08-09T16:21:13.796053
U001751,Abigail Case,schmittmichael@example.org,2023-05-30,user_export_2026.csv,2026-08-09T16:21:13.796312
U001752,Pamela Smith,jasonmoran@example.com,2023-06-09,user_export_2026.csv,2026-08-09T16:21:13.796558
U001753,Allison Simmons,jnguyen@example.net,2025-06-06,user_export_2026.csv,2026-08-09T16:21:13.796758
U001754,Daniel Shaw,daniel32@example.com,2020-07-12,user_export_2026.csv,2026-08-09T16:21:13.796937
U001755,Teresa Watkins,harringtonpeter@example.net,2021-11-12,user_export_2026.csv,2026-08-09T16:21:13.797232
U001756,Mr. Lawrence Brooks,brownmatthew@example.net,2026-01-01,user_export_2026.csv,2026-08-09T16:21:13.797520
U001757,Thomas Rodriguez,nicolejones@example.net,2021-09-20,user_export_2026.csv,2026-08-09T16:21:13.797784
U001758,Christian Hernandez,audrey81@example.com,2023-07-20,user_export_2026.csv,2026-08-09T16:21:13.797965
U001759,Kenneth Farmer,angela40@example.org,2024-02-23,user_export_2026.csv,2026-08-09T16:21:13.798196
U001760,Andrea Hartman,susan57@example.net,2020-05-22,user_export_2026.csv,2026-08-09T16:21:13.798381
U001761,Cathy Mcdonald,mcox@example.net,2021-08-28,user_export_2026.csv,2026-08-09T16:21:13.798582
U001762,Deanna Munoz,taylordawn@example.com,2021-10-27,user_export_2026.csv,2026-08-09T16:21:13.798826
U001763,John Williams,durhamwilliam@example.org,2020-04-12,user_export_2026.csv,2026-08-09T16:21:13.799114
U001764,Whitney Moyer,kristy74@example.net,2021-08-18,user_export_2026.csv,2026-08-09T16:21:13.799304
U001765,Austin Jones,mccannkimberly@example.net,2021-10-01,user_export_2026.csv,2026-08-09T16:21:13.799548
U001766,Jose York,mbishop@example.org,04/25/2023,user_export_2026.csv,2026-08-09T16:21:13.799749
U001767,Jessica Hill,vpreston@example.org,2026-06-07,user_export_2026.csv,2026-08-09T16:21:13.799950
U001768,Angel Holland,shawn60@example.com,2024-12-15,user_export_2026.csv,2026-08-09T16:21:13.800303
U001769,Abigail Clayton,smithmarcus@example.org,2025-05-15,user_export_2026.csv,2026-08-09T16:21:13.800570
U001770,Daniel Craig,amanda39@example.com,2026-03-06,user_export_2026.csv,2026-08-09T16:21:13.800757
U001264,  Michelle Ray  ,kendraharris@example.org,13/01/2021,user_export_2026.csv,2026-08-09T16:21:13.801047
U001772,Joseph Blackburn,chanamber@example.org,2022-06-28,user_export_2026.csv,2026-08-09T16:21:13.801377
U001773,Ethan Hall,jamesmartin@example.com,2022-03-12,user_export_2026.csv,2026-08-09T16:21:13.801789
U001774,  Thomas Barton  ,taylorrachel@example.com,2020/12/23,user_export_2026.csv,2026-08-09T16:21:13.802093
U001775,Travis Johnson,omargriffin@example.com,2025-09-26,user_export_2026.csv,2026-08-09T16:21:13.802349
U001776,Ray Lawrence,davisgregory@example.net,2024-01-18,user_export_2026.csv,2026-08-09T16:21:13.802596
U001777,Barbara Sherman,shepardjoy@example.com,2024-10-17,user_export_2026.csv,2026-08-09T16:21:13.802842
U001778,Emily Lee,marshmichael@example.com,2023-03-11,user_export_2026.csv,2026-08-09T16:21:13.803148
U001779,Theresa Smith,zlara@example.org,2024-12-30,user_export_2026.csv,2026-08-09T16:21:13.803359
U001780,Tracy Copeland,pbautista@example.com,2024-12-24,user_export_2026.csv,2026-08-09T16:21:13.803559
U001781,Michael Santos,bliu@example.com,2024-12-17,user_export_2026.csv,2026-08-09T16:21:13.803756
U001782,Stephanie Williams,gregorysmith@example.net,2024-10-02,user_export_2026.csv,2026-08-09T16:21:13.804032
U001783,Michael Farmer,carlsonjason@example.net,2026-08-02,user_export_2026.csv,2026-08-09T16:21:13.804302
U001784,Jacqueline Perry,robertthompson@example.net,2023-05-27,user_export_2026.csv,2026-08-09T16:21:13.804677
U001785,Natalie Patrick,michaelbuckley@example.org,2023-10-05,user_export_2026.csv,2026-08-09T16:21:13.805092
U001786,  Damon Powell  ,regina49@example.com,04/08/2024,user_export_2026.csv,2026-08-09T16:21:13.805290
U001787,Alexander Johnson,jjohnson@example.com,2021-07-14,user_export_2026.csv,2026-08-09T16:21:13.805533
U001788,James George,ericsmith@example.org,2023-03-31,user_export_2026.csv,2026-08-09T16:21:13.805794
U001789,William Rodriguez,invalid-email,2023-05-21,user_export_2026.csv,2026-08-09T16:21:13.805911
U001790,William Chase,mtaylor@example.net,2026-04-09,user_export_2026.csv,2026-08-09T16:21:13.806161
U001791,John Lam,david85@example.net,2020-01-11,user_export_2026.csv,2026-08-09T16:21:13.806346
U001792,Anne Vasquez,davidrobertson@example.org,2025-04-19,user_export_2026.csv,2026-08-09T16:21:13.806593
U001793,Bradley Davis,ncampbell@example.org,2023-03-24,user_export_2026.csv,2026-08-09T16:21:13.806791
U001794,David Blair,mark79@example.net,2022-09-29,user_export_2026.csv,2026-08-09T16:21:13.806967
U001795,  Victoria Adams  ,markbrooks@example.org,2024/01/21,user_export_2026.csv,2026-08-09T16:21:13.807268
U001796,Taylor Johnson,ywelch@example.org,2025-05-03,user_export_2026.csv,2026-08-09T16:21:13.807524
U001797,Alexis Walters,fernandomorris@example.net,2024-03-08,user_export_2026.csv,2026-08-09T16:21:13.807773
U001798,Dr. Cody Kane,nhayes@example.com,2022-11-29,user_export_2026.csv,2026-08-09T16:21:13.807978
U001799,Kimberly Wilson,diana85@example.com,2023-08-02,user_export_2026.csv,2026-08-09T16:21:13.808216
U001800,Charlotte Peterson DVM,qalvarado@example.com,2024-01-03,user_export_2026.csv,2026-08-09T16:21:13.808428
U001801,Deborah Casey,imay@example.org,2024-09-14,user_export_2026.csv,2026-08-09T16:21:13.808627
U001802,William Greer,piercekenneth@example.com,2020-07-18,user_export_2026.csv,2026-08-09T16:21:13.808870
U001803,Jeffrey Joyce,burchteresa@example.org,2020-11-10,user_export_2026.csv,2026-08-09T16:21:13.809160
U001804,Todd Lutz,donaldbecker@example.org,2022-01-20,user_export_2026.csv,2026-08-09T16:21:13.809409
U001805,Patrick Fox,annaschmidt@example.org,2021-11-15,user_export_2026.csv,2026-08-09T16:21:13.809707
U001806,Heidi Hall,nicholasgarcia@example.org,2023-05-18,user_export_2026.csv,2026-08-09T16:21:13.809997
U001807,Shannon Perez,amberfriedman@example.com,2024-01-24,user_export_2026.csv,2026-08-09T16:21:13.810293
U001808,  Diana Haley  ,invalid-email,23/10/2025,user_export_2026.csv,2026-08-09T16:21:13.810415
U001809,Elizabeth Santana,denglish@example.com,2021-10-29,user_export_2026.csv,2026-08-09T16:21:13.810615
U001810,,jeanette43@example.net,2026/04/07,user_export_2026.csv,2026-08-09T16:21:13.810798
U001811,Tina Brown,etaylor@example.org,2026-03-07,user_export_2026.csv,2026-08-09T16:21:13.810998
U001812,Renee Tapia,petermoore@example.com,2024-09-05,user_export_2026.csv,2026-08-09T16:21:13.811298
U001813,Corey Flowers,perezstacy@example.org,2021-06-21,user_export_2026.csv,2026-08-09T16:21:13.811544
U001814,Becky Singh,jamiethomas@example.com,2023-06-30,user_export_2026.csv,2026-08-09T16:21:13.811789
U001815,Alexandra Wilson,alexandria97@example.org,2024-12-15,user_export_2026.csv,2026-08-09T16:21:13.811971
U001816,Elizabeth Martinez,whernandez@example.net,2023-11-02,user_export_2026.csv,2026-08-09T16:21:13.812219
U001817,Dillon Travis,qmassey@example.org,2021-04-30,user_export_2026.csv,2026-08-09T16:21:13.812420
U001818,Jessica Jackson,oblake@example.net,2021-08-06,user_export_2026.csv,2026-08-09T16:21:13.812620
U001819,Zachary Morrison,john76@example.com,2022-05-09,user_export_2026.csv,2026-08-09T16:21:13.812798
U001820,Brian Carrillo,rebecca85@example.com,2021-04-02,user_export_2026.csv,2026-08-09T16:21:13.812976
U001821,Danielle Kelly,invalid-email,2021-03-17,user_export_2026.csv,2026-08-09T16:21:13.813145
U001822,Micheal Washington,bwalker@example.net,2021-05-02,user_export_2026.csv,2026-08-09T16:21:13.813350
U001823,Zachary Mckenzie,invalid-email,2023-05-20,user_export_2026.csv,2026-08-09T16:21:13.813465
U001824,Lawrence Cunningham DDS,gwilliams@example.net,2021-05-22,user_export_2026.csv,2026-08-09T16:21:13.813723
U001825,Maria Garcia,wilsonkathryn@example.com,2022-03-30,user_export_2026.csv,2026-08-09T16:21:13.813973
U001826,Michelle Munoz,chiggins@example.com,2021-01-06,user_export_2026.csv,2026-08-09T16:21:13.814225
U001827,Jessica Murray,bentleylisa@example.net,2023-02-10,user_export_2026.csv,2026-08-09T16:21:13.814474
U001828,Jessica Odonnell,ashleyjohnson@example.com,2021-10-19,user_export_2026.csv,2026-08-09T16:21:13.814724
U001829,Thomas Pham,qatkinson@example.com,2022-09-17,user_export_2026.csv,2026-08-09T16:21:13.814924
U001830,Hailey Beltran,joshuabowers@example.com,2026-06-26,user_export_2026.csv,2026-08-09T16:21:13.815220
U001831,William Baker,jasontownsend@example.net,2022-02-23,user_export_2026.csv,2026-08-09T16:21:13.815467
U001832,Natalie Mullins,megangates@example.com,2026-01-09,user_export_2026.csv,2026-08-09T16:21:13.815710
U001833,Joshua Trujillo,leslietorres@example.net,28/04/2025,user_export_2026.csv,2026-08-09T16:21:13.815955
U001834,Jared Howell,katherineharris@example.net,2021-03-15,user_export_2026.csv,2026-08-09T16:21:13.816246
U001835,Mr. Jeffrey Ward,susanmorris@example.org,2024-04-03,user_export_2026.csv,2026-08-09T16:21:13.816500
U001836,Eric Hunter,katherine82@example.com,2024-07-27,user_export_2026.csv,2026-08-09T16:21:13.816680
U001837,,jphelps@example.net,07/10/2021,user_export_2026.csv,2026-08-09T16:21:13.816882
U001838,Hector Anderson,vgarcia@example.com,2020-06-15,user_export_2026.csv,2026-08-09T16:21:13.817124
U001839,  Tricia Nguyen  ,scottwilliams@example.net,07/01/2023,user_export_2026.csv,2026-08-09T16:21:13.817380
U001840,Willie Johnson,marthalucero@example.org,2024-10-18,user_export_2026.csv,2026-08-09T16:21:13.817677
U001841,Jessica Cain,alexandersanchez@example.org,2025-05-02,user_export_2026.csv,2026-08-09T16:21:13.817927
U001842,Karen Gonzales,robertabbott@example.net,2020-02-22,user_export_2026.csv,2026-08-09T16:21:13.818223
U001843,Kenneth Barrera,tfrancis@example.com,2021-03-06,user_export_2026.csv,2026-08-09T16:21:13.818425
U001844,Deborah Wood,lukekelly@example.net,2020-12-14,user_export_2026.csv,2026-08-09T16:21:13.818671
U001845,  Scott Andersen  ,laurariley@example.org,2021-11-22,user_export_2026.csv,2026-08-09T16:21:13.818915
U001846,Dr. Katie Alvarez,daniel93@example.net,2024-07-13,user_export_2026.csv,2026-08-09T16:21:13.819150
U001847,Michael Bray,stevenandrews@example.org,2025-08-06,user_export_2026.csv,2026-08-09T16:21:13.819399
U001848,Jeffrey Garza,bentongeorge@example.net,2026-07-11,user_export_2026.csv,2026-08-09T16:21:13.819642
U001849,Matthew Huang,jdillon@example.org,2024-06-27,user_export_2026.csv,2026-08-09T16:21:13.819840
U001850,Ana Higgins,stacey09@example.com,2024-07-14,user_export_2026.csv,2026-08-09T16:21:13.820066
U001851,Phillip Anderson,clewis@example.com,2021-08-26,user_export_2026.csv,2026-08-09T16:21:13.820276
U001852,Megan Rivera,ithomas@example.net,2022-10-23,user_export_2026.csv,2026-08-09T16:21:13.820478
U001853,Shari Arellano,josephmichael@example.org,2021-07-05,user_export_2026.csv,2026-08-09T16:21:13.820724
U001854,  Andrea Brown  ,ucross@example.org,19-04-2020,user_export_2026.csv,2026-08-09T16:21:13.820926
U001855,Kyle Blake,maryjohnson@example.com,2021-01-29,user_export_2026.csv,2026-08-09T16:21:13.821222
U001856,Evelyn Davis,rberry@example.com,2025-10-30,user_export_2026.csv,2026-08-09T16:21:13.821425
U001857,Jane Wells,isaac45@example.org,2022-04-07,user_export_2026.csv,2026-08-09T16:21:13.821661
U001858,Sherry Porter,jorgegonzalez@example.com,2025-08-29,user_export_2026.csv,2026-08-09T16:21:13.821910
U001859,Miss Gina Walton,andrew90@example.net,2026-01-23,user_export_2026.csv,2026-08-09T16:21:13.822148
U001860,Jake Jackson,smithpaul@example.org,2020-05-09,user_export_2026.csv,2026-08-09T16:21:13.822398
U001861,Laura Brooks,sosajacob@example.net,2021-05-02,user_export_2026.csv,2026-08-09T16:21:13.822643
U001862,Mr. William Davis DDS,carolberry@example.com,2024-03-21,user_export_2026.csv,2026-08-09T16:21:13.822896
U001863,Sheryl Thompson,invalid-email,2021-12-25,user_export_2026.csv,2026-08-09T16:21:13.823067
U001864,Robert Johnson,mcconnellpamela@example.org,2023-05-26,user_export_2026.csv,2026-08-09T16:21:13.823327
U001865,Emily Carter,felicia98@example.org,2024-10-30,user_export_2026.csv,2026-08-09T16:21:13.823509
U001866,Kathleen Munoz,sharon86@example.com,2025-06-19,user_export_2026.csv,2026-08-09T16:21:13.823694
U001867,Mary Jones,michaelallen@example.com,2025-07-02,user_export_2026.csv,2026-08-09T16:21:13.823938
U001868,Jared Howard,qcochran@example.net,2026-06-01,user_export_2026.csv,2026-08-09T16:21:13.824187
U001869,Leslie Abbott,alvaradoluke@example.net,2021-10-02,user_export_2026.csv,2026-08-09T16:21:13.824437
U001870,Michaela Boyd,justintaylor@example.org,2025-07-19,user_export_2026.csv,2026-08-09T16:21:13.824699
U001871,Mark Powell,bmiller@example.com,2023-12-15,user_export_2026.csv,2026-08-09T16:21:13.824904
U001872,Justin Lynch,tyler40@example.net,2020-09-08,user_export_2026.csv,2026-08-09T16:21:13.825144
U001714,Chelsea Davis,daniellestevenson@example.net,2026-07-19,user_export_2026.csv,2026-08-09T16:21:13.825404
U001874,Walter Cruz,tamara06@example.net,2024-10-19,user_export_2026.csv,2026-08-09T16:21:13.825686
U001875,Sarah Hicks,lozanocorey@example.org,2023-12-09,user_export_2026.csv,2026-08-09T16:21:13.825942
U001876,,tylerduncan@example.net,2020-12-13,user_export_2026.csv,2026-08-09T16:21:13.826244
U001877,Thomas Harris,invalid-email,2024/09/26,user_export_2026.csv,2026-08-09T16:21:13.826366
U001878,Tammy Smith,invalid-email,2025-04-07,user_export_2026.csv,2026-08-09T16:21:13.826482
U001879,Robert Guerra,valerieserrano@example.com,2024-03-27,user_export_2026.csv,2026-08-09T16:21:13.826726
U001880,Jennifer Moore,christyscott@example.com,2021-02-04,user_export_2026.csv,2026-08-09T16:21:13.826973
U001881,Michelle Barrera,jamie46@example.net,2022-04-23,user_export_2026.csv,2026-08-09T16:21:13.827211
U001882,Rodney Bennett,lisafreeman@example.net,2023-10-22,user_export_2026.csv,2026-08-09T16:21:13.827459
U001883,Michael Williams,sanderson@example.org,2024-11-20,user_export_2026.csv,2026-08-09T16:21:13.827659
U001884,Brian Moore,ijones@example.com,2020-11-04,user_export_2026.csv,2026-08-09T16:21:13.827856
U001885,Patrick Moses,smitchell@example.com,2023-03-23,user_export_2026.csv,2026-08-09T16:21:13.828096
U001886,Deborah Juarez,mcarson@example.org,2026-06-07,user_export_2026.csv,2026-08-09T16:21:13.828302
U001887,Kathleen Martinez,harrisondaniel@example.org,2021-01-11,user_export_2026.csv,2026-08-09T16:21:13.828548
U001888,James Miller,allenchristina@example.com,2023-10-11,user_export_2026.csv,2026-08-09T16:21:13.828790
U001889,Jessica Hammond,kaylahardy@example.org,2025-12-15,user_export_2026.csv,2026-08-09T16:21:13.829076
U001890,Tiffany Peterson,sandra57@example.org,2020-11-10,user_export_2026.csv,2026-08-09T16:21:13.829268
U001891,Amy James,william32@example.net,2023-05-13,user_export_2026.csv,2026-08-09T16:21:13.829449
U001892,Matthew Gonzales,pjones@example.net,2022-03-30,user_export_2026.csv,2026-08-09T16:21:13.829703
U001893,Kristin Thomas,brian16@example.net,2025-10-11,user_export_2026.csv,2026-08-09T16:21:13.829889
U001894,Lisa Jackson,mitchell21@example.net,2022-01-09,user_export_2026.csv,2026-08-09T16:21:13.830119
U001895,James Hart,hmack@example.org,2025-10-15,user_export_2026.csv,2026-08-09T16:21:13.830322
U001896,Amanda Gardner,banksrenee@example.net,2022-05-22,user_export_2026.csv,2026-08-09T16:21:13.830567
U001897,Diane Jensen,pkent@example.net,2025-03-29,user_export_2026.csv,2026-08-09T16:21:13.830766
U001898,David Baird DDS,jcalhoun@example.com,2024-11-11,user_export_2026.csv,2026-08-09T16:21:13.830969
U001899,Heather Thomas,sylviaprice@example.com,2020-09-02,user_export_2026.csv,2026-08-09T16:21:13.831262
U001900,Isabel Smith,douglas76@example.net,2021-08-28,user_export_2026.csv,2026-08-09T16:21:13.831447
U001901,Sarah Archer,marygomez@example.com,2023-05-14,user_export_2026.csv,2026-08-09T16:21:13.831693
U001902,Jason Quinn,dfarley@example.com,2020-09-20,user_export_2026.csv,2026-08-09T16:21:13.831891
U001903,Maurice Anderson,johnmarquez@example.net,2022-12-29,user_export_2026.csv,2026-08-09T16:21:13.832182
U001904,Shane Hopkins,rachel86@example.com,2022-11-16,user_export_2026.csv,2026-08-09T16:21:13.832366
U001905,Cindy Thomas,danielsshaun@example.net,2022-09-03,user_export_2026.csv,2026-08-09T16:21:13.832612
U001906,,donnagiles@example.com,03/16/2025,user_export_2026.csv,2026-08-09T16:21:13.832854
U001907,Jeremy Benson,lbradley@example.com,2020-05-31,user_export_2026.csv,2026-08-09T16:21:13.833096
U001908,Miss Patricia Davidson,edwardstewart@example.org,2020-04-29,user_export_2026.csv,2026-08-09T16:21:13.833358
U001909,Bianca Velazquez,cheryl98@example.net,2026-03-05,user_export_2026.csv,2026-08-09T16:21:13.833607
U001910,Amanda Davis,milleralan@example.org,2025-06-13,user_export_2026.csv,2026-08-09T16:21:13.833864
U001911,Brandon Huynh,james23@example.com,2020-12-09,user_export_2026.csv,2026-08-09T16:21:13.834090
U001912,Heidi Blankenship,talvarez@example.org,2020-09-17,user_export_2026.csv,2026-08-09T16:21:13.834300
U001913,Brian Hoffman,frankwilson@example.net,2024-01-28,user_export_2026.csv,2026-08-09T16:21:13.834543
U001914,Justin Fuller,hannah31@example.net,2024-06-13,user_export_2026.csv,2026-08-09T16:21:13.834727
U001915,Susan Davis,taylorparker@example.com,2021-07-29,user_export_2026.csv,2026-08-09T16:21:13.834972
U001916,Randall Willis,sarah99@example.org,2025-08-11,user_export_2026.csv,2026-08-09T16:21:13.835200
U001917,Alejandro Vasquez,nicole15@example.org,2026-07-05,user_export_2026.csv,2026-08-09T16:21:13.835382
U001918,Marcus Byrd,danieldonovan@example.net,2022-10-28,user_export_2026.csv,2026-08-09T16:21:13.835625
U001919,Mark Carter,gomeztonya@example.com,2021-05-15,user_export_2026.csv,2026-08-09T16:21:13.835867
U001920,Steven Butler,michaelking@example.net,2026-07-21,user_export_2026.csv,2026-08-09T16:21:13.836154
U001921,Joseph Moon,kflores@example.org,2022-08-24,user_export_2026.csv,2026-08-09T16:21:13.836356
U001922,Melody Baker,rmorgan@example.net,2021-03-13,user_export_2026.csv,2026-08-09T16:21:13.836553
U001923,Mary Hopkins MD,andersontiffany@example.net,2024-12-05,user_export_2026.csv,2026-08-09T16:21:13.836803
U001924,Kenneth Turner,rebeccajames@example.org,2020-08-17,user_export_2026.csv,2026-08-09T16:21:13.837088
U001925,Debra Brooks,linda66@example.net,2021-04-07,user_export_2026.csv,2026-08-09T16:21:13.837314
U001926,Tommy Ball,tracyadams@example.com,2022-10-06,user_export_2026.csv,2026-08-09T16:21:13.837763
U001927,Angela Wade,michelle10@example.org,2021-08-16,user_export_2026.csv,2026-08-09T16:21:13.837959
U001928,Ashley Jones,calvin93@example.org,2023-06-16,user_export_2026.csv,2026-08-09T16:21:13.838201
U001929,  Alexandra Smith  ,molly91@example.org,11-08-2020,user_export_2026.csv,2026-08-09T16:21:13.838390
U001930,Tracie Costa,kristi19@example.org,2024-01-26,user_export_2026.csv,2026-08-09T16:21:13.838576
U001931,Charles Hardin,lopezjennifer@example.org,2025-12-30,user_export_2026.csv,2026-08-09T16:21:13.838901
U001932,Rickey Hall,lovepaul@example.net,2024-05-10,user_export_2026.csv,2026-08-09T16:21:13.839211
U001933,Karen Gonzalez,ljacobs@example.com,2023-05-17,user_export_2026.csv,2026-08-09T16:21:13.839421
U001934,Michael Hancock,ramoswilliam@example.org,2021-10-18,user_export_2026.csv,2026-08-09T16:21:13.839667
U001935,Craig Thomas,hollywarner@example.org,2024-07-22,user_export_2026.csv,2026-08-09T16:21:13.839910
U001936,Samuel Avila,franciscoreid@example.net,2020-11-24,user_export_2026.csv,2026-08-09T16:21:13.840202
U001937,Jason Davidson,ronaldsummers@example.net,2025-04-13,user_export_2026.csv,2026-08-09T16:21:13.840450
U001938,Adam Zamora,juan21@example.org,2023-09-24,user_export_2026.csv,2026-08-09T16:21:13.840732
U001939,Gregory Quinn,wmiller@example.net,2021-02-15,user_export_2026.csv,2026-08-09T16:21:13.840943
U001940,William Craig,brianna59@example.net,2025-09-04,user_export_2026.csv,2026-08-09T16:21:13.841185
U001941,Laura Acosta,shannon75@example.com,08/31/2023,user_export_2026.csv,2026-08-09T16:21:13.841374
U001942,John Gardner,jeremyjackson@example.net,2022-01-22,user_export_2026.csv,2026-08-09T16:21:13.841678
U001943,John Murray,dford@example.com,2021-07-11,user_export_2026.csv,2026-08-09T16:21:13.841884
U001944,  Oscar Cruz  ,markskristina@example.com,29-03-2021,user_export_2026.csv,2026-08-09T16:21:13.842179
U001945,Lynn Ross MD,edwardshah@example.org,2021-06-16,user_export_2026.csv,2026-08-09T16:21:13.842438
U001946,James Hernandez,james76@example.org,2023-08-01,user_export_2026.csv,2026-08-09T16:21:13.842619
U001947,Tyler Dunn,jameslawson@example.com,2021-06-30,user_export_2026.csv,2026-08-09T16:21:13.842860
U001948,Travis Moore,gomezdaniel@example.com,2023-09-03,user_export_2026.csv,2026-08-09T16:21:13.843172
U001949,Lisa Thomas,alara@example.com,2024-08-24,user_export_2026.csv,2026-08-09T16:21:13.843382
U001950,Eric Moore,gabriella69@example.org,2024-03-25,user_export_2026.csv,2026-08-09T16:21:13.843564
U001951,Kendra Peterson,lindsay25@example.net,2022-07-08,user_export_2026.csv,2026-08-09T16:21:13.843861
U001143,  Amy West  ,usanchez@example.net,12/30/2020,user_export_2026.csv,2026-08-09T16:21:13.844239
U001953,Shane Edwards,jbuchanan@example.com,2024-06-30,user_export_2026.csv,2026-08-09T16:21:13.844447
U001954,Erin Lee,tammyharrington@example.net,2021-09-03,user_export_2026.csv,2026-08-09T16:21:13.844700
U001955,Crystal Watkins,lisawright@example.net,11/23/2025,user_export_2026.csv,2026-08-09T16:21:13.844950
U001956,Alec Dixon,cruzeddie@example.com,2025-07-17,user_export_2026.csv,2026-08-09T16:21:13.845244
U001957,,carl63@example.com,26/12/2022,user_export_2026.csv,2026-08-09T16:21:13.845430
U001958,Helen Strickland,owright@example.org,2022-04-26,user_export_2026.csv,2026-08-09T16:21:13.845690
U001959,Roger Olson,kristenfrye@example.com,2023-03-05,user_export_2026.csv,2026-08-09T16:21:13.845936
U001960,Miss Kimberly Holloway,susanharper@example.org,2022-01-08,user_export_2026.csv,2026-08-09T16:21:13.846458
U001961,Antonio Dyer,john66@example.net,2023-04-03,user_export_2026.csv,2026-08-09T16:21:13.846828
U001962,Alexandra Green,kennethjohnson@example.net,2025-01-21,user_export_2026.csv,2026-08-09T16:21:13.847295
U001963,Angela Marshall,seanreyes@example.org,2025-02-19,user_export_2026.csv,2026-08-09T16:21:13.847553
U001964,Olivia Rodriguez,stephen39@example.com,16-06-2024,user_export_2026.csv,2026-08-09T16:21:13.847738
U001965,Kevin Morris,martinezmindy@example.net,2022-11-15,user_export_2026.csv,2026-08-09T16:21:13.847984
U001966,,opierce@example.com,12/04/2025,user_export_2026.csv,2026-08-09T16:21:13.848239
U001967,Jennifer Nguyen,schneidermario@example.net,2020-07-05,user_export_2026.csv,2026-08-09T16:21:13.848490
U001968,Jorge Sharp,tylermcintosh@example.org,28-02-2024,user_export_2026.csv,2026-08-09T16:21:13.848736
U001969,Joseph Bentley,christopherward@example.com,2022-12-02,user_export_2026.csv,2026-08-09T16:21:13.848981
U001970,Jason Potter,dmorales@example.net,2023-10-21,user_export_2026.csv,2026-08-09T16:21:13.849232
U001971,Richard Neal,olsenshane@example.org,2023-07-23,user_export_2026.csv,2026-08-09T16:21:13.849479
U001972,Sheila Perez,newmanangela@example.org,2022-12-02,user_export_2026.csv,2026-08-09T16:21:13.849783
U000261,Melissa Mendoza,robinsonjesse@example.org,24/02/2023,user_export_2026.csv,2026-08-09T16:21:13.850078
U001974,Brenda Flores,qavila@example.com,2022-12-16,user_export_2026.csv,2026-08-09T16:21:13.850291
U001975,Ralph Vasquez,cpierce@example.org,2021-11-06,user_export_2026.csv,2026-08-09T16:21:13.850489
U001976,Christine Aguilar,baileychristopher@example.com,2021-09-11,user_export_2026.csv,2026-08-09T16:21:13.850736
U001977,Sandra Sanders,amandaherman@example.net,2024-12-07,user_export_2026.csv,2026-08-09T16:21:13.850980
U000470,    ,mmoore@example.net,10/31/2021,user_export_2026.csv,2026-08-09T16:21:13.851234
U001979,Craig Hurst,swilson@example.com,2020-06-16,user_export_2026.csv,2026-08-09T16:21:13.851435
U001980,Larry Curtis,hharris@example.org,2026-04-16,user_export_2026.csv,2026-08-09T16:21:13.851631
U001981,Brian Fitzpatrick,jameshudson@example.net,2021-08-29,user_export_2026.csv,2026-08-09T16:21:13.851872
U001982,Michael Lewis,michael03@example.net,2023-03-09,user_export_2026.csv,2026-08-09T16:21:13.852095
U001983,Sarah Robinson,collinsjavier@example.org,2025-09-14,user_export_2026.csv,2026-08-09T16:21:13.852385
U001984,Christine Arroyo,dcortez@example.com,2026-07-26,user_export_2026.csv,2026-08-09T16:21:13.852681
U001985,Carmen Vasquez,laura31@example.net,2020-01-17,user_export_2026.csv,2026-08-09T16:21:13.852935
U001986,Aaron Johnson,vincentstacey@example.org,2024-09-01,user_export_2026.csv,2026-08-09T16:21:13.853385
U001987,James Carroll,coltonrichardson@example.net,2025-08-02,user_export_2026.csv,2026-08-09T16:21:13.853703
U001988,Jay Walter,ramirezdesiree@example.com,2020-04-16,user_export_2026.csv,2026-08-09T16:21:13.853953
U001989,Stephanie Turner,stephen31@example.net,2021-05-14,user_export_2026.csv,2026-08-09T16:21:13.854193
U001990,Melanie Johnson,hthompson@example.org,2021-03-10,user_export_2026.csv,2026-08-09T16:21:13.854402
U001991,Jordan Tanner,joseph97@example.org,2020-11-28,user_export_2026.csv,2026-08-09T16:21:13.854589
U001992,Brittany Brown,fjohnson@example.com,2025-05-19,user_export_2026.csv,2026-08-09T16:21:13.854797
U001993,Jennifer Dudley,douglassusan@example.com,2020-01-24,user_export_2026.csv,2026-08-09T16:21:13.855086
U001994,Michelle Harris,invalid-email,2025-01-29,user_export_2026.csv,2026-08-09T16:21:13.855212
U001995,Michael Richmond,jimmywest@example.org,2026-05-20,user_export_2026.csv,2026-08-09T16:21:13.855455
U001996,Amanda Hart DVM,tconner@example.net,2023-03-04,user_export_2026.csv,2026-08-09T16:21:13.855663
U001997,Jackson George,ihoover@example.org,2020-10-16,user_export_2026.csv,2026-08-09T16:21:13.855860
U001998,Steven Barber,malikfowler@example.com,2021-01-14,user_export_2026.csv,2026-08-09T16:21:13.856147
U001999,James Mcdonald,katrina27@example.net,2024-06-21,user_export_2026.csv,2026-08-09T16:21:13.856335
U002000,    ,nicole55@example.net,13-03-2023,user_export_2026.csv,2026-08-09T16:21:13.856520
U002001,Paul Hensley,pamelacooper@example.net,2023-06-24,user_export_2026.csv,2026-08-09T16:21:13.856766
U002002,Glenn Chen,melissaberry@example.org,2024-01-10,user_export_2026.csv,2026-08-09T16:21:13.857055
U002003,Jennifer Colon,mooneyamy@example.net,2025-09-30,user_export_2026.csv,2026-08-09T16:21:13.857315
U002004,Aaron Michael,jodisutton@example.com,2024-05-08,user_export_2026.csv,2026-08-09T16:21:13.857610
U002005,Gabriel Copeland MD,zmills@example.org,2024-09-28,user_export_2026.csv,2026-08-09T16:21:13.857823
U002006,  Nicole Watts  ,perezdawn@example.org,2024-10-10,user_export_2026.csv,2026-08-09T16:21:13.858119
U002007,Stephanie Lopez,barrytanya@example.org,2022-07-07,user_export_2026.csv,2026-08-09T16:21:13.858373
U002008,Thomas Neal MD,nturner@example.net,2025-07-21,user_export_2026.csv,2026-08-09T16:21:13.858579
U002009,Tiffany Lee,johnsondavid@example.org,2020-12-09,user_export_2026.csv,2026-08-09T16:21:13.858822
U002010,Melanie Jones,btapia@example.com,2025-05-10,user_export_2026.csv,2026-08-09T16:21:13.859063
U002011,Alexandra Harper,paul34@example.com,2023-05-15,user_export_2026.csv,2026-08-09T16:21:13.859255
U002012,Tamara Reid,sheltontiffany@example.com,2023-04-25,user_export_2026.csv,2026-08-09T16:21:13.859500
U002013,Andre Haynes,xmullins@example.org,2020-07-03,user_export_2026.csv,2026-08-09T16:21:13.859700
U002014,Kevin Gilmore,yvang@example.org,2024-08-18,user_export_2026.csv,2026-08-09T16:21:13.859899
U002015,  Olivia Miller  ,amy13@example.net,2022/11/09,user_export_2026.csv,2026-08-09T16:21:13.860132
U002016,Lynn Davis,pcurry@example.net,2025-03-10,user_export_2026.csv,2026-08-09T16:21:13.860339
U002017,Mrs. Emily Waters,arobinson@example.org,2024-05-28,user_export_2026.csv,2026-08-09T16:21:13.860546
U002018,Carl Huffman,wallssean@example.net,02/06/2025,user_export_2026.csv,2026-08-09T16:21:13.860791
U002019,Donald Cunningham,kingdavid@example.net,2022-02-05,user_export_2026.csv,2026-08-09T16:21:13.861076
U002020,Steven Carter Jr.,carolyn61@example.net,2022-11-28,user_export_2026.csv,2026-08-09T16:21:13.861271
U002021,Ryan Gonzalez,ywright@example.net,2025-12-28,user_export_2026.csv,2026-08-09T16:21:13.861470
U002022,,turnerjeffrey@example.net,02/27/2025,user_export_2026.csv,2026-08-09T16:21:13.861771
U002023,Katherine Reeves,garciadonald@example.net,2025-06-16,user_export_2026.csv,2026-08-09T16:21:13.862060
U002024,Lisa Johnson,srichardson@example.com,2024-01-17,user_export_2026.csv,2026-08-09T16:21:13.862272
U002025,Joseph Benson,barnesarthur@example.com,2024-06-05,user_export_2026.csv,2026-08-09T16:21:13.862517
U002026,Jennifer Brown,natalie57@example.com,2021-07-07,user_export_2026.csv,2026-08-09T16:21:13.862700
U000032,  Dana Reilly  ,davidmartin@example.net,19-04-2020,user_export_2026.csv,2026-08-09T16:21:13.862949
U002028,Craig Keller,angela71@example.net,2026-01-15,user_export_2026.csv,2026-08-09T16:21:13.863192
U002029,Jason Castro,jamesevans@example.net,2025-03-13,user_export_2026.csv,2026-08-09T16:21:13.863442
U002030,Alexandra Brown,rodriguezelizabeth@example.net,2021-04-22,user_export_2026.csv,2026-08-09T16:21:13.863736
U002031,Elizabeth Cain,samantha73@example.org,2024-12-28,user_export_2026.csv,2026-08-09T16:21:13.863922
U002032,Karen Lewis,paulschultz@example.net,2025-01-15,user_export_2026.csv,2026-08-09T16:21:13.864224
U002033,Andrea Estrada,michellejones@example.net,2026-05-21,user_export_2026.csv,2026-08-09T16:21:13.864475
U002034,Angel Martin DDS,xfranco@example.org,2023-09-29,user_export_2026.csv,2026-08-09T16:21:13.864682
U002035,Jennifer Goodwin,harrellkimberly@example.org,2025/07/23,user_export_2026.csv,2026-08-09T16:21:13.864934
U002036,Nicholas Brooks,oobrien@example.net,2025-06-19,user_export_2026.csv,2026-08-09T16:21:13.865184
U002037,Karen Avery,wlucas@example.net,2025-06-21,user_export_2026.csv,2026-08-09T16:21:13.865391
U002038,Kyle Roberts,reynoldsanthony@example.org,2020-03-18,user_export_2026.csv,2026-08-09T16:21:13.865690
U002039,Michele Waters,woodphillip@example.com,2020-09-17,user_export_2026.csv,2026-08-09T16:21:13.865941
U002040,Victoria Peterson,samantha78@example.com,2025-04-22,user_export_2026.csv,2026-08-09T16:21:13.866174
U002041,  Seth Barker  ,taylordavis@example.com,2024-11-21,user_export_2026.csv,2026-08-09T16:21:13.866425
U002042,Kim Jensen,kingjoseph@example.com,2024-11-29,user_export_2026.csv,2026-08-09T16:21:13.866671
U002043,Linda Perez,rebecca93@example.com,2023-10-21,user_export_2026.csv,2026-08-09T16:21:13.866853
U002044,Cheryl Rogers,mramirez@example.com,2025-04-02,user_export_2026.csv,2026-08-09T16:21:13.867099
U002045,Chelsea Austin,leahbarker@example.org,2024-05-17,user_export_2026.csv,2026-08-09T16:21:13.867353
U002046,Heather Daniels,james79@example.net,2024-01-15,user_export_2026.csv,2026-08-09T16:21:13.867537
U002047,Nathaniel Walter,jamietyler@example.com,2021-10-25,user_export_2026.csv,2026-08-09T16:21:13.867781
U002048,Matthew Crawford,peterlove@example.net,2020-12-19,user_export_2026.csv,2026-08-09T16:21:13.868063
U002049,Glenn Scott,kingtammy@example.net,2022-03-28,user_export_2026.csv,2026-08-09T16:21:13.868315
U002050,Mrs. Chelsea Villa,jgibson@example.net,2024-08-30,user_export_2026.csv,2026-08-09T16:21:13.868593
U002051,Kayla Fisher,brent67@example.net,2022-08-19,user_export_2026.csv,2026-08-09T16:21:13.868807
U002052,Jeffrey Edwards,invalid-email,2020-03-15,user_export_2026.csv,2026-08-09T16:21:13.868927
U002053,Bryce Wolf,williamschad@example.org,2021-10-11,user_export_2026.csv,2026-08-09T16:21:13.869245
U002054,Debra Bowers,qharris@example.net,2025-08-24,user_export_2026.csv,2026-08-09T16:21:13.869706
U001763,    ,justin33@example.org,20-04-2026,user_export_2026.csv,2026-08-09T16:21:13.870132
U002056,Laura Adams,mary20@example.net,2020-07-10,user_export_2026.csv,2026-08-09T16:21:13.870386
U002057,Pamela Jackson,nharris@example.org,2021-09-11,user_export_2026.csv,2026-08-09T16:21:13.870635
U002058,Anna Yang,lisa11@example.org,2021-03-02,user_export_2026.csv,2026-08-09T16:21:13.870878
U002059,Connie Stevens,patricialowery@example.com,2024-11-28,user_export_2026.csv,2026-08-09T16:21:13.871185
U002060,David Parker,ogriffin@example.org,2021-03-30,user_export_2026.csv,2026-08-09T16:21:13.871393
U002061,Jennifer Wallace,jocelyncruz@example.net,2021-02-21,user_export_2026.csv,2026-08-09T16:21:13.871641
U002062,Allison Hubbard,invalid-email,2021-03-07,user_export_2026.csv,2026-08-09T16:21:13.871760
U002063,Michael Kim,marc78@example.net,2022-04-21,user_export_2026.csv,2026-08-09T16:21:13.871941
U002064,Jeremy Harris,jadeburke@example.net,2023-04-11,user_export_2026.csv,2026-08-09T16:21:13.872256
U002065,Caroline Powell,leonsullivan@example.org,2025-08-03,user_export_2026.csv,2026-08-09T16:21:13.872510
U002066,Stephanie Gray,ryu@example.net,2024-01-29,user_export_2026.csv,2026-08-09T16:21:13.872711
U002067,Michael Chavez,pricemichael@example.com,2022-04-06,user_export_2026.csv,2026-08-09T16:21:13.872955
U002068,Jeffrey Griffin,qdavis@example.com,2020-01-27,user_export_2026.csv,2026-08-09T16:21:13.873208
U002069,Jacob Osborn,omoore@example.net,2023-10-30,user_export_2026.csv,2026-08-09T16:21:13.873408
U002070,Linda Patrick,wernermichael@example.org,2022-12-25,user_export_2026.csv,2026-08-09T16:21:13.873711
U002071,Thomas Davis,wrightalicia@example.com,2024-01-17,user_export_2026.csv,2026-08-09T16:21:13.873957
U002072,Edward Garrison,monica23@example.com,2025-12-09,user_export_2026.csv,2026-08-09T16:21:13.874197
U002073,Joseph Hall,oliverashley@example.net,2024-10-22,user_export_2026.csv,2026-08-09T16:21:13.874446
U002074,Joshua Mcmahon,joelmorton@example.org,2025-02-22,user_export_2026.csv,2026-08-09T16:21:13.874689
U002075,Angela Mejia,lisa28@example.org,2024-01-21,user_export_2026.csv,2026-08-09T16:21:13.874875
U002076,Kristen Wood,ericfrederick@example.org,2020-02-10,user_export_2026.csv,2026-08-09T16:21:13.875167
U002077,Erika Jackson,william08@example.net,2020-10-12,user_export_2026.csv,2026-08-09T16:21:13.875356
U002078,Jennifer Jackson,imoore@example.org,09/08/2020,user_export_2026.csv,2026-08-09T16:21:13.875560
U002079,Sandra Berry,steven72@example.net,2026-06-11,user_export_2026.csv,2026-08-09T16:21:13.875741
U002080,  David Bowman  ,jonesnicholas@example.org,30/10/2025,user_export_2026.csv,2026-08-09T16:21:13.875985
U002081,Joseph Burns,upierce@example.com,2023-05-31,user_export_2026.csv,2026-08-09T16:21:13.876231
U002082,Julie Holland,kristin96@example.com,2023-11-10,user_export_2026.csv,2026-08-09T16:21:13.876417
U002083,Jennifer Gordon,cmartinez@example.org,07/12/2024,user_export_2026.csv,2026-08-09T16:21:13.876618
U002084,Zachary Wilkinson,munozrobert@example.com,2024-12-16,user_export_2026.csv,2026-08-09T16:21:13.876863
U002085,Alexander Freeman,lewiskimberly@example.org,2024-07-14,user_export_2026.csv,2026-08-09T16:21:13.877207
U002086,Kevin Blake,deborahturner@example.org,2020-12-11,user_export_2026.csv,2026-08-09T16:21:13.877462
U002087,Steven Mckee,tommy77@example.com,2021/05/31,user_export_2026.csv,2026-08-09T16:21:13.877698
U002088,Julie Perry,sanchezdustin@example.net,2026-03-10,user_export_2026.csv,2026-08-09T16:21:13.877948
U002089,Elizabeth Brown,pblankenship@example.com,2021-10-17,user_export_2026.csv,2026-08-09T16:21:13.878202
U002090,Edward Nicholson,ewilliams@example.org,05/29/2023,user_export_2026.csv,2026-08-09T16:21:13.878405
U001527,,alexgarcia@example.net,2021-05-22,user_export_2026.csv,2026-08-09T16:21:13.878653
U002092,Debra Johnson,crystalwatson@example.com,2026-06-02,user_export_2026.csv,2026-08-09T16:21:13.878899
U002093,Robert Stevens,justin08@example.net,2022-08-25,user_export_2026.csv,2026-08-09T16:21:13.879127
U002094,Jeffrey Freeman,estradaamy@example.net,2026-05-05,user_export_2026.csv,2026-08-09T16:21:13.879377
U002095,Andrea Donaldson,trivera@example.com,2025-12-24,user_export_2026.csv,2026-08-09T16:21:13.879579
U002096,Madison Thomas,christopherreyes@example.com,2023-05-10,user_export_2026.csv,2026-08-09T16:21:13.879824
U002097,Andrew Smith,jameshudson@example.com,2026-06-04,user_export_2026.csv,2026-08-09T16:21:13.880111
U002098,Sonya Simmons,veronica30@example.org,2025-10-29,user_export_2026.csv,2026-08-09T16:21:13.880302
U002099,Andrew Acosta,robinsonrose@example.org,2025-10-16,user_export_2026.csv,2026-08-09T16:21:13.880549
U002100,Katherine Miller,vcain@example.net,2024-01-19,user_export_2026.csv,2026-08-09T16:21:13.880751
U002101,Jacqueline Harrison,barbara85@example.net,2024-10-09,user_export_2026.csv,2026-08-09T16:21:13.880933
U002102,Kelsey Contreras,linda33@example.org,2020-09-11,user_export_2026.csv,2026-08-09T16:21:13.881188
U002103,Dillon Case,victor60@example.net,2022-05-29,user_export_2026.csv,2026-08-09T16:21:13.881375
U002104,Scott Rodriguez,angelarichard@example.org,2025-11-25,user_export_2026.csv,2026-08-09T16:21:13.881676
U002105,Danielle Stein,terrywilliam@example.com,2024-06-05,user_export_2026.csv,2026-08-09T16:21:13.881930
U002106,Jennifer Rivera,sanchezcindy@example.net,2024-09-30,user_export_2026.csv,2026-08-09T16:21:13.882229
U002107,Erik Small,bsullivan@example.org,2025-06-28,user_export_2026.csv,2026-08-09T16:21:13.882433
U002108,William Cook,david37@example.com,2021-10-29,user_export_2026.csv,2026-08-09T16:21:13.882661
U002109,Jennifer Lewis,satkinson@example.org,2025-02-17,user_export_2026.csv,2026-08-09T16:21:13.882865
U002110,Carmen Moore,brittney11@example.org,2025-12-07,user_export_2026.csv,2026-08-09T16:21:13.883115
U002111,Omar Hernandez,fvasquez@example.net,08/04/2026,user_export_2026.csv,2026-08-09T16:21:13.883326
U002112,,antoniocarter@example.com,2023-04-01,user_export_2026.csv,2026-08-09T16:21:13.883574
U002113,  Tamara Graves  ,williamspatricia@example.com,24-04-2020,user_export_2026.csv,2026-08-09T16:21:13.883823
U002114,Zachary Miller,invalid-email,2023-06-03,user_export_2026.csv,2026-08-09T16:21:13.883941
U002115,Aaron Nielsen,pennyholloway@example.com,2025-06-25,user_export_2026.csv,2026-08-09T16:21:13.884235
U002116,    ,invalid-email,2025/05/24,user_export_2026.csv,2026-08-09T16:21:13.884356
U002117,Sandra Mitchell,fordmelissa@example.org,2024-03-25,user_export_2026.csv,2026-08-09T16:21:13.884602
U002118,Melissa Davis,hannahjohnson@example.com,2021-06-27,user_export_2026.csv,2026-08-09T16:21:13.884853
U002119,Melissa Patrick,stephanie44@example.net,2025-03-02,user_export_2026.csv,2026-08-09T16:21:13.885078
U002120,Jennifer Roman,lauraboone@example.net,2021-09-02,user_export_2026.csv,2026-08-09T16:21:13.885333
U002121,David Hernandez,benjaminbrown@example.org,2024-08-04,user_export_2026.csv,2026-08-09T16:21:13.885632
U002122,Zachary Martinez,campbellmarvin@example.com,2023-10-20,user_export_2026.csv,2026-08-09T16:21:13.885884
U002123,Michelle Graham,spearselizabeth@example.net,2024-12-19,user_export_2026.csv,2026-08-09T16:21:13.886183
U002124,Laurie Pineda,pauladouglas@example.com,2021-11-09,user_export_2026.csv,2026-08-09T16:21:13.886436
U002125,Corey Jones,randalllinda@example.com,2023-06-19,user_export_2026.csv,2026-08-09T16:21:13.886680
U002126,Jonathan Barrett,ubowers@example.com,2026-04-10,user_export_2026.csv,2026-08-09T16:21:13.886880
U002127,  Gabriel Levy  ,wbarrett@example.net,2026/05/24,user_export_2026.csv,2026-08-09T16:21:13.887126
U002128,Catherine Booth,stephanieperry@example.com,2021-05-07,user_export_2026.csv,2026-08-09T16:21:13.887381
U002129,Felicia Williams,johnmunoz@example.com,2020-03-18,user_export_2026.csv,2026-08-09T16:21:13.887628
U002130,Michelle Butler,welchjennifer@example.net,2026-07-01,user_export_2026.csv,2026-08-09T16:21:13.887873
U002131,Aaron Webb,jasoncook@example.net,2023-08-05,user_export_2026.csv,2026-08-09T16:21:13.888172
U002132,Natasha Hill,invalid-email,2020-04-05,user_export_2026.csv,2026-08-09T16:21:13.888297
U002133,Joseph Garza,ryandodson@example.org,2020-04-08,user_export_2026.csv,2026-08-09T16:21:13.888651
U002134,Nathan Payne,vwilliams@example.org,2022-11-19,user_export_2026.csv,2026-08-09T16:21:13.888861
U002135,Mark Conner,agallegos@example.com,18/01/2022,user_export_2026.csv,2026-08-09T16:21:13.889166
U002136,Lisa Hall,mary37@example.com,2021-11-24,user_export_2026.csv,2026-08-09T16:21:13.889586
U002137,    ,elizabethriley@example.com,05/05/2023,user_export_2026.csv,2026-08-09T16:21:13.889857
U002138,Joseph Williams,aallen@example.com,2022-11-22,user_export_2026.csv,2026-08-09T16:21:13.890112
U002139,Billy Pratt,usmith@example.net,2021-05-10,user_export_2026.csv,2026-08-09T16:21:13.890320
U002140,  Patricia Alvarado  ,nzhang@example.net,2025/09/14,user_export_2026.csv,2026-08-09T16:21:13.890524
U001903,Donna Wilson,saraprice@example.net,04/28/2020,user_export_2026.csv,2026-08-09T16:21:13.890771
U002142,Joshua Gonzalez,invalid-email,2026-03-19,user_export_2026.csv,2026-08-09T16:21:13.890889
U002143,Angela Lucas,ismith@example.net,2022-10-05,user_export_2026.csv,2026-08-09T16:21:13.891138
U002144,Caroline Carter,robert63@example.net,2021-05-29,user_export_2026.csv,2026-08-09T16:21:13.891327
U002145,Brent Huynh,whitney81@example.org,2020-12-09,user_export_2026.csv,2026-08-09T16:21:13.891509
U002146,Dr. Sarah Smith,camerontownsend@example.com,2021-08-06,user_export_2026.csv,2026-08-09T16:21:13.891765
U002147,Ashley Hayes,masonmary@example.net,2022-10-01,user_export_2026.csv,2026-08-09T16:21:13.892056
U002148,Bryan Contreras,kristen51@example.com,2026-03-23,user_export_2026.csv,2026-08-09T16:21:13.892344
U002149,Robert Gardner,invalid-email,2025-03-18,user_export_2026.csv,2026-08-09T16:21:13.892469
U002150,Albert Sloan,gayfrancis@example.com,2021-11-16,user_export_2026.csv,2026-08-09T16:21:13.892717
U002151,Robert Nichols,writter@example.net,06/04/2024,user_export_2026.csv,2026-08-09T16:21:13.892918
U002152,Gerald Price,ggarcia@example.com,2023-02-26,user_export_2026.csv,2026-08-09T16:21:13.893176
U002153,Connor Walsh,cherryjulie@example.net,2024-06-07,user_export_2026.csv,2026-08-09T16:21:13.893426
U002154,Phyllis Grant,phughes@example.com,2024-11-04,user_export_2026.csv,2026-08-09T16:21:13.895395
U002155,Andrew Chavez,duncanandre@example.net,2023-07-27,user_export_2026.csv,2026-08-09T16:21:13.895660
U002156,Mariah Perry,montesmichelle@example.org,2022-12-06,user_export_2026.csv,2026-08-09T16:21:13.895913
U002157,Brendan Meyer,watkinsthomas@example.net,2023-01-23,user_export_2026.csv,2026-08-09T16:21:13.896223
U002158,Molly Peterson DDS,hartmandanielle@example.org,2023-10-31,user_export_2026.csv,2026-08-09T16:21:13.896481
U002159,Rodney Carter,brownkevin@example.org,2023-09-07,user_export_2026.csv,2026-08-09T16:21:13.896726
U002160,Robyn Kidd,invalid-email,2025-05-05,user_export_2026.csv,2026-08-09T16:21:13.896847
U002161,Samuel Zavala,charles44@example.com,2025-06-25,user_export_2026.csv,2026-08-09T16:21:13.897072
U002162,William Murphy,kanesarah@example.net,2020-11-13,user_export_2026.csv,2026-08-09T16:21:13.897329
U002163,Ariel Wilson,katrina51@example.org,2024-12-28,user_export_2026.csv,2026-08-09T16:21:13.897565
U002164,Lauren Miller,hillmckenzie@example.net,2024-03-21,user_export_2026.csv,2026-08-09T16:21:13.897825
U002165,Susan Miller,rebecca41@example.com,2021-12-26,user_export_2026.csv,2026-08-09T16:21:13.898056
U002166,Amanda Ellison,vdavis@example.com,2020-02-04,user_export_2026.csv,2026-08-09T16:21:13.898271
U002167,Breanna Davis,rodriguezthomas@example.com,2022-03-01,user_export_2026.csv,2026-08-09T16:21:13.898518
U002168,Jennifer Rodriguez,brittanyhoffman@example.org,2020-03-22,user_export_2026.csv,2026-08-09T16:21:13.898899
U002169,Christopher Wong,mccoyandre@example.org,2024-01-05,user_export_2026.csv,2026-08-09T16:21:13.899210
U002170,Beth Rojas,veronicasmith@example.net,2023-05-26,user_export_2026.csv,2026-08-09T16:21:13.899463
U002171,Laura Blair,travisyoung@example.com,2025-07-15,user_export_2026.csv,2026-08-09T16:21:13.899711
U002172,Michael Lee,invalid-email,2025-07-11,user_export_2026.csv,2026-08-09T16:21:13.899829
U002173,Hailey Sullivan,sbartlett@example.com,2022-05-06,user_export_2026.csv,2026-08-09T16:21:13.900072
U002174,Scott Martinez,mscott@example.com,2023/02/10,user_export_2026.csv,2026-08-09T16:21:13.900283
U002175,Brian Garza,hayley92@example.net,2026-05-06,user_export_2026.csv,2026-08-09T16:21:13.900464
U002176,Tracy Wright,halljohn@example.org,2021-12-19,user_export_2026.csv,2026-08-09T16:21:13.900767
U000266,,joshuarodriguez@example.org,2022/07/22,user_export_2026.csv,2026-08-09T16:21:13.901188
U002178,Michelle Greer,gutierrezmatthew@example.com,2020-04-04,user_export_2026.csv,2026-08-09T16:21:13.901454
U002179,Nathaniel Floyd,mark66@example.net,2025-12-22,user_export_2026.csv,2026-08-09T16:21:13.901695
U002180,Denise Alvarado,jamiegomez@example.net,2025-02-02,user_export_2026.csv,2026-08-09T16:21:13.901948
U002181,Mary Burns,samuel40@example.com,08/16/2023,user_export_2026.csv,2026-08-09T16:21:13.902189
U002182,Antonio Small,goodmanalice@example.org,2025-10-23,user_export_2026.csv,2026-08-09T16:21:13.902438
U002183,Stanley Taylor,gregory07@example.net,2020-06-27,user_export_2026.csv,2026-08-09T16:21:13.902619
U002184,Jesse Turner,shannonbarker@example.com,2023-02-12,user_export_2026.csv,2026-08-09T16:21:13.902863
U002185,Tracey Nelson,iwalker@example.org,2023-07-19,user_export_2026.csv,2026-08-09T16:21:13.903123
U002186,,danielgriffith@example.net,13-04-2020,user_export_2026.csv,2026-08-09T16:21:13.903429
U002187,Brett Atkins,julie01@example.net,2022-10-20,user_export_2026.csv,2026-08-09T16:21:13.903614
U002188,Ashley Roach,lisa89@example.net,2020-09-14,user_export_2026.csv,2026-08-09T16:21:13.903797
U002189,Kendra White,amadden@example.org,2025-05-19,user_export_2026.csv,2026-08-09T16:21:13.904042
U002190,Erin Norris,invalid-email,2023-10-01,user_export_2026.csv,2026-08-09T16:21:13.904172
U002191,Laura Smith,jacoboconnor@example.net,2025-04-23,user_export_2026.csv,2026-08-09T16:21:13.904422
U002192,Danielle Ballard,courtneysantiago@example.net,2020-08-10,user_export_2026.csv,2026-08-09T16:21:13.904669
U002193,Heather James,pamelanguyen@example.com,2022-08-27,user_export_2026.csv,2026-08-09T16:21:13.904920
U002194,Peter Patel,jperez@example.org,2024-12-01,user_export_2026.csv,2026-08-09T16:21:13.905167
U002195,Ashley Huang,robertwilliams@example.com,2026-06-29,user_export_2026.csv,2026-08-09T16:21:13.905417
U002196,Zachary Jones,ohiggins@example.net,2020-05-16,user_export_2026.csv,2026-08-09T16:21:13.905670
U002197,Jacob Johnson,hullrobert@example.com,2020-09-23,user_export_2026.csv,2026-08-09T16:21:13.905919
U002198,Stacy Orozco,petersonjoel@example.org,2024-12-15,user_export_2026.csv,2026-08-09T16:21:13.906221
U002199,  David George  ,bradleybarker@example.net,2020/08/16,user_export_2026.csv,2026-08-09T16:21:13.906471
U002200,Peter Chandler,nmontoya@example.com,2024-08-10,user_export_2026.csv,2026-08-09T16:21:13.906672
U002201,Ariel Gordon,sandyramirez@example.com,2020-02-13,user_export_2026.csv,2026-08-09T16:21:13.906917
U002202,Taylor Mullins,anthonydavis@example.net,2024-10-19,user_export_2026.csv,2026-08-09T16:21:13.907215
U002203,Mary Lee,jimwilliams@example.org,2023-10-23,user_export_2026.csv,2026-08-09T16:21:13.907466
U002204,Daniel Anderson,cbrown@example.org,2020-04-16,user_export_2026.csv,2026-08-09T16:21:13.907666
U002205,Amanda Swanson,michaelsherman@example.com,2022-02-27,user_export_2026.csv,2026-08-09T16:21:13.907911
U000276,Jessica Watts,thomassmith@example.com,05-06-2026,user_export_2026.csv,2026-08-09T16:21:13.908206
U002207,Christopher Cameron,wrodriguez@example.org,2024-12-26,user_export_2026.csv,2026-08-09T16:21:13.908410
U002208,Christian Rodriguez,hollymartin@example.net,2020-06-29,user_export_2026.csv,2026-08-09T16:21:13.908653
U002209,Kristen Byrd,olivia29@example.net,05/01/2024,user_export_2026.csv,2026-08-09T16:21:13.908840
U002210,Cindy Cole,cherylnorton@example.com,2025-04-07,user_export_2026.csv,2026-08-09T16:21:13.909136
U002211,Larry Howe,gonzalezkenneth@example.net,2024-02-19,user_export_2026.csv,2026-08-09T16:21:13.909388
U002212,Brandon Perkins,rachelhall@example.net,2021-08-15,user_export_2026.csv,2026-08-09T16:21:13.909686
U002213,  Shannon Castro  ,lblankenship@example.net,24/09/2024,user_export_2026.csv,2026-08-09T16:21:13.909894
U002214,Brandy Holmes,laurenallen@example.org,2020-10-07,user_export_2026.csv,2026-08-09T16:21:13.910191
U002215,Lisa Wilkerson,ambermiller@example.net,2025-03-29,user_export_2026.csv,2026-08-09T16:21:13.910441
U002216,Debbie Rivera,mariawilliams@example.com,2026-06-27,user_export_2026.csv,2026-08-09T16:21:13.910685
U002217,Christine Pratt,hollydavis@example.org,2023-05-12,user_export_2026.csv,2026-08-09T16:21:13.910929
U002218,Andrea Le,rojasmarc@example.org,2025-02-03,user_export_2026.csv,2026-08-09T16:21:13.911225
U002219,Wendy Morgan,cannonkimberly@example.net,2025-07-24,user_export_2026.csv,2026-08-09T16:21:13.911476
U002220,Shari Sharp,invalid-email,2022-07-02,user_export_2026.csv,2026-08-09T16:21:13.911593
U002221,Christopher Harmon,millerjames@example.org,2022-05-23,user_export_2026.csv,2026-08-09T16:21:13.911838
U002222,Steven Holland,cobbkaitlyn@example.net,2023-09-19,user_export_2026.csv,2026-08-09T16:21:13.912130
U002223,Chase Gomez,ychambers@example.net,2024-06-27,user_export_2026.csv,2026-08-09T16:21:13.912340
U002224,Nicole Green,gardnerdylan@example.net,2024-01-26,user_export_2026.csv,2026-08-09T16:21:13.912588
U002225,Karen Henry,hernandezmadison@example.com,08-12-2024,user_export_2026.csv,2026-08-09T16:21:13.912836
U002226,Rachel Edwards,bwilliams@example.com,2020-05-01,user_export_2026.csv,2026-08-09T16:21:13.913079
U002227,Kyle Smith,nina65@example.net,2022-06-15,user_export_2026.csv,2026-08-09T16:21:13.913269
U002228,Isaiah Black,richardhart@example.org,2023-10-23,user_export_2026.csv,2026-08-09T16:21:13.913558
U002229,Robert Hunt,mike05@example.com,2022-03-13,user_export_2026.csv,2026-08-09T16:21:13.913749
U002230,Rachel Bennett,invalid-email,07/16/2021,user_export_2026.csv,2026-08-09T16:21:13.913870
U002231,Miguel Weber,russelljohn@example.net,2022-05-11,user_export_2026.csv,2026-08-09T16:21:13.914165
U002232,Kristin Montgomery,bartonkimberly@example.net,2024-03-05,user_export_2026.csv,2026-08-09T16:21:13.914419
U002233,Austin Adams,hebertmichelle@example.com,2024-11-11,user_export_2026.csv,2026-08-09T16:21:13.914664
U002234,Becky Peters,greenjessica@example.net,2021-08-14,user_export_2026.csv,2026-08-09T16:21:13.914915
U002235,Travis Jimenez,zacharygray@example.org,2022-02-15,user_export_2026.csv,2026-08-09T16:21:13.915204
U002236,Amy Adams,emilythomas@example.com,2024-03-12,user_export_2026.csv,2026-08-09T16:21:13.915464
U002237,Elizabeth Jackson,rickey20@example.org,2022-09-28,user_export_2026.csv,2026-08-09T16:21:13.915647
U002238,Nicole Anderson,tlewis@example.com,2026-08-02,user_export_2026.csv,2026-08-09T16:21:13.915851
U002239,Shane Short,sonia62@example.com,2021-08-31,user_export_2026.csv,2026-08-09T16:21:13.916094
U002240,Jacqueline Roberts,lopezkristina@example.net,2023-02-21,user_export_2026.csv,2026-08-09T16:21:13.916357
U002241,Gina Vega,james01@example.com,2026-07-20,user_export_2026.csv,2026-08-09T16:21:13.916540
U002242,Jason Ramirez,william88@example.org,2020-11-29,user_export_2026.csv,2026-08-09T16:21:13.916721
U002243,Monica Richardson,mariahill@example.net,2020-09-22,user_export_2026.csv,2026-08-09T16:21:13.916966
U002244,Julie Decker,nunezmatthew@example.com,2025-09-16,user_export_2026.csv,2026-08-09T16:21:13.917266
U002245,Amy Farrell,jamesrobinson@example.com,2022-01-03,user_export_2026.csv,2026-08-09T16:21:13.917560
U002246,Joseph Matthews,fosterjeffrey@example.org,2025-06-02,user_export_2026.csv,2026-08-09T16:21:13.917815
U002247,Ann Dawson,ufox@example.org,2023-01-04,user_export_2026.csv,2026-08-09T16:21:13.918060
U002248,Lisa Gonzalez,mccoyjames@example.org,2026-07-19,user_export_2026.csv,2026-08-09T16:21:13.918316
U002249,Mathew Key,khanmelissa@example.net,2022-04-11,user_export_2026.csv,2026-08-09T16:21:13.918559
U002250,Bradley Brady,uchang@example.com,2022-06-14,user_export_2026.csv,2026-08-09T16:21:13.918758
U002251,Tyler Garrison,smithjack@example.org,2026-05-29,user_export_2026.csv,2026-08-09T16:21:13.919040
U002252,Alyssa Rodriguez PhD,dunnmary@example.net,2022-11-08,user_export_2026.csv,2026-08-09T16:21:13.919305
U002253,Dana Bennett,fwalsh@example.com,2020-12-10,user_export_2026.csv,2026-08-09T16:21:13.919507
U002254,Samantha Carlson,nrangel@example.net,2022-07-31,user_export_2026.csv,2026-08-09T16:21:13.919707
U002255,Jacob Conner,normajones@example.net,2023-10-09,user_export_2026.csv,2026-08-09T16:21:13.919950
U002256,Bryce Fox,daniel43@example.org,2024-08-02,user_export_2026.csv,2026-08-09T16:21:13.920178
U002257,John Massey,katherinerussell@example.org,2023-01-23,user_export_2026.csv,2026-08-09T16:21:13.920429
U002258,Brooke Lewis,charleshayes@example.com,2022-08-15,user_export_2026.csv,2026-08-09T16:21:13.920676
U002259,Billy Scott,dominguezmeredith@example.com,2020-12-03,user_export_2026.csv,2026-08-09T16:21:13.920919
U002260,Joshua Shepard,gallegoscrystal@example.com,2026-02-17,user_export_2026.csv,2026-08-09T16:21:13.921227
U002261,Timothy Patterson,stonecody@example.net,2022-07-21,user_export_2026.csv,2026-08-09T16:21:13.921475
U000156,  Richard Smith  ,acevedonancy@example.org,10/09/2023,user_export_2026.csv,2026-08-09T16:21:13.921776
U002263,Christina Myers,meyerskathryn@example.com,2023-01-29,user_export_2026.csv,2026-08-09T16:21:13.922121
U002264,Jesus Flores,corythompson@example.org,2021-07-18,user_export_2026.csv,2026-08-09T16:21:13.922373
U002265,Gilbert Williams,lhicks@example.com,2026-02-02,user_export_2026.csv,2026-08-09T16:21:13.922585
U002266,Karina Boone,invalid-email,2023-05-11,user_export_2026.csv,2026-08-09T16:21:13.922713
U002267,Justin Barrera,traceyguerra@example.com,2024-07-12,user_export_2026.csv,2026-08-09T16:21:13.922957
U002268,Amanda Allen,leontracie@example.org,2020-02-18,user_export_2026.csv,2026-08-09T16:21:13.923273
U002269,David Roy,ricklewis@example.net,2021-09-03,user_export_2026.csv,2026-08-09T16:21:13.923521
U002270,Nathaniel Brown,shannon09@example.org,2022-05-09,user_export_2026.csv,2026-08-09T16:21:13.923701
U002271,Wendy Carpenter,prattjustin@example.org,2026-03-13,user_export_2026.csv,2026-08-09T16:21:13.923947
U002272,Michelle Chavez,brandi26@example.net,2025-03-04,user_export_2026.csv,2026-08-09T16:21:13.924191
U002273,Loretta Garrett,qkane@example.com,2022-02-08,user_export_2026.csv,2026-08-09T16:21:13.924398
U002274,Maria Malone,hdavis@example.com,2024-09-06,user_export_2026.csv,2026-08-09T16:21:13.924597
U002275,Richard Riley,dylancunningham@example.com,2026-04-06,user_export_2026.csv,2026-08-09T16:21:13.924856
U000525,  Jonathan Collins  ,stephaniezamora@example.org,09/08/2025,user_export_2026.csv,2026-08-09T16:21:13.925154
U002277,Richard Weiss,kimberly66@example.net,2024-07-10,user_export_2026.csv,2026-08-09T16:21:13.925433
U002278,Teresa Russell,branchthomas@example.com,2023-05-12,user_export_2026.csv,2026-08-09T16:21:13.925969
U002279,Joyce Butler,invalid-email,2020-05-11,user_export_2026.csv,2026-08-09T16:21:13.926279
U002280,Maria Thompson,kylehahn@example.net,2023-09-14,user_export_2026.csv,2026-08-09T16:21:13.926776
U002281,Lawrence Nguyen,debra82@example.net,2026-06-08,user_export_2026.csv,2026-08-09T16:21:13.927211
U002282,Nicole Huff,maria56@example.net,2022-04-16,user_export_2026.csv,2026-08-09T16:21:13.927546
U002283,Charles Neal,jpeterson@example.org,2024-05-01,user_export_2026.csv,2026-08-09T16:21:13.927756
U002284,Phillip Stephens,ryanadams@example.net,2026-05-21,user_export_2026.csv,2026-08-09T16:21:13.928048
U002285,James Russell,mcleanjay@example.net,2023-06-01,user_export_2026.csv,2026-08-09T16:21:13.928306
U002264,    ,katieaguirre@example.com,2025-06-24,user_export_2026.csv,2026-08-09T16:21:13.928561
U002287,    ,megan46@example.net,2025-11-17,user_export_2026.csv,2026-08-09T16:21:13.928746
U002288,Kevin Mejia,invalid-email,2023-08-31,user_export_2026.csv,2026-08-09T16:21:13.928864
U002289,Denise Nolan,wallfrank@example.org,2021-10-05,user_export_2026.csv,2026-08-09T16:21:13.929157
U002290,Michael Palmer,ysolomon@example.org,2024-09-09,user_export_2026.csv,2026-08-09T16:21:13.929363
U002291,Mrs. Veronica Hughes MD,barnettlisa@example.com,2022-04-25,user_export_2026.csv,2026-08-09T16:21:13.929682
U002292,Samantha Johnson,brooksbrian@example.net,2024-11-05,user_export_2026.csv,2026-08-09T16:21:13.929933
U002293,Edward Obrien,brian62@example.net,2021-10-12,user_export_2026.csv,2026-08-09T16:21:13.930168
U002294,Shelby Avery,dsims@example.net,2026-08-03,user_export_2026.csv,2026-08-09T16:21:13.930374
U002295,Mark Nelson,malexander@example.com,2025-02-22,user_export_2026.csv,2026-08-09T16:21:13.930573
U002296,Anthony Hahn,invalid-email,2021-08-07,user_export_2026.csv,2026-08-09T16:21:13.930688
U002297,Molly Hines,mpowers@example.org,2022-10-08,user_export_2026.csv,2026-08-09T16:21:13.930886
U002298,Justin Davis,ehardy@example.com,2025-07-03,user_export_2026.csv,2026-08-09T16:21:13.931132
U002299,Vicki Cunningham,hammondjoseph@example.com,2021-01-08,user_export_2026.csv,2026-08-09T16:21:13.931386
U002300,Megan Baker,jameschavez@example.org,2025-02-12,user_export_2026.csv,2026-08-09T16:21:13.931631
U002301,Tiffany Edwards,jamesmoon@example.com,2023-05-03,user_export_2026.csv,2026-08-09T16:21:13.931876
U002302,Joshua Miller,harriswendy@example.org,2021-12-18,user_export_2026.csv,2026-08-09T16:21:13.932167
U002303,Angela Martin,wrodriguez@example.com,2024-11-04,user_export_2026.csv,2026-08-09T16:21:13.932375
U002304,Jose Caldwell,taylorpayne@example.com,2022-01-21,user_export_2026.csv,2026-08-09T16:21:13.932622
U002305,Connor West,kurt90@example.net,2020-06-27,user_export_2026.csv,2026-08-09T16:21:13.932803
U002306,Sharon Morris,michellecarter@example.org,2023-01-26,user_export_2026.csv,2026-08-09T16:21:13.933091
U002307,Anna Hill,youngjamie@example.com,2020-09-30,user_export_2026.csv,2026-08-09T16:21:13.933356
U002308,Jennifer Ferguson,rebeccafigueroa@example.com,2022-06-08,user_export_2026.csv,2026-08-09T16:21:13.933768
U002309,Carolyn Lopez,flowersdanielle@example.com,2026-03-14,user_export_2026.csv,2026-08-09T16:21:13.934235
U002310,Leah Wilcox,fullerjose@example.com,2021-03-06,user_export_2026.csv,2026-08-09T16:21:13.934718
U002311,Joshua Navarro,rmueller@example.net,2024-08-06,user_export_2026.csv,2026-08-09T16:21:13.935170
U002312,Peter Delacruz,nancyryan@example.org,2025-09-03,user_export_2026.csv,2026-08-09T16:21:13.935659
U001891,  Cassandra Maldonado  ,ricky53@example.net,03/07/2022,user_export_2026.csv,2026-08-09T16:21:13.936080
U002314,Tina Johnson,hpowell@example.com,2021-07-13,user_export_2026.csv,2026-08-09T16:21:13.936465
U002315,Antonio Valencia,zyoung@example.net,2025-06-08,user_export_2026.csv,2026-08-09T16:21:13.936767
U002316,Bridget Sparks,kathy68@example.org,2022-09-19,user_export_2026.csv,2026-08-09T16:21:13.937145
U002317,Ryan White,mark21@example.com,2025-04-12,user_export_2026.csv,2026-08-09T16:21:13.937471
U002318,Mary Smith,amber71@example.net,2021-11-29,user_export_2026.csv,2026-08-09T16:21:13.937717
U002319,Keith Oconnor,charlesduncan@example.com,2021-12-26,user_export_2026.csv,2026-08-09T16:21:13.937968
U002320,Tracy Fischer,grantamanda@example.net,2024-05-19,user_export_2026.csv,2026-08-09T16:21:13.938270
U002321,Jeffrey Lynch,krista02@example.org,2020-02-15,user_export_2026.csv,2026-08-09T16:21:13.938456
U002322,Amanda Rivera,beanheather@example.org,2024-01-06,user_export_2026.csv,2026-08-09T16:21:13.938707
U002323,Kimberly Proctor,william42@example.com,2025-12-20,user_export_2026.csv,2026-08-09T16:21:13.938891
U002324,Gail Moss,hollandjustin@example.com,2025-11-11,user_export_2026.csv,2026-08-09T16:21:13.939186
U002325,Katie Rivers,dominguezscott@example.com,2021-02-25,user_export_2026.csv,2026-08-09T16:21:13.939436
U002326,Cynthia Stephens,mmyers@example.net,2020-08-02,user_export_2026.csv,2026-08-09T16:21:13.939638
U002327,Mary Johnson,invalid-email,2024-03-25,user_export_2026.csv,2026-08-09T16:21:13.939757
U002328,Denise Deleon,ballelizabeth@example.com,2024-03-14,user_export_2026.csv,2026-08-09T16:21:13.940160
U002329,Joseph Cruz Jr.,twagner@example.org,2020-03-06,user_export_2026.csv,2026-08-09T16:21:13.940578
U002330,Beverly Black,troybrady@example.net,2023-10-12,user_export_2026.csv,2026-08-09T16:21:13.940836
U002331,Melanie Smith,faithsparks@example.com,2020-09-15,user_export_2026.csv,2026-08-09T16:21:13.941135
U002332,Derrick Johnson,karla66@example.net,2021-11-18,user_export_2026.csv,2026-08-09T16:21:13.941325
U002333,Melissa Carroll,invalid-email,2025-09-30,user_export_2026.csv,2026-08-09T16:21:13.941446
U002334,  Calvin Ramirez  ,kimberlycooper@example.com,2022/04/28,user_export_2026.csv,2026-08-09T16:21:13.941750
U002335,Clayton Mills,mwatkins@example.org,2021-03-09,user_export_2026.csv,2026-08-09T16:21:13.941954
U002336,Robert Phillips,cynthiaanderson@example.net,2024-07-05,user_export_2026.csv,2026-08-09T16:21:13.942255
U002337,Sarah Clarke,invalid-email,2022-05-21,user_export_2026.csv,2026-08-09T16:21:13.942377
U002338,Courtney Shepard,petersonfrank@example.org,2023-02-14,user_export_2026.csv,2026-08-09T16:21:13.942623
U002339,Sydney Lopez,jennifer72@example.com,2020-10-02,user_export_2026.csv,2026-08-09T16:21:13.942806
U002340,Wayne Jackson,mirandawalker@example.net,2025-08-08,user_export_2026.csv,2026-08-09T16:21:13.943110
U002341,Melissa Garcia,castropeter@example.com,2026-01-05,user_export_2026.csv,2026-08-09T16:21:13.943412
U002342,Matthew Stone,jherring@example.com,2026-05-20,user_export_2026.csv,2026-08-09T16:21:13.943615
U002343,Frank Freeman,mallory30@example.org,2023-08-21,user_export_2026.csv,2026-08-09T16:21:13.943796
U002344,Marcus Rich,housedaniel@example.com,2021-06-28,user_export_2026.csv,2026-08-09T16:21:13.944091
U002345,Carmen Gonzalez,brandi40@example.org,2023-07-26,user_export_2026.csv,2026-08-09T16:21:13.944284
U002346,Christine Parker,kelly15@example.com,2020-10-03,user_export_2026.csv,2026-08-09T16:21:13.944466
U002347,Daniel Thompson,lisaalvarez@example.net,2026-07-24,user_export_2026.csv,2026-08-09T16:21:13.944718
U002348,Robert West,brandon94@example.org,2022-08-10,user_export_2026.csv,2026-08-09T16:21:13.944898
U002349,Maria Rodriguez,johnsonmichael@example.com,2020-02-24,user_export_2026.csv,2026-08-09T16:21:13.945196
U002350,Joseph Bright,mhoffman@example.net,2021-05-23,user_export_2026.csv,2026-08-09T16:21:13.945404
U002351,Norma Smith,david88@example.net,2022-09-24,user_export_2026.csv,2026-08-09T16:21:13.945643
U002352,Hannah Martin,savannahgrant@example.com,2024-03-14,user_export_2026.csv,2026-08-09T16:21:13.946037
U002353,Tyler Shields,csparks@example.net,2024-03-19,user_export_2026.csv,2026-08-09T16:21:13.946359
U002354,Edwin Jackson,invalid-email,2024-12-22,user_export_2026.csv,2026-08-09T16:21:13.946489
U002355,George Rogers DDS,amber59@example.com,2023-02-13,user_export_2026.csv,2026-08-09T16:21:13.946760
U002356,Rebecca Stewart,gregory24@example.net,2020-06-11,user_export_2026.csv,2026-08-09T16:21:13.946954
U002357,Tracy Burnett,bduke@example.org,2023-03-27,user_export_2026.csv,2026-08-09T16:21:13.947212
U002358,Abigail Williams,lauriewatson@example.org,2023-09-18,user_export_2026.csv,2026-08-09T16:21:13.947463
U002359,Sherry Jones,davidwiley@example.org,2020-08-09,user_export_2026.csv,2026-08-09T16:21:13.947710
U002360,Sheena Jones,nguyentimothy@example.net,2022-10-14,user_export_2026.csv,2026-08-09T16:21:13.947954
U002361,Mark Peters,evelyncampbell@example.com,2022-06-30,user_export_2026.csv,2026-08-09T16:21:13.948250
U002362,Kelly Reyes,sthomas@example.org,2023-08-10,user_export_2026.csv,2026-08-09T16:21:13.948456
U002363,Steven Mccormick,dawn20@example.org,2020-09-21,user_export_2026.csv,2026-08-09T16:21:13.948638
U002364,Jose Rodgers,samantharoberts@example.org,2022-02-27,user_export_2026.csv,2026-08-09T16:21:13.948884
U002365,Renee Thompson,mclaughlinjames@example.org,2021/12/12,user_export_2026.csv,2026-08-09T16:21:13.949181
U002366,Lawrence Johns,simsclaire@example.org,2025-09-09,user_export_2026.csv,2026-08-09T16:21:13.949430
U002367,  Adam Davis  ,robertburns@example.org,09/30/2022,user_export_2026.csv,2026-08-09T16:21:13.949730
U002368,Julie Johnson,katiepowell@example.net,2025-01-10,user_export_2026.csv,2026-08-09T16:21:13.949979
U002369,Jesus Buchanan,timothy54@example.net,2025-05-24,user_export_2026.csv,2026-08-09T16:21:13.950219
U002370,Kristina Baker,nicholashuffman@example.org,12/12/2024,user_export_2026.csv,2026-08-09T16:21:13.950472
U002371,Luke Dixon,qreyes@example.net,2025-05-28,user_export_2026.csv,2026-08-09T16:21:13.950674
U002372,Brian Brown,jenniferhorne@example.net,2023/05/14,user_export_2026.csv,2026-08-09T16:21:13.950917
U002373,Arthur Mcdaniel,scottlove@example.org,2024-04-07,user_export_2026.csv,2026-08-09T16:21:13.951213
U002374,Mary Levy,nguyengerald@example.net,2024-03-16,user_export_2026.csv,2026-08-09T16:21:13.951463
U002375,Susan Lewis,gkeith@example.net,2023-09-26,user_export_2026.csv,2026-08-09T16:21:13.951662
U002376,Gabriel Nash,bowmanjoel@example.net,2021-09-25,user_export_2026.csv,2026-08-09T16:21:13.951906
U002377,Steven Nguyen,invalid-email,2025-08-12,user_export_2026.csv,2026-08-09T16:21:13.952059
U002378,Victor Clarke,lukecase@example.com,2024-07-15,user_export_2026.csv,2026-08-09T16:21:13.952313
U002379,John Newman,zrobinson@example.com,2024-03-08,user_export_2026.csv,2026-08-09T16:21:13.952512
U002380,Tom Duncan,michelle97@example.net,2026-08-06,user_export_2026.csv,2026-08-09T16:21:13.952692
U002381,  Audrey Barry  ,ksmith@example.org,05-05-2026,user_export_2026.csv,2026-08-09T16:21:13.952895
U002382,Christopher Rivera,fwolf@example.net,2023-11-28,user_export_2026.csv,2026-08-09T16:21:13.953142
U002383,John Woodard,devon88@example.org,2024-02-17,user_export_2026.csv,2026-08-09T16:21:13.953326
U002384,Alfred Leonard,taylormichael@example.net,2024-10-02,user_export_2026.csv,2026-08-09T16:21:13.953621
U002385,Shari Kelley,benjaminwilliams@example.net,2020-05-21,user_export_2026.csv,2026-08-09T16:21:13.953875
U002386,Robert Parks MD,nbailey@example.net,2020-04-25,user_export_2026.csv,2026-08-09T16:21:13.954130
U002387,Michele Watson,jack86@example.org,2022-12-06,user_export_2026.csv,2026-08-09T16:21:13.954317
U002388,Tammy Tyler,harrisjoshua@example.com,2021-08-26,user_export_2026.csv,2026-08-09T16:21:13.954562
U002389,James Miller,daniel15@example.org,2021-10-23,user_export_2026.csv,2026-08-09T16:21:13.954748
U002390,Shelby Duncan,johnsonedward@example.net,2024/06/16,user_export_2026.csv,2026-08-09T16:21:13.955031
U002391,Timothy Mcmahon,elizabeth14@example.org,14/10/2024,user_export_2026.csv,2026-08-09T16:21:13.955228
U002392,Matthew Moss,brianmorrow@example.org,2024-04-16,user_export_2026.csv,2026-08-09T16:21:13.955472
U002393,Wendy Miller,hdavis@example.org,2020-12-30,user_export_2026.csv,2026-08-09T16:21:13.955674
U002394,Mark Dennis,clarkdavid@example.net,06-01-2023,user_export_2026.csv,2026-08-09T16:21:13.955917
U002395,Toni Ortiz,brianobrien@example.net,2021-11-20,user_export_2026.csv,2026-08-09T16:21:13.956215
U002396,Audrey Reyes,invalid-email,2020-10-13,user_export_2026.csv,2026-08-09T16:21:13.956337
U002397,Thomas Williams,griffinjennifer@example.net,2024-09-03,user_export_2026.csv,2026-08-09T16:21:13.956581
U002398,Kendra Kim,jamesdean@example.net,2021-11-29,user_export_2026.csv,2026-08-09T16:21:13.956825
U002399,Edward Lee,irogers@example.org,2021-07-04,user_export_2026.csv,2026-08-09T16:21:13.957061
U002400,Jordan Mcdowell,kimberly12@example.com,2021-03-27,user_export_2026.csv,2026-08-09T16:21:13.957253
U002401,Brandon Johnson,igarrett@example.com,2022-01-30,user_export_2026.csv,2026-08-09T16:21:13.957453
U002402,Laura Nguyen,edwardmitchell@example.org,2022-02-24,user_export_2026.csv,2026-08-09T16:21:13.957752
U002403,Rodney Lee,virginia56@example.org,2024-08-01,user_export_2026.csv,2026-08-09T16:21:13.957935
U002404,Nancy Smith,jennifercarroll@example.com,2021-03-23,user_export_2026.csv,2026-08-09T16:21:13.958233
U002405,Michael Crawford,frankjeremy@example.com,2023-04-15,user_export_2026.csv,2026-08-09T16:21:13.958480
U000263,Donald Coleman,andrea85@example.com,05/11/2025,user_export_2026.csv,2026-08-09T16:21:13.958663
U000029,  Thomas Lewis  ,greencharles@example.net,2020-06-20,user_export_2026.csv,2026-08-09T16:21:13.958909
U002408,Allison Branch,hendersonmichael@example.org,2025-10-31,user_export_2026.csv,2026-08-09T16:21:13.959207
U002409,Justin Ramirez,carolbrown@example.net,2025-06-13,user_export_2026.csv,2026-08-09T16:21:13.959456
U002410,Angela Simmons,gutierrezdavid@example.com,2024-10-25,user_export_2026.csv,2026-08-09T16:21:13.959702
U002411,Theresa Rodriguez,jose20@example.org,2023-11-06,user_export_2026.csv,2026-08-09T16:21:13.959884
U002412,Sharon Johnson,martinezchristina@example.com,2024-01-19,user_export_2026.csv,2026-08-09T16:21:13.960175
U002413,Kristy Tate,yrichardson@example.com,2020-08-22,user_export_2026.csv,2026-08-09T16:21:13.960381
U002414,Jacqueline Lawrence,nathan62@example.org,2021-02-14,user_export_2026.csv,2026-08-09T16:21:13.960564
U002415,Ryan Taylor,steven01@example.org,2021-07-22,user_export_2026.csv,2026-08-09T16:21:13.960752
U002416,Patricia Robles,williamsanthony@example.net,2022-10-15,user_export_2026.csv,2026-08-09T16:21:13.961036
U002417,Kristen Garcia,fhill@example.com,2025-04-30,user_export_2026.csv,2026-08-09T16:21:13.961250
U002418,Jose Stephens,burnettelizabeth@example.com,2020-01-13,user_export_2026.csv,2026-08-09T16:21:13.961537
U002419,Kevin Oneill,mccannjanet@example.com,2023-08-12,user_export_2026.csv,2026-08-09T16:21:13.961837
U002420,    ,wrightsteven@example.org,08/26/2023,user_export_2026.csv,2026-08-09T16:21:13.962134
U002421,Wayne Hess,michael84@example.com,2020-11-29,user_export_2026.csv,2026-08-09T16:21:13.962322
U002422,Robert Thompson,angelcunningham@example.org,2025-05-04,user_export_2026.csv,2026-08-09T16:21:13.962568
U002423,Scott Rhodes,bsimmons@example.net,2021-02-15,user_export_2026.csv,2026-08-09T16:21:13.962767
U002424,Allen Martinez,cookyvonne@example.org,2022-03-10,user_export_2026.csv,2026-08-09T16:21:13.963069
U002425,Brooke Patrick,bweeks@example.com,2026-05-31,user_export_2026.csv,2026-08-09T16:21:13.963284
U002426,Chase Gomez,warrenmariah@example.net,2020-05-10,user_export_2026.csv,2026-08-09T16:21:13.963528
U002427,Alicia Brown,richard61@example.com,2023-05-19,user_export_2026.csv,2026-08-09T16:21:13.963716
U002428,Lori Johnson,popebrent@example.net,2025-03-27,user_export_2026.csv,2026-08-09T16:21:13.963963
U002429,Mr. Thomas Johnson,brenda88@example.org,2021-04-18,user_export_2026.csv,2026-08-09T16:21:13.964200
U002430,Kristine Graves,audrey53@example.net,2022-09-23,user_export_2026.csv,2026-08-09T16:21:13.964385
U002431,Andrea Mueller MD,mortonkenneth@example.net,2021-01-01,user_export_2026.csv,2026-08-09T16:21:13.964735
U002432,,pfowler@example.org,08/30/2023,user_export_2026.csv,2026-08-09T16:21:13.964949
U002433,Kevin Jennings,jreyes@example.net,2025-05-04,user_export_2026.csv,2026-08-09T16:21:13.965204
U002434,Jason Reyes,hernandeztodd@example.org,2021-07-10,user_export_2026.csv,2026-08-09T16:21:13.965453
U002435,Mr. David Rivas,samuel38@example.net,2025-07-08,user_export_2026.csv,2026-08-09T16:21:13.965699
U002436,  Donna Carroll  ,forbessean@example.org,21/09/2020,user_export_2026.csv,2026-08-09T16:21:13.965953
U002437,Rodney Baker,qcharles@example.org,2024-04-12,user_export_2026.csv,2026-08-09T16:21:13.966205
U002438,John Robertson,danieljenkins@example.org,2024-11-24,user_export_2026.csv,2026-08-09T16:21:13.966454
U002439,Mary Mccoy,cody81@example.org,2021-04-18,user_export_2026.csv,2026-08-09T16:21:13.966637
U002440,Michael Gilbert,hlester@example.org,2023-10-25,user_export_2026.csv,2026-08-09T16:21:13.966837
U002441,Tonya Simon,sarah80@example.org,2021-04-20,user_export_2026.csv,2026-08-09T16:21:13.967066
U002442,Tanya Shannon,amanda21@example.com,2023-07-07,user_export_2026.csv,2026-08-09T16:21:13.967258
U002443,Sophia Boyd,ashleyalexander@example.net,2020-01-07,user_export_2026.csv,2026-08-09T16:21:13.967505
U002444,Timothy Ryan,cainjordan@example.org,2022-02-16,user_export_2026.csv,2026-08-09T16:21:13.967747
U002445,Francisco Estrada,meganjames@example.org,2023-08-02,user_export_2026.csv,2026-08-09T16:21:13.968020
U002446,Jamie Duran,villawilliam@example.com,2021-06-01,user_export_2026.csv,2026-08-09T16:21:13.968284
U002447,Leslie Moody,gcastro@example.org,2022-06-28,user_export_2026.csv,2026-08-09T16:21:13.968486
U001886,  Paul Lane  ,dbeck@example.com,30-04-2023,user_export_2026.csv,2026-08-09T16:21:13.968686
U002449,Henry Reeves,rebecca19@example.com,2021-08-20,user_export_2026.csv,2026-08-09T16:21:13.968865
U002450,Jeffery Snyder,gregorymitchell@example.net,2020-05-20,user_export_2026.csv,2026-08-09T16:21:13.969160
U002451,Courtney Sharp,daniel79@example.net,2021-05-20,user_export_2026.csv,2026-08-09T16:21:13.969349
U002452,Jennifer Carter,dyersara@example.net,2026-06-08,user_export_2026.csv,2026-08-09T16:21:13.969645
U002453,Sandy Bennett,jenniferwalls@example.com,2025-07-20,user_export_2026.csv,2026-08-09T16:21:13.969898
U002454,Jesse Edwards,wallaceeric@example.com,2020-08-28,user_export_2026.csv,2026-08-09T16:21:13.970191
U002455,Charles Zavala,bethany36@example.com,2022-05-12,user_export_2026.csv,2026-08-09T16:21:13.970376
U002456,Beth Shaw,josephross@example.net,2022-07-10,user_export_2026.csv,2026-08-09T16:21:13.970622
U002457,Lisa Beard,tracifoster@example.org,2022-01-03,user_export_2026.csv,2026-08-09T16:21:13.970866
U002458,Nicole Wallace DDS,ejohnson@example.org,2023-05-10,user_export_2026.csv,2026-08-09T16:21:13.971118
U002459,Daniel Gallegos,michaelcampos@example.net,2021-10-14,user_export_2026.csv,2026-08-09T16:21:13.971367
U002460,Carla Hoover,jenniferrodriguez@example.org,2023-10-14,user_export_2026.csv,2026-08-09T16:21:13.971614
U002461,Jason Smith,tinawilliams@example.com,2023-11-27,user_export_2026.csv,2026-08-09T16:21:13.971857
U002462,Jorge Morales,kentmichael@example.com,2025-12-02,user_export_2026.csv,2026-08-09T16:21:13.972145
U002463,Kathleen Baker,pattersondebra@example.org,2022-03-10,user_export_2026.csv,2026-08-09T16:21:13.972396
U002464,Denise French,emorales@example.com,2021-02-02,user_export_2026.csv,2026-08-09T16:21:13.972596
U002465,Kari Buck,bartondavid@example.com,2026-07-05,user_export_2026.csv,2026-08-09T16:21:13.972839
U002466,Laura Payne,paynestephanie@example.net,2023-05-30,user_export_2026.csv,2026-08-09T16:21:13.973128
U002467,James Whitaker,collinmiller@example.com,2021-07-17,user_export_2026.csv,2026-08-09T16:21:13.973378
U002468,Ryan Garcia,marydean@example.com,2021-08-16,user_export_2026.csv,2026-08-09T16:21:13.973678
U002469,Theresa Gardner,hollyperkins@example.net,2022-03-12,user_export_2026.csv,2026-08-09T16:21:13.973929
U002470,Jessica Conrad,invalid-email,2026-06-15,user_export_2026.csv,2026-08-09T16:21:13.974092
U002471,Erik Stafford,murphybrianna@example.com,15-10-2024,user_export_2026.csv,2026-08-09T16:21:13.974349
U002472,,jenniferfrazier@example.org,12/10/2025,user_export_2026.csv,2026-08-09T16:21:13.974594
U002473,Priscilla Vang,heidijames@example.net,2024-07-12,user_export_2026.csv,2026-08-09T16:21:13.974843
U002474,Brian Wells,dvega@example.org,2024-06-12,user_export_2026.csv,2026-08-09T16:21:13.975091
U002475,Kimberly Wise,uclark@example.org,2021-12-07,user_export_2026.csv,2026-08-09T16:21:13.975301
U002476,Michael Martinez,mark90@example.com,2021-01-02,user_export_2026.csv,2026-08-09T16:21:13.975481
U002477,Mr. Kristopher Curtis,lindsay48@example.net,2024-04-14,user_export_2026.csv,2026-08-09T16:21:13.975667
U002478,Anthony Knapp,rfleming@example.net,2024-02-13,user_export_2026.csv,2026-08-09T16:21:13.975865
U000499,  Lisa Reynolds  ,ywilliams@example.com,18-09-2025,user_export_2026.csv,2026-08-09T16:21:13.976117
U002480,Adrian Gibbs,leroy57@example.com,2023-01-26,user_export_2026.csv,2026-08-09T16:21:13.976315
U002481,Steven Duncan,kayla33@example.net,2022-01-11,user_export_2026.csv,2026-08-09T16:21:13.976496
U002482,Alyssa Anderson,jonathan66@example.org,2024-11-11,user_export_2026.csv,2026-08-09T16:21:13.976680
U002483,Cathy Barnes,brian65@example.net,2023-08-25,user_export_2026.csv,2026-08-09T16:21:13.976860
U002484,Crystal Brown,lmartin@example.org,03/21/2020,user_export_2026.csv,2026-08-09T16:21:13.977111
U002485,Edward Richmond,epatterson@example.net,2025-06-24,user_export_2026.csv,2026-08-09T16:21:13.977316
U002486,Emily Taylor,christina60@example.org,23-05-2021,user_export_2026.csv,2026-08-09T16:21:13.977543
U002487,Douglas Lucero,watsonteresa@example.net,2022-01-07,user_export_2026.csv,2026-08-09T16:21:13.977801
U002488,Danielle Robles,invalid-email,13-06-2026,user_export_2026.csv,2026-08-09T16:21:13.977922
U002489,  Wendy Smith  ,rodriguezbrianna@example.com,2021/05/25,user_export_2026.csv,2026-08-09T16:21:13.978222
U002490,Mr. Justin Gonzalez,thompsoncaitlin@example.com,2020-01-01,user_export_2026.csv,2026-08-09T16:21:13.978476
U002491,Richard Smith,invalid-email,2025-10-28,user_export_2026.csv,2026-08-09T16:21:13.978594
U002492,Jill Gamble,ksparks@example.net,2025-12-27,user_export_2026.csv,2026-08-09T16:21:13.978794
U002493,Angela Cross,brianrice@example.org,2023-07-05,user_export_2026.csv,2026-08-09T16:21:13.979096
U002494,Stacey Peterson,lreed@example.net,2023-12-13,user_export_2026.csv,2026-08-09T16:21:13.979315
U002495,Paul Williams,terri25@example.com,2021-02-09,user_export_2026.csv,2026-08-09T16:21:13.979498
U002496,Carrie Anderson,invalid-email,2020-05-30,user_export_2026.csv,2026-08-09T16:21:13.979617
U002497,Melissa Hall,natalie54@example.org,2022-05-31,user_export_2026.csv,2026-08-09T16:21:13.979840
U002498,Tony Scott,justin75@example.net,2022-06-03,user_export_2026.csv,2026-08-09T16:21:13.980069
U002499,Craig Beard,taylorjames@example.net,2024-09-24,user_export_2026.csv,2026-08-09T16:21:13.980325
U002500,  Mrs. Kimberly Cannon  ,nfleming@example.net,06/26/2024,user_export_2026.csv,2026-08-09T16:21:13.980536
U002501,Angela Gonzales,pduran@example.net,2021-08-09,user_export_2026.csv,2026-08-09T16:21:13.980737
U002502,Martin Newton,mjackson@example.net,2023-01-08,user_export_2026.csv,2026-08-09T16:21:13.980935
U002503,Melinda Weiss,agomez@example.net,2022-02-28,user_export_2026.csv,2026-08-09T16:21:13.981197
U002504,Rebecca Jones,crivers@example.com,2025-09-25,user_export_2026.csv,2026-08-09T16:21:13.981401
U002505,Mark Johnson,markgardner@example.org,2021-09-20,user_export_2026.csv,2026-08-09T16:21:13.981701
U002506,Steven Rivera,nicolesmith@example.net,2024-04-01,user_export_2026.csv,2026-08-09T16:21:13.981947
U002507,    ,galexander@example.com,2021/03/26,user_export_2026.csv,2026-08-09T16:21:13.982204
U002508,Andrea Coleman,joshuaking@example.net,2023-09-28,user_export_2026.csv,2026-08-09T16:21:13.982453
U002509,Deborah Simmons,lorikoch@example.net,2022-07-13,user_export_2026.csv,2026-08-09T16:21:13.982697
U002510,Lance Robinson,smithgina@example.net,2022-06-29,user_export_2026.csv,2026-08-09T16:21:13.982940
U002511,Daisy Larson,amandahorne@example.net,2021-05-20,user_export_2026.csv,2026-08-09T16:21:13.983249
U002512,Shelly Moss,hmcneil@example.net,2023-06-09,user_export_2026.csv,2026-08-09T16:21:13.983454
U002513,Stacey Duran,torrestricia@example.com,2021-01-26,user_export_2026.csv,2026-08-09T16:21:13.983699
U002514,Brandi Mendoza,mary24@example.com,2023-03-01,user_export_2026.csv,2026-08-09T16:21:13.983880
U002515,Robert Hensley,lpage@example.com,2020-07-15,user_export_2026.csv,2026-08-09T16:21:13.984130
U002516,Dalton Hawkins,brittanymartin@example.org,2024-05-14,user_export_2026.csv,2026-08-09T16:21:13.984377
U002517,Ricky Hernandez,gallowaydonna@example.com,2025-12-17,user_export_2026.csv,2026-08-09T16:21:13.984620
U002518,Thomas Moore,tonyaholmes@example.net,2024-07-07,user_export_2026.csv,2026-08-09T16:21:13.984871
U002519,Michelle Hawkins,garymartinez@example.org,2020-02-08,user_export_2026.csv,2026-08-09T16:21:13.985173
U002520,David Small,brownalexa@example.com,2021-06-01,user_export_2026.csv,2026-08-09T16:21:13.985421
U002521,Brian Kent,hespinoza@example.org,2022-12-31,user_export_2026.csv,2026-08-09T16:21:13.985673
U002522,  Sabrina Lopez  ,srobles@example.org,2022/10/17,user_export_2026.csv,2026-08-09T16:21:13.985880
U002523,Cynthia Tran,debra19@example.net,2023-12-20,user_export_2026.csv,2026-08-09T16:21:13.986113
U002524,Rachel Hill,jamesparker@example.net,2023-02-03,user_export_2026.csv,2026-08-09T16:21:13.986366
U002525,Michael Davis,gonzalezkendra@example.org,2022-07-26,user_export_2026.csv,2026-08-09T16:21:13.986610
U002526,Paul Moon,woodlisa@example.com,2023-06-05,user_export_2026.csv,2026-08-09T16:21:13.986852
U002527,Leah Kim,riverarebecca@example.org,2021-01-04,user_export_2026.csv,2026-08-09T16:21:13.987145
U002528,William Barnett,eadams@example.org,2022-09-10,user_export_2026.csv,2026-08-09T16:21:13.987349
U002529,Jenna Watson,fletcherjanet@example.org,2020-08-23,user_export_2026.csv,2026-08-09T16:21:13.987595
U002530,Mrs. Jillian Nguyen,lmendez@example.com,02/13/2020,user_export_2026.csv,2026-08-09T16:21:13.987802
U002531,Julie Mills,richardsonanna@example.org,2025-08-01,user_export_2026.csv,2026-08-09T16:21:13.988092
U002532,Joshua Phillips,nicholasswanson@example.net,2025-12-20,user_export_2026.csv,2026-08-09T16:21:13.988343
U002533,Caitlin Lawson,riceamber@example.net,2022-02-17,user_export_2026.csv,2026-08-09T16:21:13.988588
U002534,Stephanie Knight,rrice@example.net,2024-10-06,user_export_2026.csv,2026-08-09T16:21:13.988787
U002535,Rachael Jones,watsonbrittany@example.org,2022-09-27,user_export_2026.csv,2026-08-09T16:21:13.989077
U002536,Ryan Hudson,mjohnson@example.org,2025-12-03,user_export_2026.csv,2026-08-09T16:21:13.989284
U002537,Tony Anderson,invalid-email,2025-01-11,user_export_2026.csv,2026-08-09T16:21:13.989401
U002538,Pamela Howard,omarturner@example.org,2025-11-14,user_export_2026.csv,2026-08-09T16:21:13.989698
U002539,Abigail Acevedo,sarah17@example.com,2024-02-12,user_export_2026.csv,2026-08-09T16:21:13.989884
U002540,Ernest Bernard,stucker@example.net,2020-07-27,user_export_2026.csv,2026-08-09T16:21:13.990132
U002541,Paul Freeman,yguzman@example.org,2024-03-08,user_export_2026.csv,2026-08-09T16:21:13.990334
U002542,Michael Davenport,juanfranklin@example.net,2022-10-20,user_export_2026.csv,2026-08-09T16:21:13.990578
U002543,Chad Adams,donaldhahn@example.com,2021-04-27,user_export_2026.csv,2026-08-09T16:21:13.990821
U002544,Angela Brown,jennifer54@example.org,2022-12-20,user_export_2026.csv,2026-08-09T16:21:13.991050
U002545,Juan Becker,todd05@example.com,2026-05-18,user_export_2026.csv,2026-08-09T16:21:13.991239
U002546,Beth Kirk,davidkane@example.com,2025-10-12,user_export_2026.csv,2026-08-09T16:21:13.991485
U002547,Michelle Smith,invalid-email,2025-03-11,user_export_2026.csv,2026-08-09T16:21:13.991602
U002548,Amy Ross,robert07@example.org,2020-08-23,user_export_2026.csv,2026-08-09T16:21:13.991783
U002549,Chad Abbott,gbraun@example.org,2023-09-07,user_export_2026.csv,2026-08-09T16:21:13.992007
U002550,Lisa Clay,adam17@example.net,2023-12-03,user_export_2026.csv,2026-08-09T16:21:13.992211
U002551,Susan Black,haleylove@example.org,2023-12-23,user_export_2026.csv,2026-08-09T16:21:13.992457
U002552,    ,adam10@example.com,09/21/2021,user_export_2026.csv,2026-08-09T16:21:13.992638
U002553,Margaret Mullins,davisautumn@example.org,2022-10-21,user_export_2026.csv,2026-08-09T16:21:13.992884
U002554,Sarah Blackwell,zavaladiane@example.com,2023-05-10,user_export_2026.csv,2026-08-09T16:21:13.993176
U002555,Brad Beard,jeremy70@example.net,2026-01-06,user_export_2026.csv,2026-08-09T16:21:13.993359
U002556,Andrew Ford,rwheeler@example.org,2024-12-01,user_export_2026.csv,2026-08-09T16:21:13.993608
U002557,John Escobar,wileyaudrey@example.com,2021-07-26,user_export_2026.csv,2026-08-09T16:21:13.993859
U002558,Erin Carter,laurenboyd@example.com,2024-01-11,user_export_2026.csv,2026-08-09T16:21:13.994149
U002559,Laura Grimes,mcooper@example.com,2021-03-29,user_export_2026.csv,2026-08-09T16:21:13.994354
U002560,John Wilson,invalid-email,2024-06-04,user_export_2026.csv,2026-08-09T16:21:13.994479
U002561,Anita Weber,tiffanyharris@example.com,2020-05-09,user_export_2026.csv,2026-08-09T16:21:13.994731
U002562,Angela Winters,johnsonmartin@example.org,2025-05-17,user_export_2026.csv,2026-08-09T16:21:13.994975
U002563,Justin Bishop,gabriellejones@example.com,2021-05-01,user_export_2026.csv,2026-08-09T16:21:13.995269
U002564,Stephen Gibbs,samuel83@example.com,2021-06-05,user_export_2026.csv,2026-08-09T16:21:13.995452
U002565,Brittany Moreno,iatkins@example.com,2024-06-25,user_export_2026.csv,2026-08-09T16:21:13.995654
U002566,Jeffrey Lee,veronicadavies@example.com,2024-05-11,user_export_2026.csv,2026-08-09T16:21:13.995898
U002567,Kathy Payne,louisperez@example.net,2020-03-27,user_export_2026.csv,2026-08-09T16:21:13.996190
U002568,Elizabeth Herman,riverabrian@example.com,2020-02-25,user_export_2026.csv,2026-08-09T16:21:13.996440
U002569,Michele Long,wharvey@example.org,2023-11-02,user_export_2026.csv,2026-08-09T16:21:13.996733
U002570,James Harris,jessicasmith@example.org,2020-02-02,user_export_2026.csv,2026-08-09T16:21:13.997040
U002571,Felicia Cannon,williamscristina@example.com,2025-06-13,user_export_2026.csv,2026-08-09T16:21:13.997308
U002572,  Mary Greene  ,corymiller@example.org,04-02-2022,user_export_2026.csv,2026-08-09T16:21:13.997611
U002573,  Jordan Hughes  ,thomaslinda@example.net,23-10-2024,user_export_2026.csv,2026-08-09T16:21:13.997868
U002574,Melanie Brown,garyjohnson@example.net,2025-08-19,user_export_2026.csv,2026-08-09T16:21:13.998167
U002575,Tamara Edwards,holly12@example.org,2021-09-01,user_export_2026.csv,2026-08-09T16:21:13.998405
U002576,Mary White,kristen95@example.org,2020-06-06,user_export_2026.csv,2026-08-09T16:21:13.998589
U002577,Scott Malone,millerdaniel@example.org,2021-08-21,user_export_2026.csv,2026-08-09T16:21:13.998835
U002578,Tara Knox,tammy94@example.com,2021-01-07,user_export_2026.csv,2026-08-09T16:21:13.999068
U002579,Lisa Johnson,bradley71@example.com,2025-11-20,user_export_2026.csv,2026-08-09T16:21:13.999262
U002580,Sarah Ford,galvanjeanette@example.net,2022-08-05,user_export_2026.csv,2026-08-09T16:21:13.999511
U002581,Maria Mcintyre,williamstoni@example.com,2020-09-08,user_export_2026.csv,2026-08-09T16:21:13.999757
U002582,Lisa Booker,harrisphyllis@example.org,2023-05-31,user_export_2026.csv,2026-08-09T16:21:14.000046
U002583,Gregory Pace,rosshunter@example.net,08/10/2022,user_export_2026.csv,2026-08-09T16:21:14.000392
U002584,Diane Jones,invalid-email,2023-08-10,user_export_2026.csv,2026-08-09T16:21:14.000516
U002585,Louis Davis,veronicarogers@example.net,2021-02-16,user_export_2026.csv,2026-08-09T16:21:14.000766
U002586,Carrie Gardner,kathleen35@example.net,2025-07-05,user_export_2026.csv,2026-08-09T16:21:14.000948
U002587,Brianna Ward,johnsonrick@example.com,2021-01-31,user_export_2026.csv,2026-08-09T16:21:14.001267
U002588,Laura Schneider,jduncan@example.org,2021-06-17,user_export_2026.csv,2026-08-09T16:21:14.001649
U002589,James Gonzales,bradley37@example.net,2024-01-20,user_export_2026.csv,2026-08-09T16:21:14.001840
U002590,Michael Moran,eileenhudson@example.com,2024-03-02,user_export_2026.csv,2026-08-09T16:21:14.002138
U002591,Michael Downs,andrewlong@example.com,2026-07-21,user_export_2026.csv,2026-08-09T16:21:14.002397
U002592,Ryan Moore,alan25@example.org,2021-06-18,user_export_2026.csv,2026-08-09T16:21:14.002580
U002593,Daniel Gray,david62@example.com,2020-06-17,user_export_2026.csv,2026-08-09T16:21:14.002757
U002594,Joshua White,burtondoris@example.net,2022-02-19,user_export_2026.csv,2026-08-09T16:21:14.003056
U002595,Brittany Mccormick,mark11@example.org,2021-02-08,user_export_2026.csv,2026-08-09T16:21:14.003253
U002596,Amanda Williams,ccombs@example.com,2022/04/07,user_export_2026.csv,2026-08-09T16:21:14.003457
U002597,Mark Haley,pdixon@example.org,14/04/2026,user_export_2026.csv,2026-08-09T16:21:14.003657
U002598,Steven Davis,ywallace@example.org,2024-11-21,user_export_2026.csv,2026-08-09T16:21:14.003854
U002599,Abigail Kemp,susan75@example.net,30-03-2020,user_export_2026.csv,2026-08-09T16:21:14.004083
U002600,Vicki Hayes,christopherwatkins@example.net,2020-07-05,user_export_2026.csv,2026-08-09T16:21:14.004338
U002601,Emily Foster,stephanieallen@example.net,2022-02-18,user_export_2026.csv,2026-08-09T16:21:14.004583
U002602,Cassidy Smith,stephengomez@example.org,2025-12-20,user_export_2026.csv,2026-08-09T16:21:14.004832
U002603,Joel Ford,nealdavid@example.com,2021-11-08,user_export_2026.csv,2026-08-09T16:21:14.005120
U002604,Robert Wilkinson,jenniferpierce@example.org,2026-04-22,user_export_2026.csv,2026-08-09T16:21:14.005370
U002605,Michael Jackson,carlosmeadows@example.net,2023-01-17,user_export_2026.csv,2026-08-09T16:21:14.005665
U002606,Kelly Browning,invalid-email,2026-05-31,user_export_2026.csv,2026-08-09T16:21:14.005788
U002607,Melissa Cunningham,hrodriguez@example.net,2025-10-01,user_export_2026.csv,2026-08-09T16:21:14.006038
U002608,Joseph Cook,crossnicole@example.net,2025-11-20,user_export_2026.csv,2026-08-09T16:21:14.006296
U002609,Melissa Ruiz,jameszachary@example.net,2023-04-28,user_export_2026.csv,2026-08-09T16:21:14.006542
U002610,Willie Morgan,timothycannon@example.net,2021-12-01,user_export_2026.csv,2026-08-09T16:21:14.006785
U002611,Cindy Kelley,jfranklin@example.net,2023-04-10,user_export_2026.csv,2026-08-09T16:21:14.007013
U001137,Karen Jackson,martin40@example.net,30-07-2020,user_export_2026.csv,2026-08-09T16:21:14.007222
U002613,Jose Jackson,dmartin@example.org,2023-11-24,user_export_2026.csv,2026-08-09T16:21:14.007424
U002614,Lisa Herrera,derekdougherty@example.org,2023-08-22,user_export_2026.csv,2026-08-09T16:21:14.007669
U002615,  Donald Freeman  ,diana28@example.net,2024/07/30,user_export_2026.csv,2026-08-09T16:21:14.007850
U002616,Jason Ashley,barbara30@example.net,2020-02-12,user_export_2026.csv,2026-08-09T16:21:14.008072
U002617,Mark Smith,walterstiffany@example.com,2023-02-19,user_export_2026.csv,2026-08-09T16:21:14.008324
U002618,Melissa Robinson,davidgonzales@example.com,2026-01-10,user_export_2026.csv,2026-08-09T16:21:14.008703
U002619,Bethany Liu,nathanlee@example.org,2026-07-17,user_export_2026.csv,2026-08-09T16:21:14.009110
U002620,Jennifer Mercado,mking@example.org,06-03-2026,user_export_2026.csv,2026-08-09T16:21:14.009325
U002621,Samantha Cooper,sarahgonzales@example.com,2026-07-10,user_export_2026.csv,2026-08-09T16:21:14.009629
U002622,Steven Davis,davidjones@example.org,2024-06-07,user_export_2026.csv,2026-08-09T16:21:14.009883
U002623,Wanda Davis,harrisonnicholas@example.net,2024-11-12,user_export_2026.csv,2026-08-09T16:21:14.010181
U002624,Tony Perkins,davidglover@example.com,2021-01-18,user_export_2026.csv,2026-08-09T16:21:14.010430
U002625,Vincent Weaver,carl66@example.org,2021-12-22,user_export_2026.csv,2026-08-09T16:21:14.010609
U002626,Brad Melton,barnesalexis@example.org,2022-01-08,user_export_2026.csv,2026-08-09T16:21:14.010853
U002627,Justin Richardson,invalid-email,2021-10-29,user_export_2026.csv,2026-08-09T16:21:14.010968
U002628,Sarah Solomon,cfinley@example.com,2022-02-08,user_export_2026.csv,2026-08-09T16:21:14.011218
U001004,James Hernandez,dcox@example.com,2024-07-06,user_export_2026.csv,2026-08-09T16:21:14.011421
U002630,Peggy Logan,diana76@example.com,2020-02-18,user_export_2026.csv,2026-08-09T16:21:14.011604
U002631,Melinda Jacobs,jenniferbradley@example.com,2020-03-25,user_export_2026.csv,2026-08-09T16:21:14.011853
U000179,,klopez@example.com,01-01-2023,user_export_2026.csv,2026-08-09T16:21:14.012097
U002633,Stephen Wilson,tanya43@example.com,2020-02-08,user_export_2026.csv,2026-08-09T16:21:14.012286
U002634,Tamara Rodgers,joseph21@example.net,2023-10-18,user_export_2026.csv,2026-08-09T16:21:14.012469
U002635,Kayla Mercado,fergusontrevor@example.net,2021-07-24,user_export_2026.csv,2026-08-09T16:21:14.012716
U002636,Lisa Singh,phernandez@example.net,2024-12-24,user_export_2026.csv,2026-08-09T16:21:14.012916
U002637,Robert Miller,mbaker@example.net,2025-05-15,user_export_2026.csv,2026-08-09T16:21:14.013164
U002638,David Anderson,stacey25@example.net,2022-12-31,user_export_2026.csv,2026-08-09T16:21:14.013349
U002639,Joseph Walker,stacy03@example.org,2020-07-01,user_export_2026.csv,2026-08-09T16:21:14.013577
U002640,Ruben Charles,xsullivan@example.net,2021-08-03,user_export_2026.csv,2026-08-09T16:21:14.013786
U002641,,khendricks@example.net,07/14/2022,user_export_2026.csv,2026-08-09T16:21:14.014023
U002642,Gary Chavez,jennifer53@example.com,2025-07-07,user_export_2026.csv,2026-08-09T16:21:14.014220
U002643,Jessica Elliott,phillip98@example.com,2021-02-20,user_export_2026.csv,2026-08-09T16:21:14.014404
U002644,Amy Clark,david25@example.com,2020-11-08,user_export_2026.csv,2026-08-09T16:21:14.014586
U002645,Joseph Odonnell,sara94@example.net,2020-12-13,user_export_2026.csv,2026-08-09T16:21:14.014770
U002646,Glenn Hodges,marcuscase@example.net,2021-12-30,user_export_2026.csv,2026-08-09T16:21:14.015057
U002647,Eric Griffin,castanedajohn@example.com,2022-01-12,user_export_2026.csv,2026-08-09T16:21:14.015311
U002648,Desiree Allen,bakerpaul@example.com,2023-05-20,user_export_2026.csv,2026-08-09T16:21:14.015557
U002649,Michael Baker,johnmerritt@example.com,2021-03-01,user_export_2026.csv,2026-08-09T16:21:14.015798
U002650,Elizabeth Stewart,jason07@example.net,2024-02-20,user_export_2026.csv,2026-08-09T16:21:14.016014
U002651,Matthew Ellis,woodwarderin@example.org,2020-11-08,user_export_2026.csv,2026-08-09T16:21:14.016292
U002652,Matthew Simon,wbentley@example.org,2021-08-31,user_export_2026.csv,2026-08-09T16:21:14.016494
U002653,Bryan Richardson,jdavis@example.com,2021-08-28,user_export_2026.csv,2026-08-09T16:21:14.016735
U002654,Daniel Ochoa,jocelyn26@example.net,2025-05-13,user_export_2026.csv,2026-08-09T16:21:14.016917
U002655,Debbie Richard,fwilliams@example.org,2024-10-16,user_export_2026.csv,2026-08-09T16:21:14.017177
U002656,Carla Wong,holtrobert@example.com,2021-01-05,user_export_2026.csv,2026-08-09T16:21:14.017429
U002657,Samantha Walker,iford@example.net,2024-04-26,user_export_2026.csv,2026-08-09T16:21:14.017684
U002658,Michael Russell,taylorrodriguez@example.org,2025-05-25,user_export_2026.csv,2026-08-09T16:21:14.017934
U002659,Amber Hines,lisa78@example.org,2023-09-27,user_export_2026.csv,2026-08-09T16:21:14.018172
U002660,Timothy Nguyen,johnsonsamantha@example.com,2022-10-04,user_export_2026.csv,2026-08-09T16:21:14.018421
U002661,Cassandra Anderson,jacob73@example.org,2026-01-15,user_export_2026.csv,2026-08-09T16:21:14.018604
U002662,Larry Perez,hammondjeff@example.com,2022-07-31,user_export_2026.csv,2026-08-09T16:21:14.018846
U002663,Lori Miller,rebekahgonzalez@example.org,2024-09-23,user_export_2026.csv,2026-08-09T16:21:14.019141
U002664,Gregory Fletcher,uthompson@example.org,2022-06-17,user_export_2026.csv,2026-08-09T16:21:14.019345
U002665,Charlotte Barber,wbowers@example.org,2020-01-12,user_export_2026.csv,2026-08-09T16:21:14.019547
U002666,Tracy Bell,reneehernandez@example.org,2024-01-24,user_export_2026.csv,2026-08-09T16:21:14.019792
U002667,Patricia Ramos,patriciamorrison@example.org,2021-03-27,user_export_2026.csv,2026-08-09T16:21:14.020079
U002668,  Jack Wells  ,kimberlyperez@example.org,24/07/2021,user_export_2026.csv,2026-08-09T16:21:14.020332
U002669,Brandon Bell,harrisonchristopher@example.org,2024-09-20,user_export_2026.csv,2026-08-09T16:21:14.020576
U002670,Judy Dixon,ylawson@example.org,2020-08-16,user_export_2026.csv,2026-08-09T16:21:14.020777
U002671,Renee Gallegos,patrickgarcia@example.com,2021-08-09,user_export_2026.csv,2026-08-09T16:21:14.021066
U002672,James Gomez,invalid-email,2024-10-05,user_export_2026.csv,2026-08-09T16:21:14.021191
U002673,Samantha Spencer,janicestuart@example.com,2026-07-10,user_export_2026.csv,2026-08-09T16:21:14.021436
U002674,  Sarah Graham  ,invalid-email,05-02-2024,user_export_2026.csv,2026-08-09T16:21:14.021602
U002675,Deborah Villarreal,umendoza@example.com,01/17/2022,user_export_2026.csv,2026-08-09T16:21:14.021814
U002676,Bonnie Clark,tinahaas@example.org,2023-05-11,user_export_2026.csv,2026-08-09T16:21:14.022114
U002677,Tamara Romero,websterkelly@example.org,2024-12-23,user_export_2026.csv,2026-08-09T16:21:14.022366
U002678,William Hodge,jenniferortega@example.net,2023-03-20,user_export_2026.csv,2026-08-09T16:21:14.022632
U002631,    ,richard62@example.net,23-08-2025,user_export_2026.csv,2026-08-09T16:21:14.022824
U002680,Gail Watson MD,oallen@example.net,2025-02-03,user_export_2026.csv,2026-08-09T16:21:14.023090
U002681,Robert Jones,schmidtjoseph@example.net,2026-06-01,user_export_2026.csv,2026-08-09T16:21:14.023345
U002682,Desiree Carey,washingtonleslie@example.net,2024-10-01,user_export_2026.csv,2026-08-09T16:21:14.023592
U002683,Patricia Delgado,eddie13@example.com,2021-01-11,user_export_2026.csv,2026-08-09T16:21:14.023774
U002684,Matthew Hicks,elizabeth39@example.net,2021-05-27,user_export_2026.csv,2026-08-09T16:21:14.023954
U002685,Jacob Brown,krystal05@example.com,2020-08-17,user_export_2026.csv,2026-08-09T16:21:14.024185
U002686,Benjamin Thompson,richardsonronnie@example.net,2026-04-09,user_export_2026.csv,2026-08-09T16:21:14.024433
U002687,Billy Miranda,mark40@example.net,2025-04-02,user_export_2026.csv,2026-08-09T16:21:14.024613
U002688,Anna Le,brittanyhayes@example.com,2024-07-17,user_export_2026.csv,2026-08-09T16:21:14.024866
U002689,Cody Woods,shepherdandrew@example.org,2024-03-01,user_export_2026.csv,2026-08-09T16:21:14.025156
U002690,Christopher Smith,udavis@example.net,2021-03-20,user_export_2026.csv,2026-08-09T16:21:14.025359
U002691,  Eric Everett  ,karenjordan@example.net,08/09/2022,user_export_2026.csv,2026-08-09T16:21:14.025655
U002692,    ,hjohnson@example.com,2022/02/07,user_export_2026.csv,2026-08-09T16:21:14.025863
U002693,Christopher Henry,zhall@example.net,2020-12-14,user_export_2026.csv,2026-08-09T16:21:14.026107
U002694,Mrs. Jessica Price,stevensmatthew@example.net,2026-04-28,user_export_2026.csv,2026-08-09T16:21:14.026366
U002695,Kimberly Alvarez,ogomez@example.org,2020-07-15,user_export_2026.csv,2026-08-09T16:21:14.026567
U002696,Melinda Mccullough,james91@example.net,2020-02-04,user_export_2026.csv,2026-08-09T16:21:14.026750
U002697,Erin Lopez,hunter12@example.org,2024-06-18,user_export_2026.csv,2026-08-09T16:21:14.026959
U002698,Kevin Bell,hamptontom@example.com,2024-05-19,user_export_2026.csv,2026-08-09T16:21:14.027257
U002699,Douglas Bowman,timothy00@example.org,2021-02-02,user_export_2026.csv,2026-08-09T16:21:14.027441
U002700,Justin Foster,amy67@example.com,2025-08-24,user_export_2026.csv,2026-08-09T16:21:14.027620
U002701,,nicole16@example.org,04/14/2024,user_export_2026.csv,2026-08-09T16:21:14.027801
U002702,Gregory Vazquez,scottmark@example.org,2021-09-12,user_export_2026.csv,2026-08-09T16:21:14.028289
U002703,Harry Hale,lgonzalez@example.net,2021-01-17,user_export_2026.csv,2026-08-09T16:21:14.028590
U002704,Dominic Simmons,sydneyalexander@example.org,2022-06-02,user_export_2026.csv,2026-08-09T16:21:14.028843
U002705,Krystal Howard,nwalker@example.org,2021-10-21,user_export_2026.csv,2026-08-09T16:21:14.029099
U002706,Linda Ball,michealrodriguez@example.net,2025-11-13,user_export_2026.csv,2026-08-09T16:21:14.029355
U002707,Jason Clark,jimmy15@example.net,2021-06-21,user_export_2026.csv,2026-08-09T16:21:14.029596
U002708,Joseph Horn,cheryl54@example.com,2024-10-30,user_export_2026.csv,2026-08-09T16:21:14.029786
U002709,Danielle Compton,nancy43@example.com,03-11-2020,user_export_2026.csv,2026-08-09T16:21:14.029972
U002710,Rachel Conner,cheryl69@example.net,2020-03-02,user_export_2026.csv,2026-08-09T16:21:14.030217
U002711,Nicole Sanchez,joshua74@example.org,2026-02-19,user_export_2026.csv,2026-08-09T16:21:14.030403
U002712,Debra Ortiz,foxerica@example.net,2020-12-23,user_export_2026.csv,2026-08-09T16:21:14.030649
U002713,Carolyn Walker,vincent29@example.net,2021-11-26,user_export_2026.csv,2026-08-09T16:21:14.030830
U002714,Timothy Mcneil,cory21@example.org,2023-02-21,user_export_2026.csv,2026-08-09T16:21:14.031055
U002715,Dr. Jill Brown MD,egill@example.com,2020-10-18,user_export_2026.csv,2026-08-09T16:21:14.031277
U002716,Samuel Bailey,crystal65@example.com,2022-11-22,user_export_2026.csv,2026-08-09T16:21:14.031459
U002717,Kevin Villarreal,benjaminsmith@example.com,2024-12-15,user_export_2026.csv,2026-08-09T16:21:14.031704
U002718,Jeffrey Torres,hernandezcheryl@example.net,2021-05-22,user_export_2026.csv,2026-08-09T16:21:14.031946
U002719,Alexander Merritt,daniel13@example.net,2024-01-28,user_export_2026.csv,2026-08-09T16:21:14.032176
U002720,Felicia Long,allison96@example.org,2021-06-12,user_export_2026.csv,2026-08-09T16:21:14.032364
U002721,George Byrd,jmaynard@example.com,2023-07-08,user_export_2026.csv,2026-08-09T16:21:14.032563
U002722,Angela Berry,sherylgreen@example.com,2025-09-03,user_export_2026.csv,2026-08-09T16:21:14.032806
U002723,Chelsea Dominguez,fhughes@example.org,2020-06-23,user_export_2026.csv,2026-08-09T16:21:14.033049
U002724,Joshua Watson,kennethwhite@example.com,2022-09-29,user_export_2026.csv,2026-08-09T16:21:14.033302
U002725,Michael Taylor,jamesellis@example.org,2021-09-25,user_export_2026.csv,2026-08-09T16:21:14.033637
U002726,Daniel Rodriguez,jesse79@example.com,2021-10-10,user_export_2026.csv,2026-08-09T16:21:14.033833
U002727,Melissa Owen,iharrington@example.org,2022-07-02,user_export_2026.csv,2026-08-09T16:21:14.034084
U002728,Rick Hinton,jennifer29@example.com,2021-01-17,user_export_2026.csv,2026-08-09T16:21:14.034273
U002729,Kevin Williams,lucasteresa@example.com,2025-12-31,user_export_2026.csv,2026-08-09T16:21:14.034518
U002730,Amy Baker,turnermckenzie@example.org,2020-12-17,user_export_2026.csv,2026-08-09T16:21:14.034769
U002731,Joshua Moody,stacey22@example.net,2024-06-13,user_export_2026.csv,2026-08-09T16:21:14.035037
U002732,Diana Myers,shanerogers@example.org,2023-09-08,user_export_2026.csv,2026-08-09T16:21:14.035298
U002733,  Casey Mcknight  ,albertsmith@example.com,2025-05-04,user_export_2026.csv,2026-08-09T16:21:14.035544
U002734,  William Lewis  ,halljeffrey@example.com,2023/08/04,user_export_2026.csv,2026-08-09T16:21:14.035787
U002735,Jeremy Gross,santiagoronald@example.com,2024-01-20,user_export_2026.csv,2026-08-09T16:21:14.036078
U002736,Robert Kim,ethomas@example.net,2022-05-24,user_export_2026.csv,2026-08-09T16:21:14.036286
U002737,Nicole Edwards,thompsondarlene@example.org,10/01/2023,user_export_2026.csv,2026-08-09T16:21:14.036534
U001659,,jessicahawkins@example.com,01/23/2025,user_export_2026.csv,2026-08-09T16:21:14.036781
U002739,Carolyn Johnson,jennifer20@example.org,2020-08-08,user_export_2026.csv,2026-08-09T16:21:14.036964
U002740,  Judy Potts  ,davisjennifer@example.org,04-11-2021,user_export_2026.csv,2026-08-09T16:21:14.037262
U002741,Brandi Williams,brian64@example.net,2021-10-20,user_export_2026.csv,2026-08-09T16:21:14.037449
U002742,Julia Parsons,deckerthomas@example.net,2026-05-25,user_export_2026.csv,2026-08-09T16:21:14.037748
U002743,Erica Green,invalid-email,2022-03-24,user_export_2026.csv,2026-08-09T16:21:14.037870
U002744,  Richard Burke  ,sarawilliams@example.com,2023-07-20,user_export_2026.csv,2026-08-09T16:21:14.038167
U002745,Crystal Brennan,rmoore@example.com,2023-07-20,user_export_2026.csv,2026-08-09T16:21:14.038372
U002746,Gina Brennan,whitelevi@example.org,01/16/2020,user_export_2026.csv,2026-08-09T16:21:14.038621
U002747,Lauren Watts,ilong@example.com,2026-06-27,user_export_2026.csv,2026-08-09T16:21:14.038822
U002748,Suzanne Hardy,staceywashington@example.net,14-02-2026,user_export_2026.csv,2026-08-09T16:21:14.039116
U002749,Kenneth Shepard,corymiller@example.org,2022-02-21,user_export_2026.csv,2026-08-09T16:21:14.039368
U002750,Jimmy Palmer,heidihaas@example.net,2020-02-28,user_export_2026.csv,2026-08-09T16:21:14.039611
U002751,Thomas Mendez,gibsonbrandon@example.com,2023-05-21,user_export_2026.csv,2026-08-09T16:21:14.039854
U002752,Andrew Soto,carmengomez@example.net,2021-05-25,user_export_2026.csv,2026-08-09T16:21:14.040344
U002753,Lisa Benson,carlymoss@example.org,2025-02-10,user_export_2026.csv,2026-08-09T16:21:14.040852
U002754,Christopher Thomas MD,pgoodman@example.org,2026-01-30,user_export_2026.csv,2026-08-09T16:21:14.041179
U002755,Catherine Smith,edward16@example.org,2023-10-07,user_export_2026.csv,2026-08-09T16:21:14.041375
U002756,  Frank Cochran  ,mhorn@example.org,2021/10/28,user_export_2026.csv,2026-08-09T16:21:14.041633
U002757,April Ryan,jamesroberts@example.com,2024-11-26,user_export_2026.csv,2026-08-09T16:21:14.041887
U002758,Taylor Smith,lromero@example.com,2021-02-10,user_export_2026.csv,2026-08-09T16:21:14.042136
U002759,John Brock,daltonchristina@example.com,2021-03-01,user_export_2026.csv,2026-08-09T16:21:14.042387
U001684,,jake77@example.com,2026-02-09,user_export_2026.csv,2026-08-09T16:21:14.042574
U002761,Stephanie Sanders,ernestrich@example.net,2023-04-02,user_export_2026.csv,2026-08-09T16:21:14.042819
U002762,David Lopez,ywells@example.org,2025-02-05,user_export_2026.csv,2026-08-09T16:21:14.043077
U002763,Ian Hernandez,zmiller@example.com,2025-04-07,user_export_2026.csv,2026-08-09T16:21:14.043286
U002764,Brenda Jacobs,valdezashley@example.org,2025-03-15,user_export_2026.csv,2026-08-09T16:21:14.043534
U002765,Dustin Jones,jrobinson@example.net,2024-06-09,user_export_2026.csv,2026-08-09T16:21:14.043733
U002766,,phall@example.com,19/12/2022,user_export_2026.csv,2026-08-09T16:21:14.043931
U002767,Robin Brewer,margaretsharp@example.net,2022-09-16,user_export_2026.csv,2026-08-09T16:21:14.044227
U002768,,invalid-email,2024/03/13,user_export_2026.csv,2026-08-09T16:21:14.044351
U002769,Matthew Hanson,lucasandrea@example.org,2026-06-01,user_export_2026.csv,2026-08-09T16:21:14.044594
U002770,Nathaniel Walker,williamsaudrey@example.org,2024-05-22,user_export_2026.csv,2026-08-09T16:21:14.044842
U002771,Brooke Fuentes,thompsonedwin@example.org,2020-07-30,user_export_2026.csv,2026-08-09T16:21:14.045136
U002772,Jacqueline Phillips,dawsonamanda@example.com,2021-06-11,user_export_2026.csv,2026-08-09T16:21:14.045387
U002773,Kimberly Esparza,patricia19@example.org,2021-12-12,user_export_2026.csv,2026-08-09T16:21:14.045623
U002774,Deborah Medina,tparker@example.org,2021-10-10,user_export_2026.csv,2026-08-09T16:21:14.045831
U002775,Megan Williams,gthompson@example.com,2021-06-01,user_export_2026.csv,2026-08-09T16:21:14.046080
U002776,Joseph Sanchez,abigail66@example.com,2024-05-24,user_export_2026.csv,2026-08-09T16:21:14.046269
U002777,Jennifer Collins,larsonjennifer@example.org,2022-12-01,user_export_2026.csv,2026-08-09T16:21:14.046517
U002778,Christopher Bishop,lstokes@example.org,2023-08-13,user_export_2026.csv,2026-08-09T16:21:14.046716
U002779,Alan Vaughn,mitchellcheryl@example.net,2024-11-26,user_export_2026.csv,2026-08-09T16:21:14.046959
U002780,,kpace@example.net,2026-02-04,user_export_2026.csv,2026-08-09T16:21:14.047207
U002781,  Ann Huffman  ,whernandez@example.com,06-01-2024,user_export_2026.csv,2026-08-09T16:21:14.047412
U002782,Linda Austin,pearsonwillie@example.org,2026-01-02,user_export_2026.csv,2026-08-09T16:21:14.047661
U002783,Joshua Brown,bhenderson@example.net,2024-03-28,user_export_2026.csv,2026-08-09T16:21:14.047861
U002784,Carol Smith,baileyjames@example.org,2023-01-31,user_export_2026.csv,2026-08-09T16:21:14.048152
U000094,  Cheryl Foster  ,smithcrystal@example.com,2021-02-27,user_export_2026.csv,2026-08-09T16:21:14.048404
U002786,Debra Mercado,andreasmith@example.com,2023-03-02,user_export_2026.csv,2026-08-09T16:21:14.048649
U002787,Candice Butler,donnacunningham@example.net,2020-11-12,user_export_2026.csv,2026-08-09T16:21:14.048892
U002788,Jerry Ferguson,dmartin@example.com,2022-05-01,user_export_2026.csv,2026-08-09T16:21:14.049137
U002789,Shannon Thompson,nicolemason@example.com,2020-03-30,user_export_2026.csv,2026-08-09T16:21:14.049386
U002790,Sonya Harris,vrussell@example.org,2020-11-08,user_export_2026.csv,2026-08-09T16:21:14.049639
U002791,Madison Ware,dthompson@example.org,2023-07-08,user_export_2026.csv,2026-08-09T16:21:14.049845
U002792,Juan Sanford,smithcharles@example.org,2021-10-21,user_export_2026.csv,2026-08-09T16:21:14.050138
U002793,Raven Harris,invalid-email,2022-01-01,user_export_2026.csv,2026-08-09T16:21:14.050263
U002794,Lee Garcia,michaellopez@example.net,2020-05-08,user_export_2026.csv,2026-08-09T16:21:14.050506
U002795,  Savannah Rice  ,jeanette06@example.com,2026-02-16,user_export_2026.csv,2026-08-09T16:21:14.050693
U002796,Brandon Williams DDS,margaret20@example.net,2022-02-28,user_export_2026.csv,2026-08-09T16:21:14.050881
U002797,Kimberly Garcia,john19@example.org,2025-10-22,user_export_2026.csv,2026-08-09T16:21:14.051110
U002798,Jeremy Ortiz,shull@example.org,2024-02-03,user_export_2026.csv,2026-08-09T16:21:14.051315
U002799,  Kevin Riley  ,amberevans@example.net,02/06/2021,user_export_2026.csv,2026-08-09T16:21:14.051562
U002800,Nicholas Smith DDS,jacquelinebennett@example.net,2026-03-08,user_export_2026.csv,2026-08-09T16:21:14.051813
U002801,Jennifer Cruz,cherylgomez@example.org,2025-07-23,user_export_2026.csv,2026-08-09T16:21:14.052106
U002802,Jerome Parker,matthewwalker@example.com,2022-03-01,user_export_2026.csv,2026-08-09T16:21:14.052355
U002803,Lori Smith,irojas@example.net,2023-02-25,user_export_2026.csv,2026-08-09T16:21:14.052557
U002804,Alison Adams,nthomas@example.com,2026-08-03,user_export_2026.csv,2026-08-09T16:21:14.052756
U002805,William Torres,zandrews@example.com,2025-06-21,user_export_2026.csv,2026-08-09T16:21:14.052952
U002806,Aaron Casey,rparker@example.com,2023-01-17,user_export_2026.csv,2026-08-09T16:21:14.053197
U002807,Harold Williamson,richard18@example.org,2024-04-17,user_export_2026.csv,2026-08-09T16:21:14.053382
U002808,Rebecca Boone,jenkinsjohn@example.com,2024-03-11,user_export_2026.csv,2026-08-09T16:21:14.053681
U002809,Lori Clark,osbornkelly@example.net,2025-01-14,user_export_2026.csv,2026-08-09T16:21:14.054016
U002810,Deborah Stewart,invalid-email,2025-09-25,user_export_2026.csv,2026-08-09T16:21:14.054150
U002811,Carol Bowman,uliu@example.org,2025-12-12,user_export_2026.csv,2026-08-09T16:21:14.054355
U002812,Stephen Johnson,invalid-email,2022-01-06,user_export_2026.csv,2026-08-09T16:21:14.054470
U002813,Tyrone Williams,mroberts@example.org,2022-01-31,user_export_2026.csv,2026-08-09T16:21:14.054667
U002814,Joshua Nelson,michael13@example.org,2024-03-02,user_export_2026.csv,2026-08-09T16:21:14.054850
U002815,Kimberly Peters,riverakevin@example.net,2021-05-15,user_export_2026.csv,2026-08-09T16:21:14.055145
U002816,Lisa Doyle,martha18@example.com,13/05/2026,user_export_2026.csv,2026-08-09T16:21:14.055336
U002817,Sean Smith,akramer@example.org,2022-05-19,user_export_2026.csv,2026-08-09T16:21:14.055536
U002818,Angel Cooper,zwolf@example.org,2023-02-12,user_export_2026.csv,2026-08-09T16:21:14.055734
U002819,Sheila Carlson,andredonaldson@example.com,2020-11-02,user_export_2026.csv,2026-08-09T16:21:14.056008
U002820,Brent Green,margaretirwin@example.net,2024-11-17,user_export_2026.csv,2026-08-09T16:21:14.056274
U002821,Wanda Reynolds,shawtimothy@example.net,2022-03-18,user_export_2026.csv,2026-08-09T16:21:14.056521
U002822,    ,robertday@example.org,2021-05-03,user_export_2026.csv,2026-08-09T16:21:14.056767
U002823,Mark Harris,pamela10@example.org,2022-08-26,user_export_2026.csv,2026-08-09T16:21:14.056948
U002824,Edward Herring,david90@example.com,2026-06-16,user_export_2026.csv,2026-08-09T16:21:14.057176
U002825,Mr. Troy Hansen,xcardenas@example.org,2023-03-10,user_export_2026.csv,2026-08-09T16:21:14.057387
U002826,Andrew Thomas,darrylkent@example.net,2020-05-31,user_export_2026.csv,2026-08-09T16:21:14.057683
U002827,Shelby Taylor,ltate@example.org,2020-06-09,user_export_2026.csv,2026-08-09T16:21:14.057888
U002828,Adam Young,invalid-email,2025-04-08,user_export_2026.csv,2026-08-09T16:21:14.058044
U002829,  Maria Phillips  ,greenkyle@example.com,11/17/2023,user_export_2026.csv,2026-08-09T16:21:14.058311
U002830,Dylan Floyd,carla96@example.com,2020-07-11,user_export_2026.csv,2026-08-09T16:21:14.058492
U002831,Ryan Meyers,larryburns@example.org,2025-02-04,user_export_2026.csv,2026-08-09T16:21:14.058735
U002832,Donna Chandler,craigmiles@example.net,2021-05-12,user_export_2026.csv,2026-08-09T16:21:14.059017
U002833,Patrick Foster,staceyarias@example.org,2021-02-24,user_export_2026.csv,2026-08-09T16:21:14.059276
U000042,    ,cynthiaford@example.org,19-11-2024,user_export_2026.csv,2026-08-09T16:21:14.059523
U002835,Devin Day,christinapeters@example.net,2024-02-19,user_export_2026.csv,2026-08-09T16:21:14.059767
U002836,Kristen Jackson,george52@example.net,2020-01-21,user_export_2026.csv,2026-08-09T16:21:14.059947
U002837,Ashley Wilson,tracy91@example.com,2022-11-29,user_export_2026.csv,2026-08-09T16:21:14.060184
U002838,George Williams,invalid-email,2020-07-15,user_export_2026.csv,2026-08-09T16:21:14.060305
U002839,Amber Parker,greenshawn@example.com,2023-09-10,user_export_2026.csv,2026-08-09T16:21:14.060549
U002840,Phillip Fowler,kelsey47@example.net,2024-04-03,user_export_2026.csv,2026-08-09T16:21:14.060727
U002841,Sarah Phillips,lwilson@example.com,2021-07-18,user_export_2026.csv,2026-08-09T16:21:14.060927
U002842,Veronica Stevens,keith93@example.org,2023-07-31,user_export_2026.csv,2026-08-09T16:21:14.061155
U002843,John Ferguson,jamesmoreno@example.com,2024-08-19,user_export_2026.csv,2026-08-09T16:21:14.061403
U002844,Richard Barker,margaretboyd@example.net,2025-11-07,user_export_2026.csv,2026-08-09T16:21:14.061702
U002845,Mrs. Amanda Wells,lisahawkins@example.com,2025-06-30,user_export_2026.csv,2026-08-09T16:21:14.061958
U002846,Karen Alvarez,mitchellangela@example.org,2025-05-31,user_export_2026.csv,2026-08-09T16:21:14.062257
U002847,Arthur White,aholt@example.com,2023-04-28,user_export_2026.csv,2026-08-09T16:21:14.062560
U002848,Christy Murphy,timothyshaffer@example.net,2022-09-19,user_export_2026.csv,2026-08-09T16:21:14.062929
U002849,Jose Boyer,roger73@example.com,2022-04-23,user_export_2026.csv,2026-08-09T16:21:14.063189
U002850,James Miller,yramos@example.org,2025-07-18,user_export_2026.csv,2026-08-09T16:21:14.063395
U000885,  Jennifer Frederick  ,jeffrey62@example.net,2025-06-20,user_export_2026.csv,2026-08-09T16:21:14.063587
U002852,Dawn Bennett,vgreen@example.org,2025-10-06,user_export_2026.csv,2026-08-09T16:21:14.063791
U002853,Laura Tyler,rodriguezamanda@example.net,2023-07-01,user_export_2026.csv,2026-08-09T16:21:14.064090
U002854,Darren Smith,marissasutton@example.com,2025-08-28,user_export_2026.csv,2026-08-09T16:21:14.064344
U001489,Michael Fernandez,salvarado@example.com,04-10-2025,user_export_2026.csv,2026-08-09T16:21:14.064545
U002856,Edward Hill,christine97@example.net,2021-11-03,user_export_2026.csv,2026-08-09T16:21:14.064732
U002857,Christopher Bartlett,madison75@example.net,2026-06-22,user_export_2026.csv,2026-08-09T16:21:14.064913
U002858,Hannah Meyer,kirbybrett@example.org,2021-03-14,user_export_2026.csv,2026-08-09T16:21:14.065213
U002859,Patrick Ford,wilkinskevin@example.net,2025-03-02,user_export_2026.csv,2026-08-09T16:21:14.065459
U002860,Lee Heath,invalid-email,2025-12-14,user_export_2026.csv,2026-08-09T16:21:14.065626
U002861,Julia Howe,ruth45@example.org,2026-03-04,user_export_2026.csv,2026-08-09T16:21:14.065817
U002862,    ,khodges@example.net,11/09/2025,user_export_2026.csv,2026-08-09T16:21:14.066065
U002863,Vicki Garcia MD,danielleclark@example.net,2024-04-15,user_export_2026.csv,2026-08-09T16:21:14.066326
U002864,Jeffrey Herrera,lanechelsea@example.com,2023-04-19,user_export_2026.csv,2026-08-09T16:21:14.066572
U002865,Angela Landry,barbara09@example.net,2023-02-04,user_export_2026.csv,2026-08-09T16:21:14.066754
U002866,Tracy Cortez,marthagriffin@example.net,2024-11-10,user_export_2026.csv,2026-08-09T16:21:14.067043
U001019,Ethan Castro,lmiddleton@example.org,2020-08-05,user_export_2026.csv,2026-08-09T16:21:14.067255
U002868,Richard Davis,julie80@example.net,2023-02-02,user_export_2026.csv,2026-08-09T16:21:14.067436
U002869,Paul Mack,james60@example.net,2024-07-15,user_export_2026.csv,2026-08-09T16:21:14.067615
U002870,Barbara Allen,smithsusan@example.net,2023-01-03,user_export_2026.csv,2026-08-09T16:21:14.067860
U002871,Kenneth Wells,debbieedwards@example.org,2022-04-13,user_export_2026.csv,2026-08-09T16:21:14.068151
U002872,Jeffery Berry,margaret18@example.net,2023-03-25,user_export_2026.csv,2026-08-09T16:21:14.068338
U002873,Drew Brown,kevinespinoza@example.org,2025-08-23,user_export_2026.csv,2026-08-09T16:21:14.068582
U002874,Taylor Cantu,wharris@example.com,2023-06-04,user_export_2026.csv,2026-08-09T16:21:14.068780
U002875,Jeremiah Robinson,william96@example.net,2021-11-28,user_export_2026.csv,2026-08-09T16:21:14.068958
U002876,Harry Lindsey,bushcourtney@example.net,2022-02-06,user_export_2026.csv,2026-08-09T16:21:14.069249
U002877,Shane Potter,odavis@example.com,2020-02-22,user_export_2026.csv,2026-08-09T16:21:14.069458
U002878,David Curtis,phoover@example.net,2020-03-26,user_export_2026.csv,2026-08-09T16:21:14.069707
U002879,Mr. Gregory Wiley,jamesjohn@example.net,2020-11-11,user_export_2026.csv,2026-08-09T16:21:14.070232
U002880,Mary Massey,thomaswhite@example.org,2020-02-09,user_export_2026.csv,2026-08-09T16:21:14.070632
U002881,Kimberly Fisher,vortiz@example.org,2026-07-16,user_export_2026.csv,2026-08-09T16:21:14.070841
U002882,Joseph Gray,invalid-email,2020/03/12,user_export_2026.csv,2026-08-09T16:21:14.070960
U002883,Barry Bush,gjones@example.net,2025-08-22,user_export_2026.csv,2026-08-09T16:21:14.071212
U002884,Mrs. Tiffany Walters MD,robert40@example.com,2021-01-19,user_export_2026.csv,2026-08-09T16:21:14.071414
U002885,  Amanda Caldwell  ,taylortina@example.org,2023/12/07,user_export_2026.csv,2026-08-09T16:21:14.071664
U002886,John Clark,sarahhicks@example.org,2020-02-25,user_export_2026.csv,2026-08-09T16:21:14.071906
U002887,David Nelson,ricebeth@example.net,2023-09-28,user_export_2026.csv,2026-08-09T16:21:14.072200
U002888,Daniel Smith,candrews@example.com,2025-06-06,user_export_2026.csv,2026-08-09T16:21:14.072457
U002889,David Avila DVM,invalid-email,07-08-2024,user_export_2026.csv,2026-08-09T16:21:14.072582
U002890,Lori Holt,hudsonglen@example.net,2022-09-27,user_export_2026.csv,2026-08-09T16:21:14.072827
U002891,Diana Austin,uhubbard@example.com,2024-10-30,user_export_2026.csv,2026-08-09T16:21:14.073075
U002892,Michael Guerra,amanda72@example.com,2022-03-04,user_export_2026.csv,2026-08-09T16:21:14.073265
U002893,Derek Gonzalez,jshaffer@example.org,2021-03-18,user_export_2026.csv,2026-08-09T16:21:14.073465
U002894,Nina Combs,kimberly03@example.com,2026-02-09,user_export_2026.csv,2026-08-09T16:21:14.073706
U002895,Leslie Wolf,hunterjamie@example.com,2025-11-28,user_export_2026.csv,2026-08-09T16:21:14.074015
U002896,Paul Nixon,jessicalewis@example.com,2023-11-29,user_export_2026.csv,2026-08-09T16:21:14.074280
U002897,Joanna Calderon,hallalan@example.org,2024-09-05,user_export_2026.csv,2026-08-09T16:21:14.074580
U002898,Ashley Lynn,williamwalsh@example.com,2022-02-19,user_export_2026.csv,2026-08-09T16:21:14.074925
U002899,Charlotte Anderson,michaelcobb@example.org,11/10/2024,user_export_2026.csv,2026-08-09T16:21:14.075230
U002900,Andrea Boone,patriciacarr@example.net,2021-03-27,user_export_2026.csv,2026-08-09T16:21:14.075481
U002901,Joanna Anderson,katherine10@example.org,2021-08-25,user_export_2026.csv,2026-08-09T16:21:14.075666
U002902,Kathleen Vargas,cory32@example.com,2023-04-01,user_export_2026.csv,2026-08-09T16:21:14.075849
U002903,Richard Larsen,browntimothy@example.net,2023-05-28,user_export_2026.csv,2026-08-09T16:21:14.076147
U002904,Troy Mclean,karenstephens@example.com,2023-04-22,user_export_2026.csv,2026-08-09T16:21:14.076403
U001159,  Nicholas Grant  ,juliebird@example.net,23/06/2025,user_export_2026.csv,2026-08-09T16:21:14.076649
U002906,Clifford Brooks,ywilkinson@example.org,2020-07-23,user_export_2026.csv,2026-08-09T16:21:14.076848
U002907,Adrian Collier,geraldgarcia@example.net,2023-03-06,user_export_2026.csv,2026-08-09T16:21:14.077142
U002908,Amber Lee,gfox@example.net,2026-04-15,user_export_2026.csv,2026-08-09T16:21:14.077350
U002909,Anthony Smith,pwest@example.org,2023-01-13,user_export_2026.csv,2026-08-09T16:21:14.077600
U002910,Timothy Maxwell,wheelerkimberly@example.org,2024-11-04,user_export_2026.csv,2026-08-09T16:21:14.077853
U002911,Robert Griffith,duncanjames@example.net,2022-06-15,user_export_2026.csv,2026-08-09T16:21:14.078143
U002912,    ,anthony17@example.org,05/01/2024,user_export_2026.csv,2026-08-09T16:21:14.078334
U002913,Tyler Hart,johnsonsteven@example.net,2023-05-22,user_export_2026.csv,2026-08-09T16:21:14.078579
U002914,Collin Osborne,fjackson@example.org,2024-11-20,user_export_2026.csv,2026-08-09T16:21:14.078777
U002915,Robert Knight,pwilkerson@example.com,2026-06-26,user_export_2026.csv,2026-08-09T16:21:14.079003
U002916,Cody Johnson PhD,molly46@example.org,2022-10-21,user_export_2026.csv,2026-08-09T16:21:14.079212
U002917,Mrs. Carol Morton DVM,dflowers@example.com,2023-05-18,user_export_2026.csv,2026-08-09T16:21:14.079427
U002918,Jason Lucero,mandymalone@example.com,2025-03-03,user_export_2026.csv,2026-08-09T16:21:14.079670
U002919,Tara Anderson,douglas60@example.org,2024-11-24,user_export_2026.csv,2026-08-09T16:21:14.079851
U002920,  Daniel Matthews  ,thomasjessica@example.net,01/04/2024,user_export_2026.csv,2026-08-09T16:21:14.080148
U002921,Lauren Torres,esalinas@example.org,2025-03-04,user_export_2026.csv,2026-08-09T16:21:14.080358
U002922,Alexander Craig,wmay@example.com,2021/07/29,user_export_2026.csv,2026-08-09T16:21:14.080564
U002923,Thomas Ruiz,pearsoncarrie@example.com,2024-03-08,user_export_2026.csv,2026-08-09T16:21:14.080810
U002924,Allison Arellano,josephcooper@example.net,2026-05-05,user_export_2026.csv,2026-08-09T16:21:14.081117
U002925,Joshua Rodriguez,andersondaniel@example.net,2024-05-27,user_export_2026.csv,2026-08-09T16:21:14.081369
U002926,Troy Herrera,jacksonrussell@example.com,2025-03-10,user_export_2026.csv,2026-08-09T16:21:14.081665
U002927,Michele Oconnor PhD,jscott@example.com,2025-02-28,user_export_2026.csv,2026-08-09T16:21:14.081879
U002928,Susan Palmer,dmartinez@example.com,2023-01-11,user_export_2026.csv,2026-08-09T16:21:14.082129
U002929,Dr. Kathryn Adams DDS,dixonjerry@example.net,2023-09-27,user_export_2026.csv,2026-08-09T16:21:14.082388
U002930,Ann Cunningham,henrychristine@example.net,2026-05-05,user_export_2026.csv,2026-08-09T16:21:14.082634
U002931,Jeffrey Williams,uduncan@example.net,2020-09-06,user_export_2026.csv,2026-08-09T16:21:14.082831
U002932,Patricia Dunlap,philliphayden@example.net,2025-09-23,user_export_2026.csv,2026-08-09T16:21:14.083134
U002933,Craig Nguyen,joshuaadams@example.com,2022-04-19,user_export_2026.csv,2026-08-09T16:21:14.083386
U002934,Tony Williams,davidandrews@example.net,2025-07-21,user_export_2026.csv,2026-08-09T16:21:14.083637
U002935,Donald Lopez,jacksonwhitney@example.org,2021-09-25,user_export_2026.csv,2026-08-09T16:21:14.083879
U002936,Katherine Mcmillan,michellehoward@example.com,2020-01-27,user_export_2026.csv,2026-08-09T16:21:14.084177
U002937,Daniel Robinson,smithamy@example.com,2022-04-02,user_export_2026.csv,2026-08-09T16:21:14.084424
U002473,  Eddie Klein  ,lchavez@example.org,09-10-2022,user_export_2026.csv,2026-08-09T16:21:14.084626
U002939,  April Meyer  ,martinezdavid@example.org,05/13/2023,user_export_2026.csv,2026-08-09T16:21:14.084880
U002940,Troy Jefferson,vbradley@example.net,2026-02-17,user_export_2026.csv,2026-08-09T16:21:14.085128
U002941,David Jennings,sarahharmon@example.net,2024-12-03,user_export_2026.csv,2026-08-09T16:21:14.085375
U002942,Theresa Ray,nsingh@example.org,2024-11-05,user_export_2026.csv,2026-08-09T16:21:14.085628
U002943,Joshua Quinn,invalid-email,2021-08-03,user_export_2026.csv,2026-08-09T16:21:14.085749
U002944,William Tapia,qcastillo@example.com,2021-11-30,user_export_2026.csv,2026-08-09T16:21:14.085946
U002945,Anthony Morse,gabrielle36@example.org,2022-03-31,user_export_2026.csv,2026-08-09T16:21:14.086175
U002946,Miranda Sanchez,gmiller@example.net,2021-02-13,user_export_2026.csv,2026-08-09T16:21:14.086380
U002947,Emily Bates,heather58@example.org,2023-02-01,user_export_2026.csv,2026-08-09T16:21:14.086563
U002948,Tonya Parker,lopezjordan@example.net,2021-03-15,user_export_2026.csv,2026-08-09T16:21:14.086808
U002949,Jack Nguyen,joshuajenkins@example.com,2021-08-29,user_export_2026.csv,2026-08-09T16:21:14.087096
U002950,Tony Lawson,invalid-email,2023-05-25,user_export_2026.csv,2026-08-09T16:21:14.087218
U002951,Kevin Padilla,jreynolds@example.net,2020-06-23,user_export_2026.csv,2026-08-09T16:21:14.087415
U002952,Anthony Taylor,patrickjasmine@example.net,2021-07-24,user_export_2026.csv,2026-08-09T16:21:14.087656
U002953,Melissa Hernandez,denisepalmer@example.net,2023-02-08,user_export_2026.csv,2026-08-09T16:21:14.087898
U002954,Donna Smith,htaylor@example.com,13/05/2022,user_export_2026.csv,2026-08-09T16:21:14.088153
U002955,Andrea Baker,rebecca73@example.com,2021-12-15,user_export_2026.csv,2026-08-09T16:21:14.088339
U002956,Cheryl Collins,maxwellgibson@example.org,2026-04-25,user_export_2026.csv,2026-08-09T16:21:14.088584
U002957,Christopher Davis,andrearivera@example.net,2021-07-27,user_export_2026.csv,2026-08-09T16:21:14.088827
U002958,Jason Jones,kristievillegas@example.com,2023-05-25,user_export_2026.csv,2026-08-09T16:21:14.089114
U002959,Donna Cline,cwilson@example.org,2025-06-04,user_export_2026.csv,2026-08-09T16:21:14.089319
U002960,Christopher Brown,dortiz@example.org,2022-01-08,user_export_2026.csv,2026-08-09T16:21:14.089564
U002961,David Thomas,johnsonjennifer@example.net,2025-11-22,user_export_2026.csv,2026-08-09T16:21:14.089816
U002962,Christina Strong,fjones@example.org,2026-08-08,user_export_2026.csv,2026-08-09T16:21:14.090062
U002963,Tanner Potts,alexander66@example.com,2024-07-11,user_export_2026.csv,2026-08-09T16:21:14.090252
U000651,    ,larry04@example.net,08/07/2025,user_export_2026.csv,2026-08-09T16:21:14.090437
U002965,Charles Gonzales,melissaevans@example.org,2022-08-27,user_export_2026.csv,2026-08-09T16:21:14.090729
U002966,  Brandon Young  ,victor34@example.com,2024-09-16,user_export_2026.csv,2026-08-09T16:21:14.090914
U002967,Debbie Bailey,invalid-email,2020-10-25,user_export_2026.csv,2026-08-09T16:21:14.091085
U002968,Angela Kidd,frankstewart@example.org,2020-04-30,user_export_2026.csv,2026-08-09T16:21:14.091344
U002969,Beth Ellis,philliphatfield@example.net,2025-01-15,user_export_2026.csv,2026-08-09T16:21:14.091591
U002970,Jason Lamb,sarah62@example.org,2026-06-08,user_export_2026.csv,2026-08-09T16:21:14.091772
U002971,Billy House,ahenson@example.net,2025-07-04,user_export_2026.csv,2026-08-09T16:21:14.091997
U002972,Scott Adams,thomas12@example.net,2022-04-04,user_export_2026.csv,2026-08-09T16:21:14.092201
U002973,Daniel Smith,gproctor@example.net,2025-12-04,user_export_2026.csv,2026-08-09T16:21:14.092403
U002974,Keith Holder,davidedwards@example.com,2026-07-12,user_export_2026.csv,2026-08-09T16:21:14.092647
U002975,    ,invalid-email,2021-07-29,user_export_2026.csv,2026-08-09T16:21:14.092767
U002976,Patrick Gray,staceyhernandez@example.com,2020-10-21,user_export_2026.csv,2026-08-09T16:21:14.093053
U002977,Jessica King,frank49@example.org,2025-12-03,user_export_2026.csv,2026-08-09T16:21:14.093248
U002978,James Vazquez,dawn11@example.org,2026-05-25,user_export_2026.csv,2026-08-09T16:21:14.093429
U002979,Lisa Schroeder,schmidtsteven@example.org,2023-12-31,user_export_2026.csv,2026-08-09T16:21:14.093730
U002980,Jessica Parker,erica48@example.net,2021-07-18,user_export_2026.csv,2026-08-09T16:21:14.093916
U002981,Misty Rice,brenda68@example.org,2024-03-20,user_export_2026.csv,2026-08-09T16:21:14.094149
U002982,Jennifer Cline MD,velasquezvictoria@example.org,2021-06-04,user_export_2026.csv,2026-08-09T16:21:14.094409
U002983,Robert Watson,dianaramirez@example.net,2021-04-28,user_export_2026.csv,2026-08-09T16:21:14.094740
U002984,Scott Wilson,nwilliams@example.net,2026-01-23,user_export_2026.csv,2026-08-09T16:21:14.094952
U002985,Jessica Colon,tylergarcia@example.net,2023-04-02,user_export_2026.csv,2026-08-09T16:21:14.095256
U002986,Kathy Brown,harrisbryan@example.net,2024-01-05,user_export_2026.csv,2026-08-09T16:21:14.095505
U002987,Kristopher Pierce,millerlindsey@example.org,14-06-2026,user_export_2026.csv,2026-08-09T16:21:14.095751
U002988,Christine Ellison,pli@example.org,2024-06-23,user_export_2026.csv,2026-08-09T16:21:14.095952
U002989,Kathleen Garcia,jgill@example.com,2021-03-30,user_export_2026.csv,2026-08-09T16:21:14.096201
U002990,Paul Wilkerson,jhenson@example.com,2022-12-13,user_export_2026.csv,2026-08-09T16:21:14.096404
U002991,Lisa Potter,invalid-email,2024-09-22,user_export_2026.csv,2026-08-09T16:21:14.096522
U002992,Jordan Garcia,megan78@example.com,2020-08-31,user_export_2026.csv,2026-08-09T16:21:14.096702
U002993,Tammy Fuller,harrissamuel@example.org,2023-09-12,user_export_2026.csv,2026-08-09T16:21:14.096949
U002994,Christopher Wilson,jlivingston@example.net,2020-09-12,user_export_2026.csv,2026-08-09T16:21:14.097215
U002995,Sara Mills,ruizkimberly@example.net,2026-04-28,user_export_2026.csv,2026-08-09T16:21:14.097469
U002996,Michelle Mcdonald,brodriguez@example.net,2020-05-24,user_export_2026.csv,2026-08-09T16:21:14.097731
U002997,Ashley Gilbert,davidharris@example.net,2024-08-31,user_export_2026.csv,2026-08-09T16:21:14.098024
U002998,Leah Travis,timothy18@example.org,2020-11-26,user_export_2026.csv,2026-08-09T16:21:14.098221
U002999,Dr. Andrew Johns,yoderadam@example.com,2021-06-14,user_export_2026.csv,2026-08-09T16:21:14.098475
U003000,Megan Moran,invalid-email,2020-05-25,user_export_2026.csv,2026-08-09T16:21:14.098593
U003001,Harold Camacho,smithdenise@example.net,2023-12-05,user_export_2026.csv,2026-08-09T16:21:14.098834
U003002,Cheyenne Tate,nancymaynard@example.org,2022-07-21,user_export_2026.csv,2026-08-09T16:21:14.099129
U000803,  Barbara Richards  ,wmorrison@example.com,2020/03/15,user_export_2026.csv,2026-08-09T16:21:14.099339
U003004,Sarah Green,zsmith@example.com,2021-05-27,user_export_2026.csv,2026-08-09T16:21:14.099541
U003005,Heather Kim,sanchezmelissa@example.com,2021-07-18,user_export_2026.csv,2026-08-09T16:21:14.099783
U002521,  Teresa Harding  ,morrisjill@example.com,04/03/2022,user_export_2026.csv,2026-08-09T16:21:14.100074
U003007,  Samantha Price  ,castilloalec@example.org,2026/01/05,user_export_2026.csv,2026-08-09T16:21:14.100328
U003008,William Friedman,patricia24@example.org,2022-10-20,user_export_2026.csv,2026-08-09T16:21:14.100511
U003009,Melissa Harvey,beckyroberts@example.com,2021-06-03,user_export_2026.csv,2026-08-09T16:21:14.100949
U003010,Connie Smith,rodgerscaroline@example.org,2023-07-10,user_export_2026.csv,2026-08-09T16:21:14.101271
U003011,Emily Perez,craigbuck@example.com,2022-09-27,user_export_2026.csv,2026-08-09T16:21:14.101572
U003012,Jacob Aguirre,zwolfe@example.net,2024-06-17,user_export_2026.csv,2026-08-09T16:21:14.101783
U003013,Crystal Parrish,jesse81@example.org,2020-11-10,user_export_2026.csv,2026-08-09T16:21:14.101996
U003014,    ,rhonda64@example.org,02-01-2024,user_export_2026.csv,2026-08-09T16:21:14.102205
U003015,Robert Richards MD,floresjohn@example.com,2026-03-08,user_export_2026.csv,2026-08-09T16:21:14.102459
U003016,Phillip Lin,amyjones@example.com,2025-11-27,user_export_2026.csv,2026-08-09T16:21:14.102701
U003017,Erin Garcia,brittanyhubbard@example.com,2026-01-26,user_export_2026.csv,2026-08-09T16:21:14.102948
U003018,Gloria Green,odickerson@example.org,2024-08-09,user_export_2026.csv,2026-08-09T16:21:14.103217
U003019,Robin Murray,jessicasmith@example.com,2023-02-19,user_export_2026.csv,2026-08-09T16:21:14.103468
U003020,  Jessica Rojas  ,kelsey67@example.com,2023/06/03,user_export_2026.csv,2026-08-09T16:21:14.103653
U003021,Hunter Alexander,murraybruce@example.net,2021-08-04,user_export_2026.csv,2026-08-09T16:21:14.103898
U003022,  Isaiah Trujillo  ,pschmidt@example.org,2021-04-12,user_export_2026.csv,2026-08-09T16:21:14.104148
U003023,  Dr. Daniel Tucker  ,tiffany80@example.org,2020-12-12,user_export_2026.csv,2026-08-09T16:21:14.104340
U003024,Elizabeth Jones,wesley57@example.net,2024-04-16,user_export_2026.csv,2026-08-09T16:21:14.104522
U003025,Anthony Hart,invalid-email,2022-04-22,user_export_2026.csv,2026-08-09T16:21:14.104639
U003026,Randy Foster,czavala@example.org,2025-12-21,user_export_2026.csv,2026-08-09T16:21:14.104844
U003027,Sandra Shea,qbutler@example.org,2020/04/16,user_export_2026.csv,2026-08-09T16:21:14.105091
U003028,Matthew Bennett,douglasdougherty@example.net,2022-12-11,user_export_2026.csv,2026-08-09T16:21:14.105344
U003029,George Barber,salvarez@example.org,2020-04-22,user_export_2026.csv,2026-08-09T16:21:14.105592
U003030,Calvin Barry,ebowen@example.net,2024-11-12,user_export_2026.csv,2026-08-09T16:21:14.105799
U003031,Steven Benson,zachary86@example.net,2020-08-21,user_export_2026.csv,2026-08-09T16:21:14.106020
U003032,Cassandra Benson,kimberly40@example.com,2023-03-23,user_export_2026.csv,2026-08-09T16:21:14.106216
U003033,Melissa Acevedo,thomaslane@example.net,2025-03-13,user_export_2026.csv,2026-08-09T16:21:14.106463
U003034,Taylor Carlson,qpatterson@example.org,2025-10-26,user_export_2026.csv,2026-08-09T16:21:14.106663
U003035,Michael Rojas,vcole@example.com,2025-03-29,user_export_2026.csv,2026-08-09T16:21:14.106860
U003036,Sierra Porter,max26@example.org,2021-06-24,user_export_2026.csv,2026-08-09T16:21:14.107088
U003037,Shari Allen,dylan27@example.org,2023-01-28,user_export_2026.csv,2026-08-09T16:21:14.107273
U003038,Nicole Anderson,henrymccarthy@example.org,2024-06-04,user_export_2026.csv,2026-08-09T16:21:14.107522
U003039,Bridget Garcia,huffmaria@example.net,2020-02-20,user_export_2026.csv,2026-08-09T16:21:14.107767
U003040,Jessica Martinez,krodriguez@example.org,2023-08-07,user_export_2026.csv,2026-08-09T16:21:14.107993
U003041,Brooke Ware,daniel48@example.com,2024-12-22,user_export_2026.csv,2026-08-09T16:21:14.108201
U003042,Crystal Brooks,houstonstephanie@example.org,2025-03-25,user_export_2026.csv,2026-08-09T16:21:14.108449
U003043,Scott White,roachjulie@example.net,2024-07-31,user_export_2026.csv,2026-08-09T16:21:14.108735
U003044,  Alexis Shea  ,jack64@example.com,09-12-2024,user_export_2026.csv,2026-08-09T16:21:14.108920
U003045,Amy Payne,hayesnicole@example.org,2025-07-20,user_export_2026.csv,2026-08-09T16:21:14.109219
U003046,Renee Miller,seanosborne@example.com,2021-08-24,user_export_2026.csv,2026-08-09T16:21:14.109468
U003047,Teresa Carter,jasongutierrez@example.com,2022-08-11,user_export_2026.csv,2026-08-09T16:21:14.109767
U002803,Thomas Bennett,melissaroy@example.com,2023-07-23,user_export_2026.csv,2026-08-09T16:21:14.110058
U003049,Donald Wallace,ruthsmith@example.org,2022-11-27,user_export_2026.csv,2026-08-09T16:21:14.110313
U003050,Amanda Sanders,invalid-email,2023-12-18,user_export_2026.csv,2026-08-09T16:21:14.110433
U003051,Debbie Moore,invalid-email,2022-08-19,user_export_2026.csv,2026-08-09T16:21:14.110549
U003052,Nicholas Roth,daniel93@example.net,2024-12-22,user_export_2026.csv,2026-08-09T16:21:14.110729
U000835,Bethany Haynes,fwhite@example.org,2024-08-30,user_export_2026.csv,2026-08-09T16:21:14.110931
U003054,Bailey Hughes,denise49@example.com,2023-08-30,user_export_2026.csv,2026-08-09T16:21:14.111166
U003055,Ronald Higgins,vfoster@example.org,2024-07-29,user_export_2026.csv,2026-08-09T16:21:14.111370
U003056,Christopher Newman,tiffany97@example.com,2023-04-19,user_export_2026.csv,2026-08-09T16:21:14.111549
U003057,Lori Brooks,gsharp@example.net,2020-07-01,user_export_2026.csv,2026-08-09T16:21:14.111749
U003058,Robert Barnes,wchaney@example.com,2020-04-14,user_export_2026.csv,2026-08-09T16:21:14.111946
U003059,Alison Williams,ortegasandra@example.net,2025/09/12,user_export_2026.csv,2026-08-09T16:21:14.112241
U003060,Sarah Larson,jacobjones@example.com,2026-07-14,user_export_2026.csv,2026-08-09T16:21:14.112489
U003061,Terry Macias,christineramirez@example.net,2020-11-17,user_export_2026.csv,2026-08-09T16:21:14.112736
U003062,Amanda Perez,michaellee@example.org,2026-06-10,user_export_2026.csv,2026-08-09T16:21:14.113022
U003063,Tyler Sanchez,williamslisa@example.net,2026-01-16,user_export_2026.csv,2026-08-09T16:21:14.113278
U003064,Hailey Mcpherson,montgomeryjessica@example.com,2025-12-01,user_export_2026.csv,2026-08-09T16:21:14.113572
U003065,Robert Vega,perezrichard@example.net,2025-11-18,user_export_2026.csv,2026-08-09T16:21:14.113824
U003066,Rhonda Mitchell,cindyfischer@example.org,2022-03-09,user_export_2026.csv,2026-08-09T16:21:14.114116
U003067,Christopher Horn,lellison@example.com,2022-09-26,user_export_2026.csv,2026-08-09T16:21:14.114320
U003068,Robert Johnson,daviddecker@example.com,2024-01-22,user_export_2026.csv,2026-08-09T16:21:14.114563
U003069,Ann Hobbs,wallacemathew@example.net,2021-04-17,user_export_2026.csv,2026-08-09T16:21:14.114812
U003070,Terry Carr,stephaniewilson@example.org,2024-08-06,user_export_2026.csv,2026-08-09T16:21:14.115101
U003071,Jennifer Jones,xparker@example.com,2025-09-02,user_export_2026.csv,2026-08-09T16:21:14.115309
U003072,Terrence Cruz,danielle93@example.com,11-09-2024,user_export_2026.csv,2026-08-09T16:21:14.115491
U003073,William Davis,henrygriffin@example.net,2026-01-11,user_export_2026.csv,2026-08-09T16:21:14.115736
U003074,John Hall,banderson@example.com,2026-07-23,user_export_2026.csv,2026-08-09T16:21:14.115935
U003075,Chris Farrell,gking@example.org,2023-03-21,user_export_2026.csv,2026-08-09T16:21:14.116200
U003076,Stefanie Simmons,ostokes@example.org,2024-07-31,user_export_2026.csv,2026-08-09T16:21:14.116406
U003077,Kevin Keller,leslie24@example.org,2026-06-17,user_export_2026.csv,2026-08-09T16:21:14.116587
U003078,Michael Brown,michellegomez@example.com,2022-03-22,user_export_2026.csv,2026-08-09T16:21:14.116831
U003079,Daniel Ingram,perkinsdaniel@example.org,2020-03-04,user_export_2026.csv,2026-08-09T16:21:14.117120
U003080,Amber York,dlowery@example.net,2026-03-21,user_export_2026.csv,2026-08-09T16:21:14.117327
U003081,John Dickson,heather42@example.org,2021-02-17,user_export_2026.csv,2026-08-09T16:21:14.117552
U003082,Kathryn Young,invalid-email,2024-11-02,user_export_2026.csv,2026-08-09T16:21:14.117681
U003083,,garzajill@example.org,12/08/2025,user_export_2026.csv,2026-08-09T16:21:14.117931
U003084,Joshua Vasquez,yvasquez@example.net,2026-03-31,user_export_2026.csv,2026-08-09T16:21:14.118181
U003085,Daniel Young,briannaandersen@example.com,2023-10-11,user_export_2026.csv,2026-08-09T16:21:14.118428
U003086,Hunter Williamson,martintanner@example.net,2021-03-17,user_export_2026.csv,2026-08-09T16:21:14.118671
U003087,Toni Hill,invalid-email,2023-12-24,user_export_2026.csv,2026-08-09T16:21:14.118790
U003088,Felicia Gordon,jill83@example.net,2025-01-16,user_export_2026.csv,2026-08-09T16:21:14.119001
U003089,Valerie Flores,epage@example.org,2025-05-08,user_export_2026.csv,2026-08-09T16:21:14.119222
U003090,Christopher Singh,raymond29@example.org,2025-09-17,user_export_2026.csv,2026-08-09T16:21:14.119405
U003091,  Thomas Atkins  ,jillian19@example.com,01/31/2025,user_export_2026.csv,2026-08-09T16:21:14.119585
U003092,Christopher White,alan18@example.org,2023-02-18,user_export_2026.csv,2026-08-09T16:21:14.119764
U003093,Robert Peck,tjackson@example.com,2023-05-02,user_export_2026.csv,2026-08-09T16:21:14.119961
U003094,Jason Chapman,invalid-email,2025-10-21,user_export_2026.csv,2026-08-09T16:21:14.120121
U003095,Christopher Smith,laurasanchez@example.com,2024-10-13,user_export_2026.csv,2026-08-09T16:21:14.120371
U003096,Kelly Thompson,frenchcatherine@example.net,2021-12-31,user_export_2026.csv,2026-08-09T16:21:14.120614
U003097,Christopher Steele,invalid-email,2022-05-12,user_export_2026.csv,2026-08-09T16:21:14.120730
U003098,Jason Smith,maria09@example.com,2023-07-11,user_export_2026.csv,2026-08-09T16:21:14.120908
U003099,,deborah03@example.net,02-12-2024,user_export_2026.csv,2026-08-09T16:21:14.121136
U003100,Omar Miller,johnhines@example.net,2021-03-10,user_export_2026.csv,2026-08-09T16:21:14.121384
U003101,Brandy Evans,ldavis@example.org,2021-07-31,user_export_2026.csv,2026-08-09T16:21:14.121637
U003102,Aaron Williams,huynhdouglas@example.com,2020/06/11,user_export_2026.csv,2026-08-09T16:21:14.121887
U003103,Erica Campbell,mcleankaitlin@example.org,2020-04-15,user_export_2026.csv,2026-08-09T16:21:14.122187
U003104,Jeffrey Anderson,jeffery85@example.org,2026-05-28,user_export_2026.csv,2026-08-09T16:21:14.122371
U003105,Gabriel Ford,josephdavis@example.com,2021-05-31,user_export_2026.csv,2026-08-09T16:21:14.122638
U003106,Shannon Nunez,tonyamercado@example.com,2021-03-24,user_export_2026.csv,2026-08-09T16:21:14.122890
U003107,Marvin Sparks,justin16@example.com,2021-05-06,user_export_2026.csv,2026-08-09T16:21:14.123137
U003108,Curtis Garcia,joshua41@example.net,2022-12-13,user_export_2026.csv,2026-08-09T16:21:14.123323
U001140,Christopher Harrison,emills@example.com,2023-12-19,user_export_2026.csv,2026-08-09T16:21:14.123525
U003110,Nicole Henderson,kristymunoz@example.org,2021-10-03,user_export_2026.csv,2026-08-09T16:21:14.123773
U003111,Amanda Ramirez,elamb@example.com,2025-10-01,user_export_2026.csv,2026-08-09T16:21:14.124008
U003112,Ariel Pierce,boltonmary@example.com,2023-07-13,user_export_2026.csv,2026-08-09T16:21:14.124268
U003113,Krystal Thompson,invalid-email,2021-02-15,user_export_2026.csv,2026-08-09T16:21:14.124386
U003114,Amanda Jackson,seanadams@example.com,2023-07-24,user_export_2026.csv,2026-08-09T16:21:14.124629
U003115,Jon Robinson,ross53@example.net,2020-05-25,user_export_2026.csv,2026-08-09T16:21:14.124827
U003116,Laura West,martinmorgan@example.net,2022-10-04,user_export_2026.csv,2026-08-09T16:21:14.125121
U003117,Darin Wilkinson,robertbradley@example.com,2022-06-20,user_export_2026.csv,2026-08-09T16:21:14.125372
U003118,Carrie Black,bryan00@example.net,2021-09-12,user_export_2026.csv,2026-08-09T16:21:14.125609
U003119,Jonathan Rogers,timothy42@example.org,2025-07-27,user_export_2026.csv,2026-08-09T16:21:14.125862
U003120,Donald Morris,conleyantonio@example.org,2020-12-29,user_export_2026.csv,2026-08-09T16:21:14.126170
U003121,Billy Powers,torresmeghan@example.net,2022-05-27,user_export_2026.csv,2026-08-09T16:21:14.126457
U002284,Brandon Walker,joshua70@example.com,06/07/2020,user_export_2026.csv,2026-08-09T16:21:14.126720
U003123,Angela Goodwin,natalie46@example.com,2022-08-19,user_export_2026.csv,2026-08-09T16:21:14.126914
U003124,Shawn Fischer,ztran@example.org,2022-01-07,user_export_2026.csv,2026-08-09T16:21:14.127171
U003125,Edward Benson,lisa99@example.org,2023-04-11,user_export_2026.csv,2026-08-09T16:21:14.127357
U003126,Brittany Alvarez,barbararodriguez@example.net,2024-05-25,user_export_2026.csv,2026-08-09T16:21:14.127609
U003127,Andrew Gibson,psmith@example.com,2023-04-25,user_export_2026.csv,2026-08-09T16:21:14.127809
U003092,  Stephen Johnson  ,perezjohn@example.com,05/01/2025,user_export_2026.csv,2026-08-09T16:21:14.128102
U003129,Leslie Sanchez,sandersdeanna@example.net,2023-07-30,user_export_2026.csv,2026-08-09T16:21:14.128357
U003130,Robert Ruiz,kelleyderek@example.net,2024-06-18,user_export_2026.csv,2026-08-09T16:21:14.128606
U003131,Jason Mathews,kimberly90@example.net,2025-06-04,user_export_2026.csv,2026-08-09T16:21:14.128786
U003132,Matthew Jordan,waynerivera@example.net,2024-08-14,user_export_2026.csv,2026-08-09T16:21:14.129077
U003133,Amber Ruiz,invalid-email,2023-01-02,user_export_2026.csv,2026-08-09T16:21:14.129203
U003134,Jason Torres,heathersteele@example.net,2024-08-02,user_export_2026.csv,2026-08-09T16:21:14.129447
U003135,    ,lauren50@example.net,05/22/2024,user_export_2026.csv,2026-08-09T16:21:14.129689
U003136,Laura Taylor,bensonbrian@example.net,2025-06-11,user_export_2026.csv,2026-08-09T16:21:14.130173
U003137,Jenny Graves,gardnerrichard@example.net,2020-07-05,user_export_2026.csv,2026-08-09T16:21:14.130665
U003138,Jason Harris,farmerrichard@example.org,2026-06-02,user_export_2026.csv,2026-08-09T16:21:14.131218
U003139,Tonya Kemp,wellssherry@example.net,2021-03-27,user_export_2026.csv,2026-08-09T16:21:14.131731
U003140,Pamela Hicks,chambersashley@example.net,2023-09-12,user_export_2026.csv,2026-08-09T16:21:14.132217
U003141,Katherine Hoffman,xpark@example.org,2020-03-27,user_export_2026.csv,2026-08-09T16:21:14.132435
U003142,Cynthia Davis,fergusonlynn@example.com,2023-09-27,user_export_2026.csv,2026-08-09T16:21:14.132685
U003143,Carolyn Matthews,anthonyrobbins@example.net,2026-03-14,user_export_2026.csv,2026-08-09T16:21:14.132932
U000862,  Tiffany Young  ,craigjohn@example.com,2021/10/05,user_export_2026.csv,2026-08-09T16:21:14.133239
U003145,William Guzman,rodriguezmichael@example.net,2021-10-23,user_export_2026.csv,2026-08-09T16:21:14.133559
U003146,Jennifer Johnson,egeorge@example.net,2022-06-02,user_export_2026.csv,2026-08-09T16:21:14.133788
U003147,Joshua Lee,jonathan98@example.org,2020-02-25,user_export_2026.csv,2026-08-09T16:21:14.134015
U002156,    ,donna30@example.net,2025-06-09,user_export_2026.csv,2026-08-09T16:21:14.134218
U003149,Seth Gregory,owensamber@example.com,2022-10-09,user_export_2026.csv,2026-08-09T16:21:14.134486
U003150,Scott Smith,rfinley@example.net,29-06-2024,user_export_2026.csv,2026-08-09T16:21:14.134758
U003151,Brian Ware,garciadebra@example.com,2020-11-09,user_export_2026.csv,2026-08-09T16:21:14.135066
U003152,Lauren Sharp,rachelvaldez@example.org,2020/03/01,user_export_2026.csv,2026-08-09T16:21:14.135324
U003153,Curtis Cole,wilsonbrian@example.net,2024-05-21,user_export_2026.csv,2026-08-09T16:21:14.135570
U003154,Jennifer Evans,nhobbs@example.org,2023-07-02,user_export_2026.csv,2026-08-09T16:21:14.135772
U003155,Kimberly Holmes,gibsonrichard@example.net,2020-04-05,user_export_2026.csv,2026-08-09T16:21:14.136061
U003156,Tracy Pierce,marissa85@example.org,2021-02-12,user_export_2026.csv,2026-08-09T16:21:14.136250
U003157,Alicia Thomas,stephanie27@example.net,2025-04-14,user_export_2026.csv,2026-08-09T16:21:14.136434
U003158,Benjamin Fernandez,rgiles@example.org,2022-06-29,user_export_2026.csv,2026-08-09T16:21:14.136631
U003159,Stacey Cruz,jacksonthomas@example.com,2025-06-02,user_export_2026.csv,2026-08-09T16:21:14.136877
U003160,Justin Moreno,allendavid@example.org,2025-09-06,user_export_2026.csv,2026-08-09T16:21:14.137172
U003161,Regina Gamble,invalid-email,2025-07-28,user_export_2026.csv,2026-08-09T16:21:14.137295
U003162,Michael Khan,joseph59@example.com,2026-02-16,user_export_2026.csv,2026-08-09T16:21:14.137476
U003163,Catherine King,fyoder@example.org,2026-06-24,user_export_2026.csv,2026-08-09T16:21:14.137753
U003164,Paul Cochran,kennethsandoval@example.com,2022-08-08,user_export_2026.csv,2026-08-09T16:21:14.138049
U003165,Kyle Richards,summerellis@example.org,2021-03-22,user_export_2026.csv,2026-08-09T16:21:14.138303
U003166,Juan Adams,tsullivan@example.org,2020-12-08,user_export_2026.csv,2026-08-09T16:21:14.138503
U003167,  James Juarez  ,andersonkaren@example.org,2022-10-20,user_export_2026.csv,2026-08-09T16:21:14.138747
U003168,Casey Hubbard,bobby53@example.net,2026-05-09,user_export_2026.csv,2026-08-09T16:21:14.138930
U003169,Dawn Molina,xclarke@example.com,2025-07-14,user_export_2026.csv,2026-08-09T16:21:14.139180
U003170,Tricia Russo,mary88@example.org,2023-10-15,user_export_2026.csv,2026-08-09T16:21:14.139366
U003171,Shannon Hudson,invalid-email,2026-05-04,user_export_2026.csv,2026-08-09T16:21:14.139483
U003172,Mrs. Jaclyn Crosby MD,yolandayu@example.org,2023-01-03,user_export_2026.csv,2026-08-09T16:21:14.139738
U003173,James Roman,ecampbell@example.org,2025-06-24,user_export_2026.csv,2026-08-09T16:21:14.140026
U003174,Eric Velasquez,denniswilliams@example.com,2022-08-23,user_export_2026.csv,2026-08-09T16:21:14.140428
U003175,Joseph Lopez,ielliott@example.org,2025-10-08,user_export_2026.csv,2026-08-09T16:21:14.140638
U003176,James Levy,wthompson@example.com,2020-11-29,user_export_2026.csv,2026-08-09T16:21:14.140839
U003177,Leslie Preston,briannamclaughlin@example.net,2020-11-13,user_export_2026.csv,2026-08-09T16:21:14.141143
U003178,Cindy Walton,zgrimes@example.net,2021-10-25,user_export_2026.csv,2026-08-09T16:21:14.141352
U003179,Michelle Hayes,nathannorman@example.org,2022-03-19,user_export_2026.csv,2026-08-09T16:21:14.141673
U003180,David Fox,millsmichelle@example.com,2020-06-08,user_export_2026.csv,2026-08-09T16:21:14.141925
U003181,Robin Davis,carriereese@example.net,2025-11-18,user_export_2026.csv,2026-08-09T16:21:14.142227
U003182,William Powell,smithcarl@example.com,2026-02-18,user_export_2026.csv,2026-08-09T16:21:14.142483
U003183,William Hale,invalid-email,2021-04-26,user_export_2026.csv,2026-08-09T16:21:14.142600
U003184,Bridget Jensen,fryekevin@example.net,2023-01-15,user_export_2026.csv,2026-08-09T16:21:14.142851
U003185,Sarah Harrell,robinsondavid@example.org,2024-03-02,user_export_2026.csv,2026-08-09T16:21:14.143175
U003186,Laura Morris,landerson@example.net,2023-04-03,user_export_2026.csv,2026-08-09T16:21:14.143385
U003187,Maria Wall,vphillips@example.net,2024-02-29,user_export_2026.csv,2026-08-09T16:21:14.143587
U003188,Brandy Kerr,christine20@example.net,2025-03-10,user_export_2026.csv,2026-08-09T16:21:14.143769
U003189,George Hall,bholder@example.net,2021-07-08,user_export_2026.csv,2026-08-09T16:21:14.144010
U003190,Ashley Harding,kmartinez@example.net,2025-04-24,user_export_2026.csv,2026-08-09T16:21:14.144227
U003191,,richard20@example.org,23/01/2020,user_export_2026.csv,2026-08-09T16:21:14.144413
U003192,Jacob Burton,westricky@example.org,2025-02-21,user_export_2026.csv,2026-08-09T16:21:14.144656
U003193,Jessica Cook,whernandez@example.net,2025-04-03,user_export_2026.csv,2026-08-09T16:21:14.144861
U003194,Maria Wise,collinslaura@example.com,2026-04-09,user_export_2026.csv,2026-08-09T16:21:14.145158
U003195,Bryan Martin II,douglastimothy@example.net,2020-02-27,user_export_2026.csv,2026-08-09T16:21:14.145413
U003196,Jared Smith,mhenry@example.net,2024-10-11,user_export_2026.csv,2026-08-09T16:21:14.145664
U003197,Jon Arellano,perezchristopher@example.net,2024-07-09,user_export_2026.csv,2026-08-09T16:21:14.145913
U003198,Cassie Williams,martha99@example.net,2022-04-09,user_export_2026.csv,2026-08-09T16:21:14.146149
U003199,  Craig Washington  ,stevelee@example.net,2022/12/12,user_export_2026.csv,2026-08-09T16:21:14.146442
U003200,Edward Davies,melanie48@example.net,2024-04-17,user_export_2026.csv,2026-08-09T16:21:14.146624
U003201,Devin Reynolds,ibrady@example.com,2023-02-09,user_export_2026.csv,2026-08-09T16:21:14.146823
U003202,Patricia Edwards,leblancnicole@example.net,2025-04-23,user_export_2026.csv,2026-08-09T16:21:14.147123
U003203,Jennifer Jones,invalid-email,2022-08-07,user_export_2026.csv,2026-08-09T16:21:14.147247
U003204,Andrea Ruiz,maddenhailey@example.com,2021-08-23,user_export_2026.csv,2026-08-09T16:21:14.147493
U003205,Michael Woodward,michellewatkins@example.org,2020-01-02,user_export_2026.csv,2026-08-09T16:21:14.147736
U003206,James Bonilla,jacobscharles@example.com,2020-08-01,user_export_2026.csv,2026-08-09T16:21:14.148018
U003207,Hailey Stephens,daniellindsey@example.com,2024-10-08,user_export_2026.csv,2026-08-09T16:21:14.148274
U003208,Jodi Nelson,pcaldwell@example.net,2025-08-11,user_export_2026.csv,2026-08-09T16:21:14.148477
U003209,Tammy Williams,anicholson@example.org,2024-05-29,user_export_2026.csv,2026-08-09T16:21:14.148677
U003210,Kevin Mcclain,loveluis@example.com,2025-04-27,user_export_2026.csv,2026-08-09T16:21:14.148919
U003211,Donald Smith,cassandrakramer@example.net,2023-07-22,user_export_2026.csv,2026-08-09T16:21:14.149217
U003212,Brad Ryan,briannalong@example.org,2022-05-26,user_export_2026.csv,2026-08-09T16:21:14.149467
U003213,Nancy Williams,rose88@example.com,2023-02-11,user_export_2026.csv,2026-08-09T16:21:14.149703
U003214,Diana Stanton,kelleramanda@example.org,2026-04-14,user_export_2026.csv,2026-08-09T16:21:14.149952
U003215,Frank Franklin,christopher64@example.net,2022-10-23,user_export_2026.csv,2026-08-09T16:21:14.150183
U003216,Kyle Camacho,matthewbutler@example.org,2024-11-18,user_export_2026.csv,2026-08-09T16:21:14.150431
U003217,Colton Duke,joseph08@example.net,2024-02-06,user_export_2026.csv,2026-08-09T16:21:14.150610
U003218,Pamela Pittman,uwilliams@example.net,2023-11-18,user_export_2026.csv,2026-08-09T16:21:14.150812
U003219,Wendy Williams,blakeshelton@example.org,2026-04-11,user_export_2026.csv,2026-08-09T16:21:14.151107
U003220,Lisa Fernandez,michelle11@example.org,2022-02-21,user_export_2026.csv,2026-08-09T16:21:14.151295
U003221,Susan Cochran,vgarcia@example.net,2020-02-13,user_export_2026.csv,2026-08-09T16:21:14.151497
U003222,George Williams,laurenallen@example.net,2022-03-09,user_export_2026.csv,2026-08-09T16:21:14.151738
U003223,,virginia22@example.org,2022/11/05,user_export_2026.csv,2026-08-09T16:21:14.151918
U003224,Kyle Ruiz,invalid-email,2023-01-31,user_export_2026.csv,2026-08-09T16:21:14.152075
U003225,John Nelson,kenneth08@example.net,2022-11-02,user_export_2026.csv,2026-08-09T16:21:14.152267
U003226,Patricia Sellers,christopherchristensen@example.com,2026-06-01,user_export_2026.csv,2026-08-09T16:21:14.152514
U003227,Benjamin Williamson,jessica94@example.com,2025-04-12,user_export_2026.csv,2026-08-09T16:21:14.152694
U003228,Katelyn Hughes,aanderson@example.org,2025-07-01,user_export_2026.csv,2026-08-09T16:21:14.152894
U003229,Michael Johnston,coxtheresa@example.org,2026-02-12,user_export_2026.csv,2026-08-09T16:21:14.153187
U003230,Angela Nichols,invalid-email,2020-04-28,user_export_2026.csv,2026-08-09T16:21:14.153309
U003231,James Hess,ysmith@example.net,2021-12-25,user_export_2026.csv,2026-08-09T16:21:14.153551
U003232,Gary Hess,zyoung@example.com,2024-09-14,user_export_2026.csv,2026-08-09T16:21:14.153758
U003233,Ronald Watson,jessicaeaton@example.org,2024-12-21,user_export_2026.csv,2026-08-09T16:21:14.154047
U003234,Jessica Monroe,smithjavier@example.org,2021-02-03,user_export_2026.csv,2026-08-09T16:21:14.154304
U003235,Virginia Brown,daniellethomas@example.org,2022-03-06,user_export_2026.csv,2026-08-09T16:21:14.154549
U003236,Dennis Moore,katrinastevens@example.com,2023-09-24,user_export_2026.csv,2026-08-09T16:21:14.154795
U003237,Melissa Richardson,andrewsmadison@example.com,2023-07-20,user_export_2026.csv,2026-08-09T16:21:14.155089
U003238,Marcus Ferguson,andersontammy@example.com,2026-07-31,user_export_2026.csv,2026-08-09T16:21:14.155340
U003239,Theresa Michael,jonathan49@example.org,2020-02-28,user_export_2026.csv,2026-08-09T16:21:14.155524
U003240,Dustin Hawkins,heather53@example.net,2020-09-08,user_export_2026.csv,2026-08-09T16:21:14.155704
U003241,  Justin Mccoy  ,higginscaitlin@example.com,09-12-2020,user_export_2026.csv,2026-08-09T16:21:14.155950
U003242,Kendra Campbell,kathleen66@example.org,2025-09-01,user_export_2026.csv,2026-08-09T16:21:14.156181
U003243,Linda Jennings,davidjensen@example.org,2020-01-14,user_export_2026.csv,2026-08-09T16:21:14.156430
U003244,Jason Smith,agarcia@example.org,2021-04-27,user_export_2026.csv,2026-08-09T16:21:14.156627
U003245,Jay West,shane26@example.com,2020-12-18,user_export_2026.csv,2026-08-09T16:21:14.156805
U003246,Craig Marsh,diazmichael@example.org,2021-04-21,user_export_2026.csv,2026-08-09T16:21:14.157106
U003247,Cristian Smith,uhall@example.net,2020-12-19,user_export_2026.csv,2026-08-09T16:21:14.157313
U003248,Jenny Lamb,rodney58@example.com,2020-03-23,user_export_2026.csv,2026-08-09T16:21:14.157553
U003249,Jacqueline White,charles39@example.com,2022-06-09,user_export_2026.csv,2026-08-09T16:21:14.157747
U003250,Keith Brown,uschmitt@example.net,2022-10-07,user_export_2026.csv,2026-08-09T16:21:14.157947
U003251,Brent Cain,usilva@example.net,2022-02-21,user_export_2026.csv,2026-08-09T16:21:14.158197
U003252,Kenneth Moss,vgraham@example.com,2023-06-25,user_export_2026.csv,2026-08-09T16:21:14.158397
U003253,    ,paul18@example.org,07/16/2023,user_export_2026.csv,2026-08-09T16:21:14.158582
U003254,Frank Lawson,courtney87@example.com,2021-12-26,user_export_2026.csv,2026-08-09T16:21:14.158761
U003255,Adriana Parks,ingramtara@example.net,2024-12-05,user_export_2026.csv,2026-08-09T16:21:14.159049
U003256,Sarah Solis,weaverjohn@example.org,2026-06-28,user_export_2026.csv,2026-08-09T16:21:14.159303
U003257,Ariel Lopez,morrisonryan@example.org,2025-11-12,user_export_2026.csv,2026-08-09T16:21:14.159548
U003258,Samuel Thomas,rlewis@example.org,2021-11-29,user_export_2026.csv,2026-08-09T16:21:14.159746
U003259,  Zachary Sullivan  ,bill82@example.com,05/12/2022,user_export_2026.csv,2026-08-09T16:21:14.159925
U003260,Christopher Foster,lbennett@example.net,2022-04-29,user_export_2026.csv,2026-08-09T16:21:14.160178
U003261,Christopher Kennedy,christyfletcher@example.org,2026-03-09,user_export_2026.csv,2026-08-09T16:21:14.160426
U003262,Sharon Pearson,taylorgina@example.org,2021-01-06,user_export_2026.csv,2026-08-09T16:21:14.160672
U003263,Danielle Frey,hendersonjacob@example.org,2022-06-12,user_export_2026.csv,2026-08-09T16:21:14.160919
U003264,Elaine Lewis,invalid-email,2021-04-17,user_export_2026.csv,2026-08-09T16:21:14.161082
U003265,Matthew Jacobs,pamelasmith@example.net,2025-04-30,user_export_2026.csv,2026-08-09T16:21:14.161333
U003266,Dr. Scott Murphy,hannah26@example.org,2024-03-04,user_export_2026.csv,2026-08-09T16:21:14.161564
U003267,Jessica Graham,harrissusan@example.org,2020-05-18,user_export_2026.csv,2026-08-09T16:21:14.161819
U003268,Mitchell Long,traci32@example.org,2024-01-09,user_export_2026.csv,2026-08-09T16:21:14.162041
U003269,Jessica Garrett,invalid-email,2024-09-22,user_export_2026.csv,2026-08-09T16:21:14.162167
U003270,Susan Vasquez,nowens@example.org,2021-02-14,user_export_2026.csv,2026-08-09T16:21:14.162375
U003271,Nicholas Graves,friedmanrichard@example.com,2021-10-28,user_export_2026.csv,2026-08-09T16:21:14.162622
U003272,Alyssa Lang,clarkmichael@example.org,2020-03-30,user_export_2026.csv,2026-08-09T16:21:14.162871
U003273,Andrew Mendez,claireflynn@example.org,2026-06-17,user_export_2026.csv,2026-08-09T16:21:14.163227
U003274,Angela Holloway,tmoody@example.net,2025-04-23,user_export_2026.csv,2026-08-09T16:21:14.163482
U003275,Steven Nelson,wkennedy@example.com,2024-03-08,user_export_2026.csv,2026-08-09T16:21:14.163688
U003276,Jessica Fisher,ashley06@example.org,2024-07-01,user_export_2026.csv,2026-08-09T16:21:14.163874
U003277,Andrew Mann,lindabates@example.com,2022-08-17,user_export_2026.csv,2026-08-09T16:21:14.164216
U003278,Rebecca Acevedo,sonya14@example.net,2025-09-07,user_export_2026.csv,2026-08-09T16:21:14.164404
U003279,,danschaefer@example.net,26-04-2020,user_export_2026.csv,2026-08-09T16:21:14.164653
U003280,Laura Washington,megan91@example.com,2025-11-16,user_export_2026.csv,2026-08-09T16:21:14.164842
U003281,Michelle Simmons,lisa04@example.net,2021-07-25,user_export_2026.csv,2026-08-09T16:21:14.165072
U003282,Mary Thomas,bhampton@example.com,2020-08-08,user_export_2026.csv,2026-08-09T16:21:14.165284
U003283,Carlos Walker,patricia12@example.org,2021-08-02,user_export_2026.csv,2026-08-09T16:21:14.165467
U003284,Joshua Padilla,guerrerorenee@example.com,2021-11-08,user_export_2026.csv,2026-08-09T16:21:14.165784
U003285,Kristina Morgan,allen12@example.net,2022-03-31,user_export_2026.csv,2026-08-09T16:21:14.166010
U003286,Patrick Huerta,derricklee@example.net,2020-11-25,user_export_2026.csv,2026-08-09T16:21:14.166271
U003287,Michele Torres,oevans@example.org,2024-11-23,user_export_2026.csv,2026-08-09T16:21:14.166472
U003288,  Mike Francis  ,gbrown@example.net,2024-03-12,user_export_2026.csv,2026-08-09T16:21:14.166670
U003289,Susan Anderson,ifox@example.net,2024-06-02,user_export_2026.csv,2026-08-09T16:21:14.166870
U003290,Mr. Joshua Abbott,hughesbrandon@example.net,2024-03-21,user_export_2026.csv,2026-08-09T16:21:14.167175
U003291,Nicholas Wolfe,barbara56@example.com,2021-01-27,user_export_2026.csv,2026-08-09T16:21:14.167361
U003292,William Greene,peter58@example.com,2021-06-30,user_export_2026.csv,2026-08-09T16:21:14.167542
U003293,Loretta Bradley,rlee@example.net,2023-03-05,user_export_2026.csv,2026-08-09T16:21:14.167742
U003294,Aaron Oliver,zmoore@example.org,2024-10-05,user_export_2026.csv,2026-08-09T16:21:14.167939
U003295,Joshua Berry,robertcruz@example.org,2023-11-21,user_export_2026.csv,2026-08-09T16:21:14.168230
U003296,Jason Kelly,jessica86@example.com,2026-07-30,user_export_2026.csv,2026-08-09T16:21:14.168414
U003297,,wmorris@example.com,23/01/2024,user_export_2026.csv,2026-08-09T16:21:14.168614
U003298,  Heather Esparza  ,jonathanjordan@example.org,31-07-2022,user_export_2026.csv,2026-08-09T16:21:14.168862
U003299,    ,istokes@example.com,01/06/2022,user_export_2026.csv,2026-08-09T16:21:14.169108
U003300,Heather Perry,jonathan12@example.org,2025-05-22,user_export_2026.csv,2026-08-09T16:21:14.169304
U003301,  Shannon Green  ,afitzpatrick@example.org,2025-10-20,user_export_2026.csv,2026-08-09T16:21:14.169554
U003302,    ,bbarr@example.org,20-02-2020,user_export_2026.csv,2026-08-09T16:21:14.169767
U003303,Cynthia Flores,ucamacho@example.org,2025-02-05,user_export_2026.csv,2026-08-09T16:21:14.170006
U003304,  Tyler Russell  ,maciaskenneth@example.com,11/08/2020,user_export_2026.csv,2026-08-09T16:21:14.170268
U003305,Daniel Day,thompsonlaura@example.com,2025-01-18,user_export_2026.csv,2026-08-09T16:21:14.170513
U003306,Kimberly Fitzgerald,anthonyfranklin@example.com,2023-10-04,user_export_2026.csv,2026-08-09T16:21:14.170760
U003307,Christy Contreras,silvaryan@example.org,2021-04-02,user_export_2026.csv,2026-08-09T16:21:14.171051
U003308,Karen Washington,rtaylor@example.com,2025-12-17,user_export_2026.csv,2026-08-09T16:21:14.171260
U003309,Kristi Rodriguez MD,alisha45@example.org,2020-11-23,user_export_2026.csv,2026-08-09T16:21:14.171450
U003310,Hector Carrillo,gevans@example.org,2022-11-22,user_export_2026.csv,2026-08-09T16:21:14.171648
U003311,Kathleen Fowler,ashleyrhodes@example.com,2025-02-06,user_export_2026.csv,2026-08-09T16:21:14.171894
U003312,Lori Dunn,dianereynolds@example.org,2020-06-12,user_export_2026.csv,2026-08-09T16:21:14.172223
U003313,Danielle Thomas,solistara@example.com,2024-02-12,user_export_2026.csv,2026-08-09T16:21:14.172491
U003314,Lindsay Farmer,abigail90@example.com,2023-04-28,user_export_2026.csv,2026-08-09T16:21:14.172676
U003315,Erik Williams,elliottscott@example.com,2020-03-12,user_export_2026.csv,2026-08-09T16:21:14.173084
U003316,Joseph Stevens,stephanie14@example.org,2020-05-25,user_export_2026.csv,2026-08-09T16:21:14.173359
U003317,Jessica Adams,jamesmason@example.net,2020-05-29,user_export_2026.csv,2026-08-09T16:21:14.173675
U003318,Larry Buchanan,zhorton@example.com,2021-12-18,user_export_2026.csv,2026-08-09T16:21:14.173883
U002976,,garysnow@example.org,30/01/2023,user_export_2026.csv,2026-08-09T16:21:14.174194
U003320,Heather Dunn,gabriel67@example.com,2025-11-14,user_export_2026.csv,2026-08-09T16:21:14.174384
U003321,Christine Sweeney,invalid-email,2023-08-30,user_export_2026.csv,2026-08-09T16:21:14.174504
U003322,Michael Cruz,meganlewis@example.net,2021-02-18,user_export_2026.csv,2026-08-09T16:21:14.174751
U003323,Angelica Davis,harrisonvincent@example.com,2020-11-18,user_export_2026.csv,2026-08-09T16:21:14.175043
U003324,Stacey Morrow,anna69@example.net,2023-05-21,user_export_2026.csv,2026-08-09T16:21:14.175236
U003325,Allison Fisher,invalid-email,2022-11-18,user_export_2026.csv,2026-08-09T16:21:14.175356
U003326,Casey Hardy,desireewilson@example.net,2020-11-20,user_export_2026.csv,2026-08-09T16:21:14.175601
U003327,Lauren Hooper,jeremyshelton@example.net,2021-04-21,user_export_2026.csv,2026-08-09T16:21:14.175845
U003328,Michael Hogan,rstewart@example.net,2023-05-26,user_export_2026.csv,2026-08-09T16:21:14.176104
U003329,Marcia Brown,lisa79@example.com,2022-09-25,user_export_2026.csv,2026-08-09T16:21:14.176297
U003330,Andrea Moody,invalid-email,2026-06-06,user_export_2026.csv,2026-08-09T16:21:14.176416
U003331,Erik Harris,zhangnatalie@example.net,2024-11-24,user_export_2026.csv,2026-08-09T16:21:14.176682
U003332,Melissa Cameron,stevenjones@example.net,2022-01-30,user_export_2026.csv,2026-08-09T16:21:14.176930
U003333,Johnny Brown,mike96@example.org,2024-06-20,user_export_2026.csv,2026-08-09T16:21:14.177167
U003334,Joshua Wagner,hjenkins@example.org,2023-01-21,user_export_2026.csv,2026-08-09T16:21:14.177369
U003335,  Tina Jennings  ,pmiller@example.net,30/01/2023,user_export_2026.csv,2026-08-09T16:21:14.177632
U003336,Brian Wilson,chenmatthew@example.org,2021-02-01,user_export_2026.csv,2026-08-09T16:21:14.177884
U003337,Renee Garcia,invalid-email,2023-08-22,user_export_2026.csv,2026-08-09T16:21:14.178046
U003338,Maria Fernandez,yboone@example.org,2025-03-01,user_export_2026.csv,2026-08-09T16:21:14.178260
U003339,Brandi Stokes,zsmith@example.com,2023-09-08,user_export_2026.csv,2026-08-09T16:21:14.178460
U003340,Sarah Carlson,williamsbrenda@example.org,2026-04-03,user_export_2026.csv,2026-08-09T16:21:14.178705
U003341,  Mr. Justin Hughes  ,jeffreywhitehead@example.net,03/07/2025,user_export_2026.csv,2026-08-09T16:21:14.178981
U003342,Sarah Stanley,pmorse@example.net,2022-11-13,user_export_2026.csv,2026-08-09T16:21:14.179208
U003343,Jason Murphy,yatkins@example.net,2026-05-29,user_export_2026.csv,2026-08-09T16:21:14.179406
U003344,Whitney Lee,hannah07@example.com,2026-04-18,user_export_2026.csv,2026-08-09T16:21:14.179588
U003345,Brian Jackson,craigmurphy@example.net,2025-12-09,user_export_2026.csv,2026-08-09T16:21:14.179833
U003346,Ryan Flores,howarddawn@example.net,2023-07-15,user_export_2026.csv,2026-08-09T16:21:14.180121
U003347,Larry Wiley,zacharypage@example.com,2021-09-30,user_export_2026.csv,2026-08-09T16:21:14.180370
U003348,Eric Holden,danieljones@example.org,2023-12-11,user_export_2026.csv,2026-08-09T16:21:14.180613
U003349,John Williams,goodwinsharon@example.net,2020-04-05,user_export_2026.csv,2026-08-09T16:21:14.181041
U003350,Sarah Gonzalez,owilson@example.com,2025-07-03,user_export_2026.csv,2026-08-09T16:21:14.181430
U003351,Paula Guzman,aguilarsamuel@example.com,2026-01-10,user_export_2026.csv,2026-08-09T16:21:14.181928
U003352,Kimberly Russo,jessebeltran@example.net,2021-05-20,user_export_2026.csv,2026-08-09T16:21:14.182253
U003353,Jeffery Carter,kcherry@example.com,01-01-2022,user_export_2026.csv,2026-08-09T16:21:14.182461
U003354,Philip Hall,bswanson@example.com,2026-03-03,user_export_2026.csv,2026-08-09T16:21:14.182666
U003355,Andrea Robinson,christiecastillo@example.com,2024-09-08,user_export_2026.csv,2026-08-09T16:21:14.183084
U003356,Christine Wilson,tdiaz@example.org,2024-01-27,user_export_2026.csv,2026-08-09T16:21:14.183302
U003357,Michele Thomas,ghall@example.com,2023-07-25,user_export_2026.csv,2026-08-09T16:21:14.183504
U003358,Patricia Clark,taylormaria@example.com,2022-07-11,user_export_2026.csv,2026-08-09T16:21:14.183751
U003359,Tammy Stanley,wendyperez@example.org,2025-03-15,user_export_2026.csv,2026-08-09T16:21:14.184042
U003360,James Haney,casey54@example.net,2021-10-04,user_export_2026.csv,2026-08-09T16:21:14.184235
U003361,Jeffrey Price,tlozano@example.com,2023-03-27,user_export_2026.csv,2026-08-09T16:21:14.184436
U003362,Sarah Fletcher,hthompson@example.com,02/06/2021,user_export_2026.csv,2026-08-09T16:21:14.184638
U003363,Laura Gardner,dorseytony@example.net,2022-02-12,user_export_2026.csv,2026-08-09T16:21:14.184892
U003364,Tanya Wilson,ramosmatthew@example.org,2021-07-21,user_export_2026.csv,2026-08-09T16:21:14.185187
U003365,Angela Beck,ecunningham@example.net,2020-11-25,user_export_2026.csv,2026-08-09T16:21:14.185393
U003366,Donna Murillo,kristinevans@example.com,2020-04-03,user_export_2026.csv,2026-08-09T16:21:14.185717
U003367,Jasmine Preston,lisa37@example.com,2026-05-20,user_export_2026.csv,2026-08-09T16:21:14.185906
U003368,Noah Anderson,amandaroberts@example.net,2024-02-25,user_export_2026.csv,2026-08-09T16:21:14.186209
U003369,Tricia Townsend MD,rogerfarrell@example.com,25-09-2025,user_export_2026.csv,2026-08-09T16:21:14.186467
U003370,Nicole Andrews,lmann@example.org,2022-09-07,user_export_2026.csv,2026-08-09T16:21:14.186669
U003371,Chelsea Bennett,vmartinez@example.com,2022-03-29,user_export_2026.csv,2026-08-09T16:21:14.186869
U003372,Jennifer Cisneros MD,julie34@example.org,2020-05-06,user_export_2026.csv,2026-08-09T16:21:14.187110
U003373,Tammy Taylor,dennishale@example.org,2022-09-30,user_export_2026.csv,2026-08-09T16:21:14.187364
U003374,Kevin Williams,jessicastanton@example.net,2022-09-17,user_export_2026.csv,2026-08-09T16:21:14.187611
U003375,Jason Howard,davismichelle@example.net,2025-08-10,user_export_2026.csv,2026-08-09T16:21:14.187854
U003376,Chase Torres,smartinez@example.org,2023-09-18,user_export_2026.csv,2026-08-09T16:21:14.188101
U003377,Christine Frank,bryan46@example.com,2022-09-29,user_export_2026.csv,2026-08-09T16:21:14.188288
U003378,Eric Oneill,hli@example.net,2020-01-29,user_export_2026.csv,2026-08-09T16:21:14.188536
U003379,John Anderson,carlrichards@example.com,2024-07-22,user_export_2026.csv,2026-08-09T16:21:14.188816
U003380,Maria English,michael22@example.com,2024-04-27,user_export_2026.csv,2026-08-09T16:21:14.189053
U003381,,evansbrady@example.org,2021/05/10,user_export_2026.csv,2026-08-09T16:21:14.189312
U003382,Tracy Calhoun,invalid-email,2025-05-23,user_export_2026.csv,2026-08-09T16:21:14.189431
U003383,April White,matthew34@example.com,2024-06-19,user_export_2026.csv,2026-08-09T16:21:14.189670
U003384,Dawn Dunn,itaylor@example.net,2020-06-12,user_export_2026.csv,2026-08-09T16:21:14.189876
U003385,Aaron Harrison,suejones@example.com,2025-09-26,user_export_2026.csv,2026-08-09T16:21:14.190173
U003386,Nicholas Dominguez,gloria49@example.org,2021-05-23,user_export_2026.csv,2026-08-09T16:21:14.190357
U003387,  Brandon Green  ,dfox@example.net,02-04-2021,user_export_2026.csv,2026-08-09T16:21:14.190577
U003388,Cindy Anderson,robertsbrandy@example.com,2022-09-22,user_export_2026.csv,2026-08-09T16:21:14.190912
U003389,Jon Graham,palmerbrett@example.net,2021-02-01,user_export_2026.csv,2026-08-09T16:21:14.191215
U003390,Kathryn Brown,fhanna@example.com,2025-02-19,user_export_2026.csv,2026-08-09T16:21:14.191421
U003391,Bradley Davis,wrightryan@example.net,2022-09-29,user_export_2026.csv,2026-08-09T16:21:14.191666
U003392,Mark Landry,tuckeramy@example.net,2024-12-26,user_export_2026.csv,2026-08-09T16:21:14.191910
U003393,Andrew Powers,rodney25@example.com,2022-11-22,user_export_2026.csv,2026-08-09T16:21:14.192150
U003394,Jennifer Kelley,thomasronald@example.net,2021-07-27,user_export_2026.csv,2026-08-09T16:21:14.192401
U003395,Dana Stokes,watsonjose@example.net,2022-06-24,user_export_2026.csv,2026-08-09T16:21:14.192647
U003396,Alexandria Johnson,jameslopez@example.net,2023-04-07,user_export_2026.csv,2026-08-09T16:21:14.192892
U003397,George Holland,renee05@example.org,2026-05-14,user_export_2026.csv,2026-08-09T16:21:14.193122
U003398,Patrick Davis,anthonyortiz@example.org,2024-12-06,user_export_2026.csv,2026-08-09T16:21:14.193370
U003399,Bernard Flores,andrewbird@example.com,2021-06-10,user_export_2026.csv,2026-08-09T16:21:14.193667
U003400,David Allison,davidfarrell@example.com,2024-04-22,user_export_2026.csv,2026-08-09T16:21:14.193915
U003401,William Hall,jackthompson@example.com,2022-05-16,user_export_2026.csv,2026-08-09T16:21:14.194211
U003402,Matthew Davis,jeffersondaniel@example.org,2020-02-19,user_export_2026.csv,2026-08-09T16:21:14.194459
U003403,Eric Walker,leedarlene@example.com,2025-10-17,user_export_2026.csv,2026-08-09T16:21:14.194704
U003404,James Dudley,ericquinn@example.com,2021-11-28,user_export_2026.csv,2026-08-09T16:21:14.194947
U003405,Scott Shelton,david42@example.net,2026-08-01,user_export_2026.csv,2026-08-09T16:21:14.195173
U003406,Raymond Evans,apatterson@example.org,2024-03-13,user_export_2026.csv,2026-08-09T16:21:14.195375
U003407,Jose Jordan,gordon09@example.com,2021-11-23,user_export_2026.csv,2026-08-09T16:21:14.195555
U003408,Paul Fields,pweber@example.com,2025-06-05,user_export_2026.csv,2026-08-09T16:21:14.195753
U003409,Krista Weber,invalid-email,2020-09-22,user_export_2026.csv,2026-08-09T16:21:14.195872
U003410,John Hall,fdavenport@example.com,2022-07-07,user_export_2026.csv,2026-08-09T16:21:14.196117
U003411,Yolanda Holden,vwatson@example.net,2021-05-04,user_export_2026.csv,2026-08-09T16:21:14.196321
U003412,Debra Gallagher,xhorne@example.org,2025-02-24,user_export_2026.csv,2026-08-09T16:21:14.196521
U003413,Kayla Harvey,gbutler@example.com,2020-02-19,user_export_2026.csv,2026-08-09T16:21:14.196720
U003414,Willie Robinson,ssweeney@example.com,2025-11-16,user_export_2026.csv,2026-08-09T16:21:14.196917
U003415,Shawn Waters,sandra66@example.net,2024-01-29,user_export_2026.csv,2026-08-09T16:21:14.197144
U003416,David Clark,omartinez@example.net,2021-02-08,user_export_2026.csv,2026-08-09T16:21:14.197346
U003417,Gina Wright,james67@example.net,2023-01-16,user_export_2026.csv,2026-08-09T16:21:14.197574
U003418,Brian Wells,danielleboyer@example.net,2026-01-11,user_export_2026.csv,2026-08-09T16:21:14.197826
U003419,Tiffany Mcgee,mariolewis@example.net,2020-08-17,user_export_2026.csv,2026-08-09T16:21:14.198118
U003420,Joshua Porter,ksanchez@example.org,2022-09-29,user_export_2026.csv,2026-08-09T16:21:14.198322
U003421,Brian Cross,kennethruiz@example.net,2022-09-30,user_export_2026.csv,2026-08-09T16:21:14.198565
U003422,Lee Preston,perrymichael@example.org,2021-12-27,user_export_2026.csv,2026-08-09T16:21:14.198808
U003423,Kathryn Garcia,heatherdavis@example.org,2022-02-17,user_export_2026.csv,2026-08-09T16:21:14.199098
U003424,Robert Wells,sbrown@example.org,2022-04-30,user_export_2026.csv,2026-08-09T16:21:14.199302
U003425,Patricia Hahn,amanda67@example.net,2026-07-08,user_export_2026.csv,2026-08-09T16:21:14.199485
U003426,Alicia Kemp,kdennis@example.org,2020-07-28,user_export_2026.csv,2026-08-09T16:21:14.199686
U003427,William Werner,lbowers@example.com,2022-03-15,user_export_2026.csv,2026-08-09T16:21:14.199882
U003428,Jessica White,mary92@example.com,2025-05-03,user_export_2026.csv,2026-08-09T16:21:14.200176
U003429,Elizabeth Christensen,sallylee@example.org,2022-05-30,user_export_2026.csv,2026-08-09T16:21:14.200459
U003430,Paul Richards,alexander69@example.com,2020-02-09,user_export_2026.csv,2026-08-09T16:21:14.200651
U003431,Mary Holder,whiterobert@example.com,2021-04-01,user_export_2026.csv,2026-08-09T16:21:14.200899
U003432,Latoya Davis,rhayes@example.org,2022-03-08,user_export_2026.csv,2026-08-09T16:21:14.201158
U003433,Stephen Walker,jeffrey10@example.org,2025-02-11,user_export_2026.csv,2026-08-09T16:21:14.201570
U003434,Ashley Bell,wilsonkimberly@example.org,2024-07-25,user_export_2026.csv,2026-08-09T16:21:14.201839
U003435,Denise Richards,leejesse@example.com,2021-12-24,user_export_2026.csv,2026-08-09T16:21:14.202142
U003436,Thomas Barnes,ndouglas@example.net,2023-03-08,user_export_2026.csv,2026-08-09T16:21:14.202350
U003437,Robert Campbell,christopher01@example.com,2025-12-19,user_export_2026.csv,2026-08-09T16:21:14.202532
U003438,Daniel Jones III,garciaalex@example.com,2026-04-17,user_export_2026.csv,2026-08-09T16:21:14.202784
U003439,Michelle Alvarado,ingrambrandon@example.com,2021-04-01,user_export_2026.csv,2026-08-09T16:21:14.203091
U003440,Tammy English,hernandezanna@example.com,2025-06-20,user_export_2026.csv,2026-08-09T16:21:14.203346
U003441,Tammy Powell,adkinscharles@example.net,2022-01-02,user_export_2026.csv,2026-08-09T16:21:14.203593
U003442,Danielle Thomas,jonathanwoodard@example.com,2024-12-20,user_export_2026.csv,2026-08-09T16:21:14.203838
U003443,Dean Moore,clarkjames@example.com,2022-01-18,user_export_2026.csv,2026-08-09T16:21:14.204155
U003444,John Joyce,tuckersheila@example.net,2022-08-07,user_export_2026.csv,2026-08-09T16:21:14.204406
U003445,Thomas Reyes,nguyentimothy@example.net,2023-08-03,user_export_2026.csv,2026-08-09T16:21:14.204650
U003446,Rachel Wilson,kirstendavis@example.net,2023-05-14,user_export_2026.csv,2026-08-09T16:21:14.204900
U003447,Ryan Smith,kevinmarshall@example.org,2021-09-25,user_export_2026.csv,2026-08-09T16:21:14.205192
U003448,Timothy Peters,robertsdavid@example.net,2024-06-10,user_export_2026.csv,2026-08-09T16:21:14.205438
U003449,Mark Stewart,epeck@example.net,2021-10-05,user_export_2026.csv,2026-08-09T16:21:14.205688
U003450,Jeffrey Sweeney,travis46@example.org,2025-04-24,user_export_2026.csv,2026-08-09T16:21:14.205872
U003451,Cynthia Kramer,johnsondana@example.com,2023-01-08,user_export_2026.csv,2026-08-09T16:21:14.206168
U003452,Ashley Odom,pattonyolanda@example.org,2023-05-28,user_export_2026.csv,2026-08-09T16:21:14.206417
U003453,Christian Bailey,jonesjohn@example.com,2023-12-20,user_export_2026.csv,2026-08-09T16:21:14.206661
U003454,Anthony Carlson,lchurch@example.com,2023-06-15,user_export_2026.csv,2026-08-09T16:21:14.206859
U003455,Joshua Olsen,gary52@example.net,2024-09-04,user_export_2026.csv,2026-08-09T16:21:14.207088
U003456,,justin17@example.net,07/27/2021,user_export_2026.csv,2026-08-09T16:21:14.207282
U003457,    ,ronald94@example.net,22/04/2023,user_export_2026.csv,2026-08-09T16:21:14.207468
U003458,Tiffany Walker,johnsondaniel@example.net,2026-04-04,user_export_2026.csv,2026-08-09T16:21:14.207713
U003459,Gina Hayes,xclark@example.net,2022-05-30,user_export_2026.csv,2026-08-09T16:21:14.207912
U003460,Charles Mooney,flittle@example.com,2023-01-27,user_export_2026.csv,2026-08-09T16:21:14.208159
U003461,Jared Hodges,richard04@example.com,2025-04-08,user_export_2026.csv,2026-08-09T16:21:14.208344
U003462,Karen Alvarado,carteryolanda@example.com,2025-06-17,user_export_2026.csv,2026-08-09T16:21:14.208591
U003463,Daniel Hatfield,ahicks@example.org,2026-07-28,user_export_2026.csv,2026-08-09T16:21:14.208791
U003464,Richard Hunt,mcdowelladam@example.net,2023-11-04,user_export_2026.csv,2026-08-09T16:21:14.209081
U003465,Mrs. Kimberly Brown,vanessa17@example.org,2023-03-10,user_export_2026.csv,2026-08-09T16:21:14.209276
U003071,,walterrodriguez@example.com,21-08-2024,user_export_2026.csv,2026-08-09T16:21:14.209571
U003467,Mary Taylor,andreawhite@example.net,2026-04-20,user_export_2026.csv,2026-08-09T16:21:14.209826
U003468,Adam Ramirez,michelle83@example.com,2022/12/03,user_export_2026.csv,2026-08-09T16:21:14.210055
U003469,Ms. Elizabeth Smith MD,invalid-email,2020-10-05,user_export_2026.csv,2026-08-09T16:21:14.210193
U003470,Kristen Chavez,perezpamela@example.org,2023-07-09,user_export_2026.csv,2026-08-09T16:21:14.210440
U003471,Taylor Reed,mckenziesonya@example.com,2024-12-31,user_export_2026.csv,2026-08-09T16:21:14.210687
U003472,Walter Acevedo,fredday@example.net,2023-08-08,user_export_2026.csv,2026-08-09T16:21:14.210930
U003473,Roger Moody,oroberts@example.net,2023-09-26,user_export_2026.csv,2026-08-09T16:21:14.211178
U003474,Heather Burns,georgesteven@example.org,2022-11-26,user_export_2026.csv,2026-08-09T16:21:14.211429
U003475,Timothy Smith,johnsonkevin@example.net,2020-04-04,user_export_2026.csv,2026-08-09T16:21:14.211672
U003476,Sean Harding,kevinaustin@example.org,2024-10-16,user_export_2026.csv,2026-08-09T16:21:14.211916
U003477,Kayla Escobar,keith86@example.com,2020-07-15,user_export_2026.csv,2026-08-09T16:21:14.212150
U003478,Stephen Anderson,thompsondarlene@example.net,2025-09-29,user_export_2026.csv,2026-08-09T16:21:14.212398
U003479,Lisa Johnson,katelynjimenez@example.net,2020-05-11,user_export_2026.csv,2026-08-09T16:21:14.212643
U003480,Tracy Nunez,stevenrichards@example.org,2023-09-01,user_export_2026.csv,2026-08-09T16:21:14.212888
U003481,Anne Holloway,pking@example.net,2026-06-12,user_export_2026.csv,2026-08-09T16:21:14.213135
U003482,Kenneth Flores,angela57@example.com,2020-11-05,user_export_2026.csv,2026-08-09T16:21:14.213320
U003483,Elizabeth Tate,jacob06@example.net,2021-04-05,user_export_2026.csv,2026-08-09T16:21:14.213547
U003484,Lacey Williams,michael28@example.net,2020-12-25,user_export_2026.csv,2026-08-09T16:21:14.213740
U003485,Jessica Bennett,pricerobert@example.org,2022-02-20,user_export_2026.csv,2026-08-09T16:21:14.214033
U003486,Peter Watson,millerlucas@example.com,2024-10-31,user_export_2026.csv,2026-08-09T16:21:14.214286
U003487,Timothy Barnes,evansrachel@example.org,2021-09-15,user_export_2026.csv,2026-08-09T16:21:14.214529
U003488,Daniel Smith,james69@example.net,2026-06-14,user_export_2026.csv,2026-08-09T16:21:14.214714
U003489,Louis Sanders,kevin72@example.com,2024-11-06,user_export_2026.csv,2026-08-09T16:21:14.214893
U003490,Robin Schmidt,johntaylor@example.com,2023-04-18,user_export_2026.csv,2026-08-09T16:21:14.215190
U003491,    ,hillshawn@example.org,15-10-2024,user_export_2026.csv,2026-08-09T16:21:14.215439
U003492,Nathan Peterson,uburke@example.net,2023-08-30,user_export_2026.csv,2026-08-09T16:21:14.215638
U003493,Jimmy Singleton,cruzmary@example.net,2022-03-31,user_export_2026.csv,2026-08-09T16:21:14.215879
U003494,Alexis Ramirez,shannon33@example.org,2023-12-23,user_export_2026.csv,2026-08-09T16:21:14.216132
U003495,Lisa Morgan,michael31@example.com,2026-06-20,user_export_2026.csv,2026-08-09T16:21:14.216322
U003496,Tammy Taylor,rperez@example.org,2022-04-24,user_export_2026.csv,2026-08-09T16:21:14.216523
U003497,Brenda Graham,rebeccavaughn@example.net,2025-12-24,user_export_2026.csv,2026-08-09T16:21:14.216768
U003498,Christopher Washington,carolinecalderon@example.org,2021-06-05,user_export_2026.csv,2026-08-09T16:21:14.217062
U003499,Jason Weaver,rebeccahoward@example.org,2023-09-03,user_export_2026.csv,2026-08-09T16:21:14.217318
U003500,Stephanie Reyes,thomasmooney@example.org,2022-05-05,user_export_2026.csv,2026-08-09T16:21:14.217614
U003501,William Weiss,maddoxdavid@example.org,2023-01-15,user_export_2026.csv,2026-08-09T16:21:14.217866
U003502,Kathryn Turner,adrian20@example.com,2023-12-26,user_export_2026.csv,2026-08-09T16:21:14.218097
U003503,  Kevin Rodriguez  ,dawnlewis@example.net,2024-03-16,user_export_2026.csv,2026-08-09T16:21:14.218348
U003504,Larry Miller,smithdebbie@example.org,2024-04-07,user_export_2026.csv,2026-08-09T16:21:14.218591
U003505,,vthomas@example.com,2021-05-25,user_export_2026.csv,2026-08-09T16:21:14.218793
U003506,Megan Graves,palmermiguel@example.net,2025-10-16,user_export_2026.csv,2026-08-09T16:21:14.219082
U003507,Nicholas Riley,jeremymitchell@example.com,2021-05-07,user_export_2026.csv,2026-08-09T16:21:14.219334
U003508,Vanessa Taylor,christophercruz@example.net,2024-01-07,user_export_2026.csv,2026-08-09T16:21:14.219579
U003509,Thomas Ferguson,mitchellnicholas@example.com,2022-02-21,user_export_2026.csv,2026-08-09T16:21:14.219822
U003510,Sara Wallace,mendezsierra@example.com,2025-09-07,user_export_2026.csv,2026-08-09T16:21:14.220111
U003511,Lucas Gaines,santiagoterri@example.com,2021-04-03,user_export_2026.csv,2026-08-09T16:21:14.220407
U003512,Michelle Morgan,invalid-email,2024-04-05,user_export_2026.csv,2026-08-09T16:21:14.220527
U003513,Matthew Wong,bjones@example.net,2021-02-13,user_export_2026.csv,2026-08-09T16:21:14.220726
U003514,Brandon Graves,thomas06@example.net,2020-09-24,user_export_2026.csv,2026-08-09T16:21:14.220906
U003515,Nathan Brown,johnleonard@example.com,2023-05-16,user_export_2026.csv,2026-08-09T16:21:14.221209
U003516,Joshua Ho,hughesmargaret@example.net,2024-05-15,user_export_2026.csv,2026-08-09T16:21:14.221458
U003517,George Taylor,invalid-email,2023-01-30,user_export_2026.csv,2026-08-09T16:21:14.221625
U003518,John Ryan,charlestaylor@example.net,2020-07-04,user_export_2026.csv,2026-08-09T16:21:14.221877
U003519,Diane Hunt,fwalker@example.org,2026-05-01,user_export_2026.csv,2026-08-09T16:21:14.222126
U003520,,andrewjohnson@example.net,2020-06-08,user_export_2026.csv,2026-08-09T16:21:14.222375
U003521,Ronald Mejia,ashleymedina@example.net,2023-04-15,user_export_2026.csv,2026-08-09T16:21:14.222645
U003522,David Terry,douglaskim@example.net,2021-10-07,user_export_2026.csv,2026-08-09T16:21:14.222892
U003523,Kathryn James,davidmendoza@example.net,2025-10-25,user_export_2026.csv,2026-08-09T16:21:14.223204
U003524,Ashley Hopkins,lauriecrawford@example.com,2022-01-13,user_export_2026.csv,2026-08-09T16:21:14.223454
U003525,Sonya Peterson,samanthataylor@example.org,2021-10-27,user_export_2026.csv,2026-08-09T16:21:14.223699
U003526,  Donald Harrell  ,klara@example.net,2022/12/22,user_export_2026.csv,2026-08-09T16:21:14.223910
U003527,Edward Jordan,monicawood@example.org,2025-04-11,user_export_2026.csv,2026-08-09T16:21:14.224209
U003528,Wyatt Stewart MD,invalid-email,2024/03/24,user_export_2026.csv,2026-08-09T16:21:14.224336
U003529,Susan Burns,emily56@example.net,2023-11-29,user_export_2026.csv,2026-08-09T16:21:14.224519
U003530,Jason Rice,brianna22@example.com,2020-09-28,user_export_2026.csv,2026-08-09T16:21:14.224703
U003531,  Laura Erickson  ,smithrichard@example.org,01/07/2026,user_export_2026.csv,2026-08-09T16:21:14.224978
U003532,Tyler Lane,imurphy@example.com,2023-06-29,user_export_2026.csv,2026-08-09T16:21:14.225206
U003533,Brenda Chambers,wcannon@example.com,2022-11-18,user_export_2026.csv,2026-08-09T16:21:14.225409
U003534,Michelle White,jodipark@example.net,2024-02-06,user_export_2026.csv,2026-08-09T16:21:14.225712
U003535,Richard Scott,michelle12@example.net,2021-01-29,user_export_2026.csv,2026-08-09T16:21:14.225896
U003536,Jeffrey Patton,rachel22@example.org,2026-05-28,user_export_2026.csv,2026-08-09T16:21:14.226125
U003537,Johnny Pierce,mitchellmichael@example.com,2021-06-15,user_export_2026.csv,2026-08-09T16:21:14.226374
U003538,Julie Wiley,darren84@example.net,2020-12-02,user_export_2026.csv,2026-08-09T16:21:14.226557
U003539,Judy Harris,claytonchavez@example.net,2023-03-02,user_export_2026.csv,2026-08-09T16:21:14.226802
U003540,Terri Meza,jamesbrewer@example.org,2022-07-15,user_export_2026.csv,2026-08-09T16:21:14.227098
U003541,Tammy Hale,levi67@example.com,2023-05-18,user_export_2026.csv,2026-08-09T16:21:14.227285
U003542,Jill Foster,qmccoy@example.org,2025-10-30,user_export_2026.csv,2026-08-09T16:21:14.227487
U003543,Rachel Morton,hgonzalez@example.org,2022-12-28,user_export_2026.csv,2026-08-09T16:21:14.227686
U003544,Sophia Petersen MD,vancejennifer@example.net,2024-09-24,user_export_2026.csv,2026-08-09T16:21:14.227947
U003545,Thomas Martinez,kerri83@example.org,2020-05-20,user_export_2026.csv,2026-08-09T16:21:14.228179
U003546,Christy Sweeney DDS,yjohnson@example.net,2020-07-15,user_export_2026.csv,2026-08-09T16:21:14.228389
U003547,William Fernandez,vjimenez@example.net,2020-02-28,user_export_2026.csv,2026-08-09T16:21:14.228588
U003548,Daniel Smith,invalid-email,2022-09-01,user_export_2026.csv,2026-08-09T16:21:14.228704
U003549,Michael Obrien,pamela92@example.org,2026-06-01,user_export_2026.csv,2026-08-09T16:21:14.228883
U003550,Jacqueline Barnes,wilsonjacob@example.com,2022-02-08,user_export_2026.csv,2026-08-09T16:21:14.229181
U003551,Pamela Davis,neilsummers@example.org,2026-06-22,user_export_2026.csv,2026-08-09T16:21:14.229432
U003552,Steven Carter,alvarezkristin@example.net,2025-01-30,user_export_2026.csv,2026-08-09T16:21:14.229732
U003553,Stephanie May,robinsonalexandria@example.net,2021-04-27,user_export_2026.csv,2026-08-09T16:21:14.230024
U003554,Nicole Moss,jonathan10@example.com,2025-10-08,user_export_2026.csv,2026-08-09T16:21:14.230217
U003555,David Bailey,venglish@example.org,2022-02-02,user_export_2026.csv,2026-08-09T16:21:14.230418
U003556,Sandra Lee,hilldebbie@example.com,2025-06-19,user_export_2026.csv,2026-08-09T16:21:14.230663
U003557,Francisco Wagner,bobbyfowler@example.org,2021-01-30,user_export_2026.csv,2026-08-09T16:21:14.230915
U003558,Kelli Stewart,seth77@example.net,2025-10-27,user_export_2026.csv,2026-08-09T16:21:14.231151
U003559,Brandon Ho,mooresteven@example.net,2024-10-13,user_export_2026.csv,2026-08-09T16:21:14.231399
U003560,Steven Rose,timothygarcia@example.org,2021-06-01,user_export_2026.csv,2026-08-09T16:21:14.231643
U003561,Jose Price,krodriguez@example.net,26-04-2023,user_export_2026.csv,2026-08-09T16:21:14.231843
U003562,Ronald Gonzales,elizabethmoore@example.org,2020-12-05,user_export_2026.csv,2026-08-09T16:21:14.232133
U003563,Andrew Flores,cooktiffany@example.org,2022-01-17,user_export_2026.csv,2026-08-09T16:21:14.232384
U003564,David Schneider,chapmanrobert@example.com,2025-09-23,user_export_2026.csv,2026-08-09T16:21:14.232627
U003565,Kimberly Wright,vanessalane@example.net,2022-06-27,user_export_2026.csv,2026-08-09T16:21:14.232872
U003566,Katrina Campbell,jross@example.org,2023-12-20,user_export_2026.csv,2026-08-09T16:21:14.233121
U003567,Ricardo Olson,jonesmark@example.com,2026-04-24,user_export_2026.csv,2026-08-09T16:21:14.233368
U003568,Jessica Washington,adamgolden@example.org,2025-12-23,user_export_2026.csv,2026-08-09T16:21:14.233671
U003569,Richard Peterson,rachelmurray@example.com,2025-12-14,user_export_2026.csv,2026-08-09T16:21:14.233919
U003570,Jessica Castro,jonathanjones@example.com,2021-11-09,user_export_2026.csv,2026-08-09T16:21:14.234213
U003571,Michelle Martin,nancywood@example.com,2022-07-15,user_export_2026.csv,2026-08-09T16:21:14.234463
U003572,Walter Smith,ameyers@example.net,2021-09-14,user_export_2026.csv,2026-08-09T16:21:14.234663
U003573,Tammy Martinez,fowlerkathy@example.org,2024-10-02,user_export_2026.csv,2026-08-09T16:21:14.234912
U003574,Michelle Jackson,eleon@example.com,2024-06-29,user_export_2026.csv,2026-08-09T16:21:14.235162
U003575,Tiffany Wilson,donald27@example.net,2024-09-21,user_export_2026.csv,2026-08-09T16:21:14.235349
U003576,Jean Smith,smithrebecca@example.org,2021-07-11,user_export_2026.csv,2026-08-09T16:21:14.235597
U003577,Ronald Moran,donald44@example.com,2020-11-02,user_export_2026.csv,2026-08-09T16:21:14.235775
U003578,Michael Williams,sallison@example.net,2023-06-30,user_export_2026.csv,2026-08-09T16:21:14.236017
U003579,John Todd,rmichael@example.net,2020-09-30,user_export_2026.csv,2026-08-09T16:21:14.236225
U003580,,zbailey@example.com,09/20/2022,user_export_2026.csv,2026-08-09T16:21:14.236428
U003581,Jennifer Williams,pwarren@example.org,2022-03-03,user_export_2026.csv,2026-08-09T16:21:14.236628
U003582,Derek Smith,edwin42@example.net,2022-07-15,user_export_2026.csv,2026-08-09T16:21:14.236806
U003583,Micheal Gonzalez,sweber@example.org,2024-07-02,user_export_2026.csv,2026-08-09T16:21:14.237045
U003584,Brandon Jones,john90@example.com,2021-09-13,user_export_2026.csv,2026-08-09T16:21:14.237230
U003585,Michael Mendoza,robertfarmer@example.com,2023-02-02,user_export_2026.csv,2026-08-09T16:21:14.237473
U003586,Martin Wilson DVM,invalid-email,2021-04-25,user_export_2026.csv,2026-08-09T16:21:14.237643
U003587,Patrick Davis,sandersmaria@example.org,2025-04-13,user_export_2026.csv,2026-08-09T16:21:14.237917
U003588,Andre Johnson,kbailey@example.net,2021-05-26,user_export_2026.csv,2026-08-09T16:21:14.238195
U003589,Dennis Harrison,carla83@example.org,2021-09-21,user_export_2026.csv,2026-08-09T16:21:14.238429
U003590,  Jordan Reeves  ,travis19@example.org,2023-01-19,user_export_2026.csv,2026-08-09T16:21:14.238612
U003591,Kelly Kennedy,meyerspatrick@example.net,2025-03-25,user_export_2026.csv,2026-08-09T16:21:14.238857
U003592,Jennifer Schultz,erika32@example.org,2025-06-18,user_export_2026.csv,2026-08-09T16:21:14.239110
U003593,Anna Cooley,qschwartz@example.com,2021-02-26,user_export_2026.csv,2026-08-09T16:21:14.239322
U003594,Charles Stone,philip54@example.net,09/15/2022,user_export_2026.csv,2026-08-09T16:21:14.239504
U003595,Virginia Jimenez,kellywilliams@example.org,2021-03-06,user_export_2026.csv,2026-08-09T16:21:14.239750
U003596,Morgan Barrett,payneelizabeth@example.org,2023-02-03,user_export_2026.csv,2026-08-09T16:21:14.240145
U003597,Paul Tyler,christopher08@example.com,2023-09-08,user_export_2026.csv,2026-08-09T16:21:14.240529
U003598,Rodney Simpson,moralesdenise@example.net,2023-12-31,user_export_2026.csv,2026-08-09T16:21:14.240902
U003301,  Matthew Swanson  ,lukefisher@example.net,2022/06/25,user_export_2026.csv,2026-08-09T16:21:14.241211
U003600,Jane Marquez,lisadavis@example.org,2025-06-21,user_export_2026.csv,2026-08-09T16:21:14.241466
U003601,Andrew Williams,cameronramos@example.org,2024-03-19,user_export_2026.csv,2026-08-09T16:21:14.241769
U003602,Rhonda Collins,thompsondawn@example.org,2024-04-16,user_export_2026.csv,2026-08-09T16:21:14.242065
U003433,  Trevor Brown  ,colleenwilliams@example.net,2026-06-15,user_export_2026.csv,2026-08-09T16:21:14.242319
U003604,Thomas Mccarthy,fbutler@example.org,2024-09-23,user_export_2026.csv,2026-08-09T16:21:14.242519
U003605,Jennifer Ferguson,huntlisa@example.org,2020-06-12,user_export_2026.csv,2026-08-09T16:21:14.242767
U003606,Miss Jessica Jones,kimberly47@example.org,2025-03-02,user_export_2026.csv,2026-08-09T16:21:14.243001
U003607,Susan Robinson,johnsonmichael@example.net,2024-06-21,user_export_2026.csv,2026-08-09T16:21:14.243268
U003608,Megan Harmon,atkinsryan@example.org,2024-11-03,user_export_2026.csv,2026-08-09T16:21:14.243516
U003609,Lisa Roberts,invalid-email,2026-05-11,user_export_2026.csv,2026-08-09T16:21:14.243634
U003610,Justin Archer,donald69@example.org,2023-09-09,user_export_2026.csv,2026-08-09T16:21:14.243814
U003611,Jason Boyer,todddale@example.com,04/11/2022,user_export_2026.csv,2026-08-09T16:21:14.244105
U003612,Michael Garcia,imendoza@example.net,2022-10-15,user_export_2026.csv,2026-08-09T16:21:14.244310
U003613,Rita Robinson,ryanfox@example.net,2023-08-22,user_export_2026.csv,2026-08-09T16:21:14.244556
U003614,Allison Chandler,ykoch@example.net,2022-12-13,user_export_2026.csv,2026-08-09T16:21:14.244761
U003615,Tim Jackson,jackreynolds@example.com,2026-04-06,user_export_2026.csv,2026-08-09T16:21:14.245047
U003616,Melissa Smith,sethsanders@example.com,2023-08-11,user_export_2026.csv,2026-08-09T16:21:14.245303
U003617,Erika Lopez DVM,fordbeverly@example.org,2021-12-05,user_export_2026.csv,2026-08-09T16:21:14.245611
U003618,Krystal Rodriguez,matthew77@example.com,2023-09-29,user_export_2026.csv,2026-08-09T16:21:14.245805
U003619,Frank Morrison,bjames@example.net,2022-07-21,user_export_2026.csv,2026-08-09T16:21:14.246053
U003620,Susan Wood,stewartsandra@example.net,2021-01-05,user_export_2026.csv,2026-08-09T16:21:14.246309
U003621,Donna Mejia,mcclainkimberly@example.com,2025-07-29,user_export_2026.csv,2026-08-09T16:21:14.246556
U003622,Mr. Kenneth Ashley,brittanyrush@example.com,2022-04-08,user_export_2026.csv,2026-08-09T16:21:14.246806
U003623,Heather Davis,hmiller@example.com,2023-12-07,user_export_2026.csv,2026-08-09T16:21:14.247049
U003624,Amanda Marks,kim09@example.org,2024-01-20,user_export_2026.csv,2026-08-09T16:21:14.247240
U003625,Kristopher Little,fhoffman@example.com,2023-08-15,user_export_2026.csv,2026-08-09T16:21:14.247440
U003626,Wendy Sims,schroederbrittany@example.org,14/04/2026,user_export_2026.csv,2026-08-09T16:21:14.247689
U003627,Nicholas Hernandez,brownwilliam@example.net,2020-11-07,user_export_2026.csv,2026-08-09T16:21:14.247933
U003628,Donald Duncan,moralesdawn@example.com,2024-07-15,user_export_2026.csv,2026-08-09T16:21:14.248228
U003629,Christopher Perez,rickyclark@example.org,2023-10-25,user_export_2026.csv,2026-08-09T16:21:14.248476
U003630,Alexis Jackson,smithstephanie@example.net,2024-04-26,user_export_2026.csv,2026-08-09T16:21:14.248722
U003631,Todd Burnett,rebeccacurtis@example.com,2023/04/18,user_export_2026.csv,2026-08-09T16:21:14.249008
U003632,Michael Andrews,invalid-email,22-02-2026,user_export_2026.csv,2026-08-09T16:21:14.249137
U003633,John Sparks,virginia57@example.net,2022-06-15,user_export_2026.csv,2026-08-09T16:21:14.249321
U003634,Martin Hill,mshah@example.com,2022-06-03,user_export_2026.csv,2026-08-09T16:21:14.249567
U003635,Megan Odonnell,brandon68@example.com,2020-03-26,user_export_2026.csv,2026-08-09T16:21:14.249759
U003636,Heidi Torres,jeffery51@example.com,2024-12-02,user_export_2026.csv,2026-08-09T16:21:14.249979
U003637,Jeffrey Dunn,ggomez@example.org,2026-05-15,user_export_2026.csv,2026-08-09T16:21:14.250202
U003638,Shelia Hunter,anna35@example.net,2025-10-25,user_export_2026.csv,2026-08-09T16:21:14.250386
U003639,Jessica Moore,ncollier@example.com,2024-05-04,user_export_2026.csv,2026-08-09T16:21:14.250587
U003640,Sandra Holmes,ericvalencia@example.com,2024-01-30,user_export_2026.csv,2026-08-09T16:21:14.250831
U003641,Joseph Smith,john69@example.net,2024-02-25,user_export_2026.csv,2026-08-09T16:21:14.251076
U003642,Ronald King,monicadaniel@example.net,2022-08-19,user_export_2026.csv,2026-08-09T16:21:14.251325
U003643,Sharon Johnson,hineskrystal@example.com,2021-07-04,user_export_2026.csv,2026-08-09T16:21:14.251577
U003644,Heather Le,amandamorales@example.org,2022-10-08,user_export_2026.csv,2026-08-09T16:21:14.251823
U003645,Alejandra Ellis,gerald93@example.net,2021-01-30,user_export_2026.csv,2026-08-09T16:21:14.252048
U003646,John Perez,lmeadows@example.com,2025-09-09,user_export_2026.csv,2026-08-09T16:21:14.252256
U003647,Richard Reed,allensara@example.org,2021-03-05,user_export_2026.csv,2026-08-09T16:21:14.252498
U003648,George Haney,gomezerica@example.net,2023-11-27,user_export_2026.csv,2026-08-09T16:21:14.252742
U003649,Abigail Riddle,barrettsusan@example.org,2026-03-19,user_export_2026.csv,2026-08-09T16:21:14.253028
U003650,Greg Dyer,reginacarlson@example.net,2023-01-07,user_export_2026.csv,2026-08-09T16:21:14.253280
U003651,Melinda Holloway,woliver@example.com,2024-11-28,user_export_2026.csv,2026-08-09T16:21:14.253481
U003652,Robert Hardy,rodriguezjohn@example.com,2021-12-02,user_export_2026.csv,2026-08-09T16:21:14.253782
U003653,  Denise Melton  ,dhoward@example.com,06-05-2025,user_export_2026.csv,2026-08-09T16:21:14.254030
U003654,Jeffrey Lowe,lindacooper@example.net,2023-02-04,user_export_2026.csv,2026-08-09T16:21:14.254282
U003655,Jack Walker,angelarhodes@example.com,2020-04-22,user_export_2026.csv,2026-08-09T16:21:14.254525
U003656,Troy Green,zdavila@example.net,2021-06-30,user_export_2026.csv,2026-08-09T16:21:14.254814
U003657,Lori Richards,clayton74@example.com,2025-01-25,user_export_2026.csv,2026-08-09T16:21:14.255054
U003658,Emily Sutton,whale@example.com,2023-06-01,user_export_2026.csv,2026-08-09T16:21:14.255265
U003659,Cody Bruce,pbryant@example.com,2025-09-11,user_export_2026.csv,2026-08-09T16:21:14.255464
U003660,Brandon Bridges,contrerasmaria@example.com,2026-01-19,user_export_2026.csv,2026-08-09T16:21:14.255718
U003661,Michelle Farmer,kathleenscott@example.org,2020-01-28,user_export_2026.csv,2026-08-09T16:21:14.256007
U003662,Jeff Palmer,dixonkristen@example.com,2024-01-07,user_export_2026.csv,2026-08-09T16:21:14.256265
U003663,Adrian Howell,colemanjim@example.net,2020-10-17,user_export_2026.csv,2026-08-09T16:21:14.256508
U003664,Cynthia Tyler,sandraharper@example.org,2021-10-22,user_export_2026.csv,2026-08-09T16:21:14.256752
U003665,Johnny Brown,antonio59@example.net,2022-01-04,user_export_2026.csv,2026-08-09T16:21:14.256932
U003666,Tabitha Martinez,invalid-email,2025-07-20,user_export_2026.csv,2026-08-09T16:21:14.257155
U003667,Misty Alexander,mezastephanie@example.org,2021-01-20,user_export_2026.csv,2026-08-09T16:21:14.257412
U003668,Daryl Rowe,parkermax@example.org,2024-05-05,user_export_2026.csv,2026-08-09T16:21:14.257716
U003669,Marie Brown,cathy36@example.com,2025-04-27,user_export_2026.csv,2026-08-09T16:21:14.257903
U003670,Scott Thomas,kristenyoung@example.org,2021-01-27,user_export_2026.csv,2026-08-09T16:21:14.258199
U003671,John Wang,lgray@example.net,2024-10-28,user_export_2026.csv,2026-08-09T16:21:14.258401
U003672,Ashley Rivera,goodmancourtney@example.org,2022-01-25,user_export_2026.csv,2026-08-09T16:21:14.258648
U003673,Kelly Mann,john95@example.org,2023-12-09,user_export_2026.csv,2026-08-09T16:21:14.258830
U003674,Angela Johnson,elizabethrichards@example.com,2023-10-23,user_export_2026.csv,2026-08-09T16:21:14.259127
U003675,Marvin Flores,lthomas@example.org,2022-11-21,user_export_2026.csv,2026-08-09T16:21:14.259340
U003676,  Taylor Jacobs  ,vberger@example.org,2024-03-08,user_export_2026.csv,2026-08-09T16:21:14.259542
U003677,Cindy Martin,wilkinsondonald@example.net,2020-01-20,user_export_2026.csv,2026-08-09T16:21:14.259788
U003678,Anthony Gordon,lorimoore@example.org,2026-05-15,user_export_2026.csv,2026-08-09T16:21:14.260079
U003679,Danielle Bradley,buchananscott@example.net,2021-12-07,user_export_2026.csv,2026-08-09T16:21:14.260334
U003680,Richard Wilson,howardannette@example.net,2022-01-14,user_export_2026.csv,2026-08-09T16:21:14.260576
U003681,Aaron Schneider,melissa91@example.com,2021-02-01,user_export_2026.csv,2026-08-09T16:21:14.260756
U003682,Amy Hill,smithvanessa@example.org,2024-03-12,user_export_2026.csv,2026-08-09T16:21:14.261044
U003683,Matthew Newton,annpeters@example.org,2021-12-28,user_export_2026.csv,2026-08-09T16:21:14.261296
U003684,Natasha Collins,nicole29@example.com,2024-12-28,user_export_2026.csv,2026-08-09T16:21:14.261479
U002201,Jodi Sanders,deborahwilliams@example.org,07/05/2021,user_export_2026.csv,2026-08-09T16:21:14.261781
U003686,  Michelle Harris  ,dcohen@example.net,02/12/2021,user_export_2026.csv,2026-08-09T16:21:14.262026
U003687,Mario Herrera,johncoleman@example.net,2023-10-13,user_export_2026.csv,2026-08-09T16:21:14.262278
U003688,Bernard Sanchez,seanjones@example.com,2026-02-22,user_export_2026.csv,2026-08-09T16:21:14.262519
U003689,David Brooks,gardnererik@example.org,2021-04-21,user_export_2026.csv,2026-08-09T16:21:14.262758
U003690,Joseph Payne,laura20@example.net,2022-10-05,user_export_2026.csv,2026-08-09T16:21:14.262935
U003691,Melinda Jones,umills@example.net,2025-07-03,user_export_2026.csv,2026-08-09T16:21:14.263199
U003692,Jason Smith,wongjacqueline@example.org,2024-01-07,user_export_2026.csv,2026-08-09T16:21:14.263447
U003693,  Lindsay Owens  ,deborah67@example.org,2021/02/08,user_export_2026.csv,2026-08-09T16:21:14.263631
U003694,Alexander Anderson,holly10@example.com,2026-04-25,user_export_2026.csv,2026-08-09T16:21:14.263809
U003695,Joyce Hamilton,ann08@example.net,2024-06-02,user_export_2026.csv,2026-08-09T16:21:14.264035
U003696,Christopher Ellis,christopher19@example.org,2023-03-03,user_export_2026.csv,2026-08-09T16:21:14.264223
U003697,Rebecca Torres,sarah69@example.com,2022-03-22,user_export_2026.csv,2026-08-09T16:21:14.264404
U003698,James Morgan,greeneshawn@example.com,2024-07-13,user_export_2026.csv,2026-08-09T16:21:14.264645
U003699,Jeffrey Navarro,wattsemma@example.net,2020-04-07,user_export_2026.csv,2026-08-09T16:21:14.264892
U003700,Charles Coleman,richard26@example.com,2025-06-05,user_export_2026.csv,2026-08-09T16:21:14.265120
U003701,Jessica Robinson,watsontroy@example.com,2023-03-22,user_export_2026.csv,2026-08-09T16:21:14.265373
U003702,Joshua Christian,cburgess@example.org,2025-11-30,user_export_2026.csv,2026-08-09T16:21:14.265622
U003703,Claudia Rios,elizabeth14@example.com,2020-12-31,user_export_2026.csv,2026-08-09T16:21:14.265813
U003704,Stacey Thompson,nharris@example.org,2026-05-28,user_export_2026.csv,2026-08-09T16:21:14.266059
U003705,Michael Jones,gbutler@example.net,2020-07-15,user_export_2026.csv,2026-08-09T16:21:14.266264
U003706,Mark Garcia,invalid-email,2023-05-25,user_export_2026.csv,2026-08-09T16:21:14.266379
U003707,Jorge Rodriguez,vmooney@example.com,2026-01-11,user_export_2026.csv,2026-08-09T16:21:14.266574
U003708,Thomas Green,skinnerpaul@example.com,16-11-2025,user_export_2026.csv,2026-08-09T16:21:14.266818
U003709,Krystal Watkins,invalid-email,2022-05-28,user_export_2026.csv,2026-08-09T16:21:14.266936
U003710,  Tammy Robinson  ,aaronramirez@example.org,25-10-2020,user_export_2026.csv,2026-08-09T16:21:14.267230
U003711,Mr. Martin Morales,hannahmiller@example.com,2020-07-04,user_export_2026.csv,2026-08-09T16:21:14.267484
U003712,Catherine Crane,stanleygary@example.org,2021-04-21,user_export_2026.csv,2026-08-09T16:21:14.267729
U003713,Kyle Ramirez,invalid-email,2022-09-11,user_export_2026.csv,2026-08-09T16:21:14.267845
U003714,Dennis Bennett,bethmiller@example.com,2023-09-16,user_export_2026.csv,2026-08-09T16:21:14.268134
U003715,Jose Campbell,stoneandrew@example.net,2022-07-24,user_export_2026.csv,2026-08-09T16:21:14.268389
U003716,Michael Barton,epearson@example.com,2020-07-02,user_export_2026.csv,2026-08-09T16:21:14.268591
U003717,Kelly Daniel,marissa74@example.net,2022-11-23,user_export_2026.csv,2026-08-09T16:21:14.268773
U003718,Lori Brown,sarahtaylor@example.com,2026-05-25,user_export_2026.csv,2026-08-09T16:21:14.269066
U003719,Douglas Nash,vanessa58@example.net,2023-06-22,user_export_2026.csv,2026-08-09T16:21:14.269256
U003720,Manuel Alvarado,reynoldstravis@example.net,2023-01-21,user_export_2026.csv,2026-08-09T16:21:14.269543
U003721,Sarah Grimes,invalid-email,2024-08-21,user_export_2026.csv,2026-08-09T16:21:14.269673
U003722,Scott Davis,ggonzalez@example.org,2022-02-15,user_export_2026.csv,2026-08-09T16:21:14.269872
U003723,Veronica Richardson,shane26@example.org,2020-02-12,user_export_2026.csv,2026-08-09T16:21:14.270103
U003724,Eric Jenkins,gsloan@example.org,2025-01-13,user_export_2026.csv,2026-08-09T16:21:14.270306
U003725,Ryan Lewis,myerstiffany@example.org,2020-10-15,user_export_2026.csv,2026-08-09T16:21:14.270549
U003726,Ashley Clark,porterronald@example.com,2025-06-24,user_export_2026.csv,2026-08-09T16:21:14.270795
U003727,,priceleah@example.net,19/06/2024,user_export_2026.csv,2026-08-09T16:21:14.271083
U003728,Thomas Lang,chaseaustin@example.net,2021-03-20,user_export_2026.csv,2026-08-09T16:21:14.271332
U003729,Kenneth Webster,collinscarolyn@example.org,2022-04-07,user_export_2026.csv,2026-08-09T16:21:14.271575
U003730,Michael Guzman,nathan58@example.org,2025-08-01,user_export_2026.csv,2026-08-09T16:21:14.271755
U003731,Jason Ponce,erinstark@example.net,2020-05-26,user_export_2026.csv,2026-08-09T16:21:14.272041
U003732,Becky Olson,yvette39@example.net,2022-07-25,user_export_2026.csv,2026-08-09T16:21:14.272231
U003733,    ,daniel41@example.net,03-10-2020,user_export_2026.csv,2026-08-09T16:21:14.272411
U003734,Cathy Grant,sotomegan@example.com,2024-12-15,user_export_2026.csv,2026-08-09T16:21:14.272656
U003735,Sharon Villanueva,invalid-email,2025-08-24,user_export_2026.csv,2026-08-09T16:21:14.272774
U003736,Ashley Warner,jasminesullivan@example.org,2022-05-11,user_export_2026.csv,2026-08-09T16:21:14.273062
U003737,Joshua Hall,invalid-email,2020-02-28,user_export_2026.csv,2026-08-09T16:21:14.273185
U003738,Heather Davis,jenniferpeters@example.com,2022-10-24,user_export_2026.csv,2026-08-09T16:21:14.273431
U003739,Erik Robinson,morrisonalan@example.com,2022-04-01,user_export_2026.csv,2026-08-09T16:21:14.273727
U003740,Kelly Doyle,curtisroy@example.net,2024-04-05,user_export_2026.csv,2026-08-09T16:21:14.274017
U003741,Stephen Riley,rtaylor@example.net,2020-09-17,user_export_2026.csv,2026-08-09T16:21:14.274225
U003742,William Carr,jacquelinemurray@example.net,2023-10-07,user_export_2026.csv,2026-08-09T16:21:14.274470
U003743,Chelsea Curtis,barneswilliam@example.org,2024-12-09,user_export_2026.csv,2026-08-09T16:21:14.274719
U003744,Cindy Howell,sarahchavez@example.com,2021/08/10,user_export_2026.csv,2026-08-09T16:21:14.275061
U003745,  Barbara Sandoval  ,theresa24@example.org,26/11/2021,user_export_2026.csv,2026-08-09T16:21:14.275257
U003746,Maria Moss,clifford98@example.net,2022-08-15,user_export_2026.csv,2026-08-09T16:21:14.275441
U000239,Robert Jenkins,jackyoung@example.com,05-05-2021,user_export_2026.csv,2026-08-09T16:21:14.275688
U003748,,bankskyle@example.com,2025/05/05,user_export_2026.csv,2026-08-09T16:21:14.275932
U003749,Philip Tran,eric02@example.net,2025-01-15,user_export_2026.csv,2026-08-09T16:21:14.276163
U003750,Robert Molina,wolfekyle@example.com,2025-07-02,user_export_2026.csv,2026-08-09T16:21:14.276410
U003751,Steven Davis,vsandoval@example.com,2025-02-06,user_export_2026.csv,2026-08-09T16:21:14.276610
U003752,Aimee Lang MD,troy39@example.net,2025-02-03,user_export_2026.csv,2026-08-09T16:21:14.276799
U003753,Ana Lee,floresmariah@example.org,2021-08-14,user_export_2026.csv,2026-08-09T16:21:14.277101
U003754,Frederick Davis,romeromakayla@example.com,2024-05-10,user_export_2026.csv,2026-08-09T16:21:14.277360
U003755,Mary Underwood,johnsonjames@example.com,2024-02-16,user_export_2026.csv,2026-08-09T16:21:14.277659
U003756,Derek Curry,austinfrye@example.org,2023-05-13,user_export_2026.csv,2026-08-09T16:21:14.277917
U003757,Dr. Jeffrey Beck,xgreene@example.org,2026-01-26,user_export_2026.csv,2026-08-09T16:21:14.278176
U003758,Cynthia Medina,carrollchristopher@example.org,2021-05-27,user_export_2026.csv,2026-08-09T16:21:14.278426
U003759,Kimberly Webster,houstonlaura@example.com,2024-07-20,user_export_2026.csv,2026-08-09T16:21:14.278699
U003760,Matthew Trevino,aaron62@example.net,2025-01-26,user_export_2026.csv,2026-08-09T16:21:14.278885
U003761,Debra Lee,emily89@example.org,2024-01-29,user_export_2026.csv,2026-08-09T16:21:14.279117
U003762,Dawn Kennedy,crosbyjoan@example.com,2021-06-29,user_export_2026.csv,2026-08-09T16:21:14.279365
U003763,Logan Dennis,xparsons@example.com,2022-06-07,user_export_2026.csv,2026-08-09T16:21:14.279564
U003764,David Hoffman,iacevedo@example.net,2024-01-28,user_export_2026.csv,2026-08-09T16:21:14.279762
U003765,Alex Adams,lori09@example.com,2024-07-30,user_export_2026.csv,2026-08-09T16:21:14.279940
U003766,Peter Hansen,chelsea70@example.org,2024-05-28,user_export_2026.csv,2026-08-09T16:21:14.280168
U003767,Renee Jacobs,ncampbell@example.com,2025-01-26,user_export_2026.csv,2026-08-09T16:21:14.280373
U003768,Sara Ruiz,bradley71@example.net,2024-08-15,user_export_2026.csv,2026-08-09T16:21:14.280554
U003769,  Abigail Gill  ,joshua88@example.com,2024/04/23,user_export_2026.csv,2026-08-09T16:21:14.280735
U003770,Donald Mitchell,invalid-email,2022-04-25,user_export_2026.csv,2026-08-09T16:21:14.280851
U003771,Maria Estrada,ljordan@example.net,2023-01-24,user_export_2026.csv,2026-08-09T16:21:14.281112
U003772,Deanna Smith,ellismelissa@example.net,2021-09-30,user_export_2026.csv,2026-08-09T16:21:14.281363
U003773,Scott Wyatt,millerjose@example.com,2022-03-21,user_export_2026.csv,2026-08-09T16:21:14.281791
U003774,Angela Richmond,laurengreen@example.net,2022-10-03,user_export_2026.csv,2026-08-09T16:21:14.282110
U003775,Joan Rogers,acalderon@example.com,2025-06-16,user_export_2026.csv,2026-08-09T16:21:14.282320
U003776,April Morgan,racevedo@example.org,2025-12-13,user_export_2026.csv,2026-08-09T16:21:14.282523
U003777,Matthew Green,jamesbenson@example.com,2021-02-01,user_export_2026.csv,2026-08-09T16:21:14.282767
U003778,Margaret Graham,andrew45@example.org,2020-02-05,user_export_2026.csv,2026-08-09T16:21:14.282995
U003779,Rachael Ortiz,toddcollins@example.org,2023-09-19,user_export_2026.csv,2026-08-09T16:21:14.283264
U003780,Nicole Baker,laurahamilton@example.com,2024-01-01,user_export_2026.csv,2026-08-09T16:21:14.283511
U003781,Kimberly Jackson,laurie14@example.org,2022-05-22,user_export_2026.csv,2026-08-09T16:21:14.283692
U003782,Erin Baird,ambersavage@example.com,2023-07-16,user_export_2026.csv,2026-08-09T16:21:14.283937
U003783,Christopher Bennett,willie16@example.org,2025-04-29,user_export_2026.csv,2026-08-09T16:21:14.284171
U003784,Donna Sanchez,dvillarreal@example.net,2023-05-27,user_export_2026.csv,2026-08-09T16:21:14.284378
U003785,Frank Bell,cortezchristopher@example.org,2024-08-27,user_export_2026.csv,2026-08-09T16:21:14.284623
U003786,Brenda Dunn,fburke@example.net,2026-03-12,user_export_2026.csv,2026-08-09T16:21:14.284830
U003787,April Carter,dylan77@example.com,2023-02-25,user_export_2026.csv,2026-08-09T16:21:14.285056
U003788,Olivia Williams,paulperry@example.org,2021-04-09,user_export_2026.csv,2026-08-09T16:21:14.285308
U003789,Nicole Lewis,erin39@example.com,2024-12-27,user_export_2026.csv,2026-08-09T16:21:14.285558
U003605,Richard Gray,jessemedina@example.net,2021-11-29,user_export_2026.csv,2026-08-09T16:21:14.285832
U003791,Christina Wood,tdavis@example.net,2024-12-11,user_export_2026.csv,2026-08-09T16:21:14.286087
U003792,Joan Robinson,blackwellkevin@example.com,2020-03-22,user_export_2026.csv,2026-08-09T16:21:14.286339
U003793,Stephen Thompson,yzamora@example.org,2026-05-10,user_export_2026.csv,2026-08-09T16:21:14.286540
U003794,Jill Edwards,hicksrachel@example.net,2020-12-14,user_export_2026.csv,2026-08-09T16:21:14.286785
U003795,Lisa Cervantes,kristen59@example.com,2021-07-06,user_export_2026.csv,2026-08-09T16:21:14.287008
U003796,Marie Everett,devon53@example.com,2021-09-04,user_export_2026.csv,2026-08-09T16:21:14.287202
U003797,Rachel Humphrey,riverskristen@example.com,06/08/2023,user_export_2026.csv,2026-08-09T16:21:14.287449
U003798,Jason Alvarez,bakeredward@example.com,2025-07-19,user_export_2026.csv,2026-08-09T16:21:14.287692
U003799,Henry Parker,tbell@example.org,01-11-2022,user_export_2026.csv,2026-08-09T16:21:14.287889
U003800,Paul Miranda,brianchapman@example.org,2020-04-06,user_export_2026.csv,2026-08-09T16:21:14.288182
U003801,Amber Rosales,hogannathan@example.com,2020-08-01,user_export_2026.csv,2026-08-09T16:21:14.288430
U003802,Brittany Garner,matthew85@example.net,2022-12-13,user_export_2026.csv,2026-08-09T16:21:14.288612
U003803,Holly Peterson,robinhancock@example.org,2020-06-14,user_export_2026.csv,2026-08-09T16:21:14.288858
U003804,Jessica Johnson,hensleybenjamin@example.com,2025-02-19,user_export_2026.csv,2026-08-09T16:21:14.289153
U003805,Zachary Doyle,brownjohn@example.com,2020-05-08,user_export_2026.csv,2026-08-09T16:21:14.289401
U003806,Nicole Ward,mmiller@example.net,2020-02-13,user_export_2026.csv,2026-08-09T16:21:14.289655
U003807,Kathryn Vargas,invalid-email,2024-04-08,user_export_2026.csv,2026-08-09T16:21:14.289777
U003808,Ernest Miller,vegalucas@example.org,2024-05-09,user_export_2026.csv,2026-08-09T16:21:14.290068
U003809,  Jo Hickman  ,tsimmons@example.net,09/30/2025,user_export_2026.csv,2026-08-09T16:21:14.290279
U003810,Jerry Mclean,qdixon@example.org,2022-12-07,user_export_2026.csv,2026-08-09T16:21:14.290478
U003811,Joel Silva,ylambert@example.com,2022-12-28,user_export_2026.csv,2026-08-09T16:21:14.290675
U003812,Bridget Mendez,jennifer56@example.com,2023/07/29,user_export_2026.csv,2026-08-09T16:21:14.290857
U003121,    ,hillfrank@example.org,2024-03-09,user_export_2026.csv,2026-08-09T16:21:14.291207
U003814,April White,tylerodonnell@example.org,2020-11-04,user_export_2026.csv,2026-08-09T16:21:14.291463
U003305,Ryan Becker,jthompson@example.org,15-10-2020,user_export_2026.csv,2026-08-09T16:21:14.291668
U003816,Henry Robinson,patelnicholas@example.com,2023-09-17,user_export_2026.csv,2026-08-09T16:21:14.291912
U003817,Mr. David Arnold,kingjessica@example.net,2021-05-14,user_export_2026.csv,2026-08-09T16:21:14.292218
U003760,  Dean Evans  ,maria03@example.com,2021-01-10,user_export_2026.csv,2026-08-09T16:21:14.292405
U003819,Diane Smith,sabrinaperez@example.net,2020-07-23,user_export_2026.csv,2026-08-09T16:21:14.292653
U003820,Mr. Hunter Miller,fgutierrez@example.com,2025-12-08,user_export_2026.csv,2026-08-09T16:21:14.292860
U003821,Damon Montes,charles30@example.org,2025-07-21,user_export_2026.csv,2026-08-09T16:21:14.293088
U003822,James Adams,ibarton@example.org,2023-03-25,user_export_2026.csv,2026-08-09T16:21:14.293341
U003823,Trevor Walls,dana17@example.net,2020-09-07,user_export_2026.csv,2026-08-09T16:21:14.293573
U003824,Hailey Dean,lambalexandra@example.net,2020-11-21,user_export_2026.csv,2026-08-09T16:21:14.293838
U003825,Rebecca Jones,teresaspencer@example.com,2021-08-12,user_export_2026.csv,2026-08-09T16:21:14.294142
U003826,Robert Franco,bennettmichael@example.net,2022-02-14,user_export_2026.csv,2026-08-09T16:21:14.294390
U003827,Joshua Dunlap,matthewslarry@example.net,2020-11-06,user_export_2026.csv,2026-08-09T16:21:14.294635
U003828,Steven Cannon,haneysusan@example.org,2022-07-21,user_export_2026.csv,2026-08-09T16:21:14.294882
U003829,Sharon Lopez,jadehendrix@example.org,2023-04-30,user_export_2026.csv,2026-08-09T16:21:14.295176
U003830,Christopher Norris,audrey30@example.net,2023-03-15,user_export_2026.csv,2026-08-09T16:21:14.295362
U003831,Ashley Brown,eric34@example.org,2023-11-13,user_export_2026.csv,2026-08-09T16:21:14.295542
U003832,Elizabeth Morales MD,cookdanielle@example.com,2022-10-27,user_export_2026.csv,2026-08-09T16:21:14.295793
U003833,Anthony Brown,benjaminbrown@example.com,2020-09-09,user_export_2026.csv,2026-08-09T16:21:14.296088
U003834,Jerry Patel,englishchristina@example.net,2024-10-27,user_export_2026.csv,2026-08-09T16:21:14.296341
U003835,Louis Turner,luis66@example.org,2020-12-27,user_export_2026.csv,2026-08-09T16:21:14.296522
U003836,Elizabeth Travis,david82@example.net,2024-01-20,user_export_2026.csv,2026-08-09T16:21:14.296705
U003837,Brenda Mcmillan,matthew06@example.com,2020-09-26,user_export_2026.csv,2026-08-09T16:21:14.296887
U003838,Taylor Lowery,johnsonteresa@example.net,2023-07-30,user_export_2026.csv,2026-08-09T16:21:14.297183
U003839,Vickie James,smithpaula@example.net,2025-05-21,user_export_2026.csv,2026-08-09T16:21:14.297432
U003840,Mallory Moore,dennis16@example.net,2025-06-26,user_export_2026.csv,2026-08-09T16:21:14.297668
U003841,Roger Buckley,gloriachen@example.com,2022-02-18,user_export_2026.csv,2026-08-09T16:21:14.297916
U003842,Mark Jackson,khouston@example.com,2023-12-16,user_export_2026.csv,2026-08-09T16:21:14.298167
U003843,Amanda Lee,tyler10@example.org,2023-08-21,user_export_2026.csv,2026-08-09T16:21:14.298353
U003844,David Bates,travis28@example.net,2024-07-09,user_export_2026.csv,2026-08-09T16:21:14.298531
U003845,Michael Moore,williamsdeanna@example.com,2025-01-26,user_export_2026.csv,2026-08-09T16:21:14.298882
U003846,Debra Morgan,qmoss@example.org,2024-04-28,user_export_2026.csv,2026-08-09T16:21:14.299145
U003847,Teresa Thomas,invalid-email,2021-07-25,user_export_2026.csv,2026-08-09T16:21:14.299269
U003848,Edward Lopez,riverawendy@example.net,2021-09-03,user_export_2026.csv,2026-08-09T16:21:14.299515
U003849,Timothy Mcintyre,invalid-email,2021-12-08,user_export_2026.csv,2026-08-09T16:21:14.299632
U003850,Jennifer Shaffer,robertsanthony@example.org,2022-06-07,user_export_2026.csv,2026-08-09T16:21:14.299877
U003851,    ,olivia47@example.com,03/29/2020,user_export_2026.csv,2026-08-09T16:21:14.300106
U003852,Lisa Peterson,scottchristopher@example.net,2026-02-28,user_export_2026.csv,2026-08-09T16:21:14.300358
U003853,Lauren Rivera,qmccarty@example.org,2025-08-06,user_export_2026.csv,2026-08-09T16:21:14.300585
U003854,Steven Murphy,ryan23@example.net,2021-10-16,user_export_2026.csv,2026-08-09T16:21:14.300921
U003855,Kiara Mcintosh,yluna@example.com,2023-12-18,user_export_2026.csv,2026-08-09T16:21:14.301185
U003856,William Davila,charlesprice@example.org,2023-08-17,user_export_2026.csv,2026-08-09T16:21:14.301434
U003857,Carl Pennington,dyervictoria@example.net,2021-08-02,user_export_2026.csv,2026-08-09T16:21:14.301735
U003858,Kristi Smith,timothy94@example.net,2022-06-05,user_export_2026.csv,2026-08-09T16:21:14.301922
U003859,Stephanie Miller,invalid-email,2023-06-15,user_export_2026.csv,2026-08-09T16:21:14.302090
U003860,Alexis Hicks,markwolf@example.net,2023-06-26,user_export_2026.csv,2026-08-09T16:21:14.302352
U003861,Zachary Matthews,jessica82@example.net,2021-05-14,user_export_2026.csv,2026-08-09T16:21:14.302534
U003862,Elizabeth Lawrence,greenlisa@example.net,2023-10-29,user_export_2026.csv,2026-08-09T16:21:14.302780
U003863,Isaiah Parker,annchapman@example.org,2021-06-08,user_export_2026.csv,2026-08-09T16:21:14.303085
U003864,Jennifer Lewis,wilkinsmark@example.org,2020-09-15,user_export_2026.csv,2026-08-09T16:21:14.303341
U003865,,michelle86@example.net,14/08/2022,user_export_2026.csv,2026-08-09T16:21:14.303524
U003866,Patricia Davenport,norman29@example.org,2023-02-23,user_export_2026.csv,2026-08-09T16:21:14.303707
U003867,Matthew Bates,moniquemoore@example.org,2023-09-18,user_export_2026.csv,2026-08-09T16:21:14.303987
U003868,Stephanie Wolf,roseeric@example.com,2023-08-11,user_export_2026.csv,2026-08-09T16:21:14.304253
U003869,Jeffrey Hicks,ronald46@example.com,2022-07-26,user_export_2026.csv,2026-08-09T16:21:14.304434
U003870,Margaret Shaw,zramirez@example.net,2022-10-17,user_export_2026.csv,2026-08-09T16:21:14.304636
U003871,William Gross,mariah75@example.org,2020-03-20,user_export_2026.csv,2026-08-09T16:21:14.304822
U003872,Hunter Gonzalez,wmorris@example.net,2024-04-22,user_export_2026.csv,2026-08-09T16:21:14.305064
U003873,Erin Fuller,thill@example.com,2020-11-29,user_export_2026.csv,2026-08-09T16:21:14.305271
U003874,Angie Jennings,tara62@example.com,2022-12-25,user_export_2026.csv,2026-08-09T16:21:14.305465
U003875,,tylerchristine@example.com,09/08/2021,user_export_2026.csv,2026-08-09T16:21:14.305770
U003876,  Danny Austin  ,kristin15@example.net,2025/05/30,user_export_2026.csv,2026-08-09T16:21:14.305992
U003877,Stephen Carr,bmoreno@example.org,2023-07-10,user_export_2026.csv,2026-08-09T16:21:14.306206
U003878,Aimee Lamb,michaelgordon@example.org,2022-02-09,user_export_2026.csv,2026-08-09T16:21:14.306452
U003879,Brian Mueller,millerjill@example.net,2021-05-08,user_export_2026.csv,2026-08-09T16:21:14.306694
U003880,Mark Thompson,duane84@example.net,2022-03-09,user_export_2026.csv,2026-08-09T16:21:14.306874
U003881,Cindy Barton,timothyortiz@example.org,2022-10-13,user_export_2026.csv,2026-08-09T16:21:14.307170
U003882,Kelly King,friedmanlinda@example.net,2020-02-14,user_export_2026.csv,2026-08-09T16:21:14.307421
U003883,Denise Leon,reneespencer@example.org,2023-04-27,user_export_2026.csv,2026-08-09T16:21:14.307667
U003884,  Felicia Robinson  ,nicholasibarra@example.com,19-03-2025,user_export_2026.csv,2026-08-09T16:21:14.307912
U003885,Paul Garcia,mark46@example.org,2024-12-24,user_export_2026.csv,2026-08-09T16:21:14.308142
U003886,Kevin Stafford,gilbertsamuel@example.com,2023-01-25,user_export_2026.csv,2026-08-09T16:21:14.308389
U003887,Samantha Powell,tylerwilliams@example.com,2025-01-30,user_export_2026.csv,2026-08-09T16:21:14.308634
U003888,Jennifer Horton,claire11@example.net,2023-08-15,user_export_2026.csv,2026-08-09T16:21:14.308814
U003889,Michelle Nicholson,riley28@example.com,2023-08-30,user_export_2026.csv,2026-08-09T16:21:14.309037
U003890,Carolyn Miller,tara38@example.org,2023-07-15,user_export_2026.csv,2026-08-09T16:21:14.309224
U003891,Megan Gibson,ana12@example.com,2020-04-14,user_export_2026.csv,2026-08-09T16:21:14.309404
U003892,David Dunlap,raymond84@example.com,2024-06-08,user_export_2026.csv,2026-08-09T16:21:14.309635
U003893,April Hoffman,guerramaria@example.org,2020-05-21,user_export_2026.csv,2026-08-09T16:21:14.309888
U003894,Stephanie Terry,lawsoncalvin@example.com,2026-05-17,user_export_2026.csv,2026-08-09T16:21:14.310185
U003895,Barry Armstrong,kerry49@example.org,2025-07-27,user_export_2026.csv,2026-08-09T16:21:14.310369
U003896,Michael Jordan,christine28@example.net,2021-10-31,user_export_2026.csv,2026-08-09T16:21:14.310550
U003897,Kelly Schneider,cnelson@example.com,2024-01-15,user_export_2026.csv,2026-08-09T16:21:14.310750
U003898,Richard Aguilar,olsonmichael@example.com,2024-08-17,user_export_2026.csv,2026-08-09T16:21:14.311040
U003899,Deborah Leon,danielletorres@example.com,2024-06-28,user_export_2026.csv,2026-08-09T16:21:14.311294
U003900,Mary Garcia,lowen@example.org,2024-06-09,user_export_2026.csv,2026-08-09T16:21:14.311665
U003901,Sandra Baker,tuckerstacey@example.net,2021-01-01,user_export_2026.csv,2026-08-09T16:21:14.312303
U003902,Sean Reed,brittney71@example.org,2021-04-17,user_export_2026.csv,2026-08-09T16:21:14.312701
U003903,Ashley Herring,steven34@example.net,2022-07-20,user_export_2026.csv,2026-08-09T16:21:14.313139
U003904,Cynthia Jones,heather72@example.org,2026-04-03,user_export_2026.csv,2026-08-09T16:21:14.313539
U003905,Jacob Hayden,richard13@example.com,21-06-2020,user_export_2026.csv,2026-08-09T16:21:14.313907
U003906,Vincent Walters,cody85@example.net,2021-07-17,user_export_2026.csv,2026-08-09T16:21:14.314277
U003907,Daniel Ortega,johnthomas@example.com,2024-06-09,user_export_2026.csv,2026-08-09T16:21:14.314707
U003908,  Hannah Smith  ,todd94@example.com,2024/08/26,user_export_2026.csv,2026-08-09T16:21:14.315080
U003909,Jonathan Valdez,invalid-email,2022-07-29,user_export_2026.csv,2026-08-09T16:21:14.315281
U003910,Christopher Hurst,invalid-email,2020-11-26,user_export_2026.csv,2026-08-09T16:21:14.315471
U003911,Susan Fuller,frankrobert@example.org,2021-11-03,user_export_2026.csv,2026-08-09T16:21:14.315935
U003912,Noah Cobb,scott40@example.com,2020-01-31,user_export_2026.csv,2026-08-09T16:21:14.316298
U003913,James Watkins,gschultz@example.com,2023-02-26,user_export_2026.csv,2026-08-09T16:21:14.316644
U003914,Katherine Lawrence,terrimartinez@example.com,2024-05-09,user_export_2026.csv,2026-08-09T16:21:14.317102
U003915,Laura Vang,victorcampbell@example.net,2022-11-15,user_export_2026.csv,2026-08-09T16:21:14.317484
U003916,Amanda Murray,charlotteprice@example.org,2022-12-02,user_export_2026.csv,2026-08-09T16:21:14.317990
U003917,Gregory Byrd,changsamuel@example.org,2025-01-23,user_export_2026.csv,2026-08-09T16:21:14.318265
U003918,  Julia Gibbs  ,autumn78@example.com,19-07-2024,user_export_2026.csv,2026-08-09T16:21:14.318470
U003919,Cassandra Rice,erin62@example.org,2022/03/30,user_export_2026.csv,2026-08-09T16:21:14.318656
U003920,Holly Cochran,elizabethtownsend@example.net,2022-05-27,user_export_2026.csv,2026-08-09T16:21:14.318905
U003921,James Wright,krystaltucker@example.org,2024-01-18,user_export_2026.csv,2026-08-09T16:21:14.319210
U003922,Michael Kelly,dwilliams@example.com,2022-07-30,user_export_2026.csv,2026-08-09T16:21:14.319414
U003923,Joseph Lewis,rasmussenjerry@example.com,2022-10-30,user_export_2026.csv,2026-08-09T16:21:14.319658
U003924,Nicole Salazar,invalid-email,2020-02-20,user_export_2026.csv,2026-08-09T16:21:14.319777
U003925,Colton Munoz,frederick49@example.org,2023-09-29,user_export_2026.csv,2026-08-09T16:21:14.319998
U003926,Samuel Livingston,timothy96@example.com,2024-05-10,user_export_2026.csv,2026-08-09T16:21:14.320192
U003927,Stacey Sampson,abigail03@example.net,2024-05-19,user_export_2026.csv,2026-08-09T16:21:14.320375
U003928,Valerie Contreras,sloanemily@example.org,2025-07-06,user_export_2026.csv,2026-08-09T16:21:14.320621
U003929,Patricia Kim,ann26@example.org,2022-10-14,user_export_2026.csv,2026-08-09T16:21:14.320802
U000001,Valerie Cooper,uyoung@example.com,15/02/2020,user_export_2026.csv,2026-08-09T16:21:14.321049
U003931,Theresa Zimmerman,thomaswilliam@example.net,2026-05-15,user_export_2026.csv,2026-08-09T16:21:14.321304
U003932,Todd Garcia,emilykrueger@example.org,2024-02-16,user_export_2026.csv,2026-08-09T16:21:14.321604
U003933,Mark Jackson,lindamiller@example.org,2024-09-29,user_export_2026.csv,2026-08-09T16:21:14.321858
U003934,Rachel Payne,meganpatrick@example.com,2023-02-20,user_export_2026.csv,2026-08-09T16:21:14.322168
U003935,Peter Flores,invalid-email,2020-05-23,user_export_2026.csv,2026-08-09T16:21:14.322288
U003936,Lori Nelson,isabel25@example.net,2022-12-12,user_export_2026.csv,2026-08-09T16:21:14.322470
U003937,Diana Middleton,meyerlaura@example.net,2022-04-18,user_export_2026.csv,2026-08-09T16:21:14.322753
U003938,Sarah Stein,christopher67@example.org,2020-05-04,user_export_2026.csv,2026-08-09T16:21:14.322967
U003939,Alicia Morgan,harrismargaret@example.net,2021-12-16,user_export_2026.csv,2026-08-09T16:21:14.323255
U000961,  Melissa Robinson  ,xpalmer@example.org,02/04/2026,user_export_2026.csv,2026-08-09T16:21:14.323464
U003941,Stephanie Atkins,greenemily@example.org,2021-09-19,user_export_2026.csv,2026-08-09T16:21:14.323710
U003942,Benjamin Stanley,jamesmorris@example.org,2024-03-25,user_export_2026.csv,2026-08-09T16:21:14.323993
U003943,Ashley Ramos,rhondasmith@example.org,2020/02/24,user_export_2026.csv,2026-08-09T16:21:14.324253
U003944,Sherry Foster,taylor70@example.net,2023-02-24,user_export_2026.csv,2026-08-09T16:21:14.324435
U003945,Wendy Stanley,igraham@example.org,2022-04-10,user_export_2026.csv,2026-08-09T16:21:14.324635
U003946,Jamie Yang,invalid-email,2023-01-18,user_export_2026.csv,2026-08-09T16:21:14.324762
U003947,John Pena,fieldsjacob@example.org,2025-01-08,user_export_2026.csv,2026-08-09T16:21:14.325057
U003948,Mr. Joshua Singleton MD,douglasdakota@example.com,2020-06-29,user_export_2026.csv,2026-08-09T16:21:14.325320
U003949,Courtney Perez,paulevans@example.com,2024-11-18,user_export_2026.csv,2026-08-09T16:21:14.325617
U003950,Dawn Jordan,daniel91@example.com,2022-08-06,user_export_2026.csv,2026-08-09T16:21:14.325808
U003951,Mitchell Cohen,chelseasmith@example.com,2023-03-19,user_export_2026.csv,2026-08-09T16:21:14.326102
U003952,Laura Sanford,obrewer@example.com,2025-02-11,user_export_2026.csv,2026-08-09T16:21:14.326309
U003953,Robert Bolton,hfleming@example.net,2024-03-08,user_export_2026.csv,2026-08-09T16:21:14.326507
U003954,Scott Hansen,lopezvictoria@example.org,2026-03-06,user_export_2026.csv,2026-08-09T16:21:14.326749
U003955,Julie Smith,gregory53@example.org,2023-11-21,user_export_2026.csv,2026-08-09T16:21:14.326931
U003956,Marcia Sanders,kimberlypeterson@example.org,2024-03-04,user_export_2026.csv,2026-08-09T16:21:14.327223
U003957,Aaron Thompson,wduncan@example.org,2023-04-12,user_export_2026.csv,2026-08-09T16:21:14.327422
U003958,Katrina Richardson,wyatt29@example.org,2025-07-18,user_export_2026.csv,2026-08-09T16:21:14.327603
U003959,Wyatt Gardner,james91@example.org,2024-11-03,user_export_2026.csv,2026-08-09T16:21:14.327782
U003960,,melissa74@example.com,03/26/2025,user_export_2026.csv,2026-08-09T16:21:14.328000
U003961,Jamie Robinson,david21@example.com,2020-06-24,user_export_2026.csv,2026-08-09T16:21:14.328193
U003962,Robert Davis,jaimeduncan@example.com,2021-08-17,user_export_2026.csv,2026-08-09T16:21:14.328438
U003963,Madison Mann,huynhmatthew@example.net,2021-10-15,user_export_2026.csv,2026-08-09T16:21:14.328683
U003964,Johnathan Vasquez,mlyons@example.org,2022-04-23,user_export_2026.csv,2026-08-09T16:21:14.328897
U003965,Jonathan Solomon,charles46@example.org,2024-09-12,user_export_2026.csv,2026-08-09T16:21:14.329132
U003966,Victor King,kathleenwelch@example.net,2026-02-06,user_export_2026.csv,2026-08-09T16:21:14.329430
U000016,,darius87@example.com,05-11-2021,user_export_2026.csv,2026-08-09T16:21:14.329752
U003968,Sean Graham,smithjoshua@example.com,2023-08-26,user_export_2026.csv,2026-08-09T16:21:14.330063
U003969,Troy Cameron,qrhodes@example.org,2026-02-24,user_export_2026.csv,2026-08-09T16:21:14.330273
U003970,Margaret Kennedy,bradleyperez@example.com,2024-05-27,user_export_2026.csv,2026-08-09T16:21:14.330521
U003971,Jennifer Poole,wcook@example.com,2024-07-29,user_export_2026.csv,2026-08-09T16:21:14.330722
U003972,Deborah Oneill,chankevin@example.com,2022-07-13,user_export_2026.csv,2026-08-09T16:21:14.331008
U003973,Shannon Willis,nswanson@example.org,2022-02-10,user_export_2026.csv,2026-08-09T16:21:14.331220
U003974,Wanda Hughes,megan27@example.org,2025-08-28,user_export_2026.csv,2026-08-09T16:21:14.331402
U003975,Richard Silva,lisa47@example.com,2020-10-22,user_export_2026.csv,2026-08-09T16:21:14.331582
U003976,Ashley Williams,cmyers@example.com,2024-07-21,user_export_2026.csv,2026-08-09T16:21:14.331783
U003977,Patrick Barnes,khernandez@example.com,2021-01-30,user_export_2026.csv,2026-08-09T16:21:14.332023
U003978,James Ray,william40@example.org,2020-03-07,user_export_2026.csv,2026-08-09T16:21:14.332267
U000760,  Lisa Scott  ,wrice@example.net,01/10/2020,user_export_2026.csv,2026-08-09T16:21:14.332475
U003980,  Ryan Gray  ,invalid-email,14/05/2023,user_export_2026.csv,2026-08-09T16:21:14.332593
U003981,Linda Weeks,hjones@example.org,2025-05-13,user_export_2026.csv,2026-08-09T16:21:14.332795
U003982,Rachael Alvarez,dware@example.com,2025-07-05,user_export_2026.csv,2026-08-09T16:21:14.333045
U003983,Julie Sherman,ashleyorozco@example.com,2023-12-10,user_export_2026.csv,2026-08-09T16:21:14.333299
U003984,  Daniel Mcdonald  ,natashamorton@example.com,2026-01-16,user_export_2026.csv,2026-08-09T16:21:14.333610
U003985,Richard Brown,wmalone@example.org,2025-07-01,user_export_2026.csv,2026-08-09T16:21:14.333817
U003986,Kyle Jackson,russelltammy@example.net,2025-06-19,user_export_2026.csv,2026-08-09T16:21:14.334110
U003987,Donna Martin,gabrielleparsons@example.org,2022-10-29,user_export_2026.csv,2026-08-09T16:21:14.334362
U003988,Cindy Lawrence,johnnygray@example.com,2021-01-20,user_export_2026.csv,2026-08-09T16:21:14.334608
U003989,Stacy Davenport,qknight@example.net,2022-09-15,user_export_2026.csv,2026-08-09T16:21:14.334813
U003990,Thomas Ross,destiny35@example.com,2023-08-15,user_export_2026.csv,2026-08-09T16:21:14.335036
U003991,Jenna Osborne,christopher85@example.org,2025-01-22,user_export_2026.csv,2026-08-09T16:21:14.335227
U003992,Dr. Andrew Reyes,jon85@example.com,2020-02-12,user_export_2026.csv,2026-08-09T16:21:14.335415
U003993,Penny Peterson,wilsonbeth@example.net,2020-04-25,user_export_2026.csv,2026-08-09T16:21:14.335760
U003994,Dawn Cox,rebecca80@example.com,2025-08-18,user_export_2026.csv,2026-08-09T16:21:14.336071
U003995,Jeremy Wolf,tara55@example.org,2026-05-03,user_export_2026.csv,2026-08-09T16:21:14.336261
U003996,Scott Bean,bstephens@example.net,2020-07-18,user_export_2026.csv,2026-08-09T16:21:14.336465
U003997,Darryl Lawrence,garywright@example.org,2025-10-17,user_export_2026.csv,2026-08-09T16:21:14.336710
U003998,Amanda Lam,ann63@example.net,2023-04-16,user_export_2026.csv,2026-08-09T16:21:14.336892
U003999,Mary Fernandez,invalid-email,2023-09-19,user_export_2026.csv,2026-08-09T16:21:14.337057
U004000,Joseph Webb,zharris@example.net,2020-11-10,user_export_2026.csv,2026-08-09T16:21:14.337266
U004001,Robert Shaffer,laura29@example.org,2020-01-24,user_export_2026.csv,2026-08-09T16:21:14.337447
U004002,Melvin Long,danny03@example.org,2021-12-24,user_export_2026.csv,2026-08-09T16:21:14.337682
U004003,Kimberly Hunter,invalid-email,2022-01-18,user_export_2026.csv,2026-08-09T16:21:14.337804
U004004,Alec Miller,whitetony@example.com,2026-07-18,user_export_2026.csv,2026-08-09T16:21:14.338096
U004005,Brittany Smith,jessicadouglas@example.org,2024-12-26,user_export_2026.csv,2026-08-09T16:21:14.338349
U004006,Stephen Ward,stacey16@example.com,2021-04-20,user_export_2026.csv,2026-08-09T16:21:14.338530
U003032,  Lisa Barrett  ,brownpamela@example.com,04/06/2020,user_export_2026.csv,2026-08-09T16:21:14.338779
U004008,Shannon Flores,chanmichael@example.com,2025-11-21,user_export_2026.csv,2026-08-09T16:21:14.339067
U004009,Laura King,marciahall@example.net,2026-02-04,user_export_2026.csv,2026-08-09T16:21:14.339318
U004010,    ,kelly83@example.org,2024-09-25,user_export_2026.csv,2026-08-09T16:21:14.339499
U004011,Walter Romero,pthomas@example.net,2024-01-04,user_export_2026.csv,2026-08-09T16:21:14.339697
U004012,Jennifer Mann,simmonslaura@example.com,2022-09-23,user_export_2026.csv,2026-08-09T16:21:14.340055
U004013,William Hernandez,richardjones@example.net,2021-05-10,user_export_2026.csv,2026-08-09T16:21:14.340548
U000765,Gloria Padilla,xsmith@example.org,14/02/2026,user_export_2026.csv,2026-08-09T16:21:14.341008
U004015,Krystal Crawford,bcaldwell@example.net,2022-01-29,user_export_2026.csv,2026-08-09T16:21:14.341345
U004016,Benjamin Anderson,allisoneric@example.net,2020-06-11,user_export_2026.csv,2026-08-09T16:21:14.341650
U004017,Beth Perez,taracole@example.org,2021-06-29,user_export_2026.csv,2026-08-09T16:21:14.341905
U004018,Laura Rosales,grichards@example.org,2024-03-03,user_export_2026.csv,2026-08-09T16:21:14.342161
U004019,    ,robin11@example.com,2026/07/26,user_export_2026.csv,2026-08-09T16:21:14.342351
U004020,Rebekah Brewer,campbellfrederick@example.org,2022-09-25,user_export_2026.csv,2026-08-09T16:21:14.342599
U004021,Julie Rivas,hturner@example.com,2022-02-11,user_export_2026.csv,2026-08-09T16:21:14.342800
U004022,Elizabeth Cochran,brandimoore@example.org,2022-05-27,user_export_2026.csv,2026-08-09T16:21:14.343109
U004023,Bobby Frost,heatherthompson@example.net,17-10-2020,user_export_2026.csv,2026-08-09T16:21:14.343366
U004024,Vanessa Conner,pluna@example.net,2020-10-05,user_export_2026.csv,2026-08-09T16:21:14.343569
U004025,Richard Castillo,kenneth43@example.net,2020-10-24,user_export_2026.csv,2026-08-09T16:21:14.343750
U004026,Shannon Dean,kstone@example.net,2024-08-20,user_export_2026.csv,2026-08-09T16:21:14.343988
U004027,Jamie Woods,rebecca43@example.net,2022-07-12,user_export_2026.csv,2026-08-09T16:21:14.344185
U004028,Maria Conley,hinesjeremy@example.net,2024-11-03,user_export_2026.csv,2026-08-09T16:21:14.344431
U004029,  Margaret Martinez  ,aperkins@example.org,03/10/2024,user_export_2026.csv,2026-08-09T16:21:14.344632
U004030,Michelle Bradley,guzmanrobert@example.com,2021-06-05,user_export_2026.csv,2026-08-09T16:21:14.344884
U004031,Mr. Cameron Koch,xreyes@example.net,2025-09-18,user_export_2026.csv,2026-08-09T16:21:14.345135
U004032,Beth Green,sandrawalker@example.net,2021-10-06,user_export_2026.csv,2026-08-09T16:21:14.345385
U004033,Kyle Miller,sandra01@example.net,2025-07-29,user_export_2026.csv,2026-08-09T16:21:14.345620
U004034,John Rodriguez,goodwinjack@example.org,2020-05-06,user_export_2026.csv,2026-08-09T16:21:14.345870
U004035,Thomas Green,robert00@example.net,2021-08-19,user_export_2026.csv,2026-08-09T16:21:14.346103
U004036,Derek Hull,invalid-email,2023-02-10,user_export_2026.csv,2026-08-09T16:21:14.346225
U004037,Claudia Rivera,shane42@example.org,2023-10-30,user_export_2026.csv,2026-08-09T16:21:14.346407
U004038,Marcia Flowers,christina67@example.com,2023-09-01,user_export_2026.csv,2026-08-09T16:21:14.346589
U004039,Angela Gomez,clarkegabriel@example.org,2025-04-08,user_export_2026.csv,2026-08-09T16:21:14.346835
U004040,Julie Chan,cnguyen@example.net,2026-04-13,user_export_2026.csv,2026-08-09T16:21:14.347082
U004041,Larry Smith,warnerdaisy@example.com,2026-06-09,user_export_2026.csv,2026-08-09T16:21:14.347330
U004042,Jesse Jones,kevin78@example.com,2025-06-28,user_export_2026.csv,2026-08-09T16:21:14.347511
U004043,Omar Nguyen,donna04@example.org,2020-09-14,user_export_2026.csv,2026-08-09T16:21:14.347688
U004044,Beth Harvey,jenniferbrady@example.net,2023-01-16,user_export_2026.csv,2026-08-09T16:21:14.347932
U004045,Trevor Shepherd,sophia39@example.org,2022-07-22,user_export_2026.csv,2026-08-09T16:21:14.348159
U004046,David Andrews,ramirezmelissa@example.net,2022-09-07,user_export_2026.csv,2026-08-09T16:21:14.348406
U004047,Leslie White,greg78@example.net,2023-06-08,user_export_2026.csv,2026-08-09T16:21:14.348589
U004048,Jesus Wright,mcclainjohn@example.com,2024-08-12,user_export_2026.csv,2026-08-09T16:21:14.348833
U004049,Gerald Soto,brentodom@example.com,2022-02-10,user_export_2026.csv,2026-08-09T16:21:14.349131
U004050,Ryan Hernandez,bmahoney@example.net,2021-07-24,user_export_2026.csv,2026-08-09T16:21:14.349334
U004051,Jacqueline Klein,pmoore@example.org,2022-02-17,user_export_2026.csv,2026-08-09T16:21:14.349580
U004052,Frederick Jones,martinezlorraine@example.com,2026-02-01,user_export_2026.csv,2026-08-09T16:21:14.349905
U004053,Allen Erickson,stacey58@example.com,2025-03-10,user_export_2026.csv,2026-08-09T16:21:14.350147
U004054,Kevin Burch,hilledwin@example.net,2023-04-08,user_export_2026.csv,2026-08-09T16:21:14.350398
U004055,Megan Shah,ftorres@example.net,2023-10-13,user_export_2026.csv,2026-08-09T16:21:14.350601
U004056,Jacqueline Watson,andersonjesse@example.org,2025-07-28,user_export_2026.csv,2026-08-09T16:21:14.350848
U004057,Patricia Jones,richardlynn@example.net,2023-01-13,user_export_2026.csv,2026-08-09T16:21:14.351209
U004058,Haley Smith,jessicacollins@example.com,2023-10-30,user_export_2026.csv,2026-08-09T16:21:14.351461
U004059,Valerie Jensen,srodriguez@example.com,2022-10-31,user_export_2026.csv,2026-08-09T16:21:14.351663
U004060,Emily Crawford,shannonphilip@example.org,2026-03-05,user_export_2026.csv,2026-08-09T16:21:14.351908
U004061,Jose Banks,invalid-email,2022-02-12,user_export_2026.csv,2026-08-09T16:21:14.352077
U004062,Mrs. Alicia Bowers,mcgeedennis@example.org,2025-07-20,user_export_2026.csv,2026-08-09T16:21:14.352338
U004063,Shelia Sandoval,iyoung@example.org,2026-07-18,user_export_2026.csv,2026-08-09T16:21:14.352541
U004064,April Graham,edwardskeith@example.org,2024-09-18,user_export_2026.csv,2026-08-09T16:21:14.352786
U004065,Justin Cruz,elizabeth69@example.com,2024-10-17,user_export_2026.csv,2026-08-09T16:21:14.353012
U004066,Billy Lee,heatherhenderson@example.net,2021-03-18,user_export_2026.csv,2026-08-09T16:21:14.353268
U004067,Preston Johnson,millerjustin@example.com,2021-05-04,user_export_2026.csv,2026-08-09T16:21:14.353559
U004068,Sarah Oconnor,toddpalmer@example.net,2020-08-11,user_export_2026.csv,2026-08-09T16:21:14.353815
U000440,  Kimberly Clark  ,lauren61@example.com,01/27/2021,user_export_2026.csv,2026-08-09T16:21:14.354048
U004070,Kristen Wilson,uzimmerman@example.com,2020-02-10,user_export_2026.csv,2026-08-09T16:21:14.354259
U004071,  Robert Gomez  ,cgalvan@example.com,12-09-2022,user_export_2026.csv,2026-08-09T16:21:14.354460
U004072,Mary Reyes,iblake@example.org,2026-03-13,user_export_2026.csv,2026-08-09T16:21:14.354659
U004073,Christopher Johnson,tavery@example.com,2020-04-04,user_export_2026.csv,2026-08-09T16:21:14.354862
U004074,Aaron Little,nunezsherry@example.com,2022-06-19,user_export_2026.csv,2026-08-09T16:21:14.355153
U004075,Mark Ellis,robert07@example.net,2024-04-18,user_export_2026.csv,2026-08-09T16:21:14.355337
U004076,Nathaniel Norman,brandonross@example.com,2021-10-18,user_export_2026.csv,2026-08-09T16:21:14.355581
U004077,  Kelly George  ,dakota45@example.com,2025-06-14,user_export_2026.csv,2026-08-09T16:21:14.355766
U004078,Christine Murray,greentimothy@example.net,2025-02-25,user_export_2026.csv,2026-08-09T16:21:14.356057
U004079,Jeffrey Rose,ecole@example.net,2022-06-21,user_export_2026.csv,2026-08-09T16:21:14.356263
U004080,John Garcia,invalid-email,2023-06-17,user_export_2026.csv,2026-08-09T16:21:14.356378
U004081,Hector Williams,lori34@example.org,2024-05-02,user_export_2026.csv,2026-08-09T16:21:14.356557
U004082,Ann Williams,jclark@example.org,2020-12-01,user_export_2026.csv,2026-08-09T16:21:14.356758
U004083,Brandy Moreno,roy33@example.com,2021-09-07,user_export_2026.csv,2026-08-09T16:21:14.356964
U004084,Karen Allen,corysimpson@example.net,2024-04-06,user_export_2026.csv,2026-08-09T16:21:14.357233
U004085,    ,justin72@example.org,2024/11/23,user_export_2026.csv,2026-08-09T16:21:14.357422
U004086,  Briana Ortega  ,stephaniemoses@example.com,21/04/2022,user_export_2026.csv,2026-08-09T16:21:14.357726
U004087,  Alexander Brown  ,kenneth08@example.net,12-07-2024,user_export_2026.csv,2026-08-09T16:21:14.357912
U004088,Mary Willis,ashleycrawford@example.net,2023-04-05,user_export_2026.csv,2026-08-09T16:21:14.358210
U004089,Joseph Mendoza,nicholas63@example.org,2025-04-07,user_export_2026.csv,2026-08-09T16:21:14.358395
U004090,Ricky Campbell,kelseybrown@example.org,2026-04-26,user_export_2026.csv,2026-08-09T16:21:14.358637
U004091,Donna Edwards,christine30@example.com,2025-01-26,user_export_2026.csv,2026-08-09T16:21:14.358818
U004092,Michelle Rodriguez,invalid-email,2026-05-30,user_export_2026.csv,2026-08-09T16:21:14.358963
U004093,Lacey Schneider MD,robert62@example.net,2025-07-03,user_export_2026.csv,2026-08-09T16:21:14.359176
U004094,Melissa Howard,vmoore@example.org,2024-10-03,user_export_2026.csv,2026-08-09T16:21:14.359381
U004095,    ,martinjohn@example.org,11/30/2022,user_export_2026.csv,2026-08-09T16:21:14.359627
U004096,Troy Williams,cmanning@example.org,2025-10-19,user_export_2026.csv,2026-08-09T16:21:14.359827
U004097,Blake Wood,mckenziecurtis@example.net,2020-05-28,user_export_2026.csv,2026-08-09T16:21:14.360119
U004098,Carol Atkins,rogersrobert@example.com,2022-07-25,user_export_2026.csv,2026-08-09T16:21:14.360370
U004099,    ,jeffmartinez@example.net,24/07/2020,user_export_2026.csv,2026-08-09T16:21:14.360615
U004100,Patricia Tucker,silvapatrick@example.org,2023-04-15,user_export_2026.csv,2026-08-09T16:21:14.360860
U004101,Gabriel Wells,maria44@example.com,2022-01-31,user_export_2026.csv,2026-08-09T16:21:14.361087
U004102,Charles Lloyd,heather24@example.net,2025-11-02,user_export_2026.csv,2026-08-09T16:21:14.361272
U004103,Jenna Ramsey,mirandayoung@example.org,21/12/2021,user_export_2026.csv,2026-08-09T16:21:14.361565
U004104,Andrew Hahn,gentryanthony@example.org,2022-08-25,user_export_2026.csv,2026-08-09T16:21:14.361819
U004105,James Matthews,morakristin@example.net,19/02/2021,user_export_2026.csv,2026-08-09T16:21:14.362110
U004106,Maureen Ortiz,qmiller@example.com,2025-03-09,user_export_2026.csv,2026-08-09T16:21:14.362317
U004107,Rachel Marks,rivaslisa@example.net,2022-01-02,user_export_2026.csv,2026-08-09T16:21:14.362562
U004108,Ethan Gould,pamelabarber@example.com,2022-10-03,user_export_2026.csv,2026-08-09T16:21:14.362806
U004109,Maureen Lewis,novakjeffrey@example.org,2021-12-04,user_export_2026.csv,2026-08-09T16:21:14.363113
U004110,Craig Jones,rodriguezmichaela@example.net,2020-03-25,user_export_2026.csv,2026-08-09T16:21:14.363365
U004111,Emily Rush,sandra32@example.com,2024-06-01,user_export_2026.csv,2026-08-09T16:21:14.363547
U004112,Jill Matthews,invalid-email,2021-09-30,user_export_2026.csv,2026-08-09T16:21:14.363665
U004113,Eric Johnson,robert94@example.org,2024-02-13,user_export_2026.csv,2026-08-09T16:21:14.363845
U004114,Stephanie Chavez,donna87@example.net,2022-10-03,user_export_2026.csv,2026-08-09T16:21:14.364075
U004115,Alex Garcia,kathryn64@example.com,2022-10-13,user_export_2026.csv,2026-08-09T16:21:14.364261
U004116,Travis Hernandez,doris79@example.com,2020-06-22,user_export_2026.csv,2026-08-09T16:21:14.364439
U004117,,jasonkaiser@example.com,06/29/2025,user_export_2026.csv,2026-08-09T16:21:14.364688
U004118,Luke Carpenter,osmith@example.org,2025-03-26,user_export_2026.csv,2026-08-09T16:21:14.364893
U004119,Michelle Long,christopher64@example.org,2023-12-20,user_export_2026.csv,2026-08-09T16:21:14.365130
U004120,James Walker,cblake@example.com,2024-07-17,user_export_2026.csv,2026-08-09T16:21:14.365333
U004121,Austin Brewer,baileysara@example.com,2024-07-27,user_export_2026.csv,2026-08-09T16:21:14.365625
U004122,Michael Johnson,daviescarrie@example.net,2021-06-01,user_export_2026.csv,2026-08-09T16:21:14.365875
U004123,Jason Davis,jeremiah06@example.com,2024-02-14,user_export_2026.csv,2026-08-09T16:21:14.366108
U004124,Douglas Roberts,tmarshall@example.net,2024-08-16,user_export_2026.csv,2026-08-09T16:21:14.366324
U004125,Mark Silva,william81@example.com,2020-04-07,user_export_2026.csv,2026-08-09T16:21:14.366504
U004126,Matthew Sullivan,johnsonbrian@example.com,2020-03-06,user_export_2026.csv,2026-08-09T16:21:14.366747
U004127,April Jones,wherring@example.org,2021-08-25,user_export_2026.csv,2026-08-09T16:21:14.366984
U004128,Emily Solomon,lisacabrera@example.org,2021-07-26,user_export_2026.csv,2026-08-09T16:21:14.367245
U004129,Brian Huynh,ramosaudrey@example.com,2022-09-28,user_export_2026.csv,2026-08-09T16:21:14.367487
U004130,Wendy Ramirez,jacksonchristopher@example.com,2024-12-03,user_export_2026.csv,2026-08-09T16:21:14.367732
U004131,Tony Patrick,melinda67@example.com,2025-03-20,user_export_2026.csv,2026-08-09T16:21:14.367912
U004132,David Stanley,elizabeth65@example.com,2021-06-18,user_export_2026.csv,2026-08-09T16:21:14.368140
U004133,Crystal Duke,bparsons@example.org,2021-08-19,user_export_2026.csv,2026-08-09T16:21:14.368346
U004134,Heather Meadows,collinsheather@example.net,2023-04-25,user_export_2026.csv,2026-08-09T16:21:14.368591
U004135,Janice Powell,jason61@example.net,2024-05-02,user_export_2026.csv,2026-08-09T16:21:14.368823
U004136,Maria Bryant,vangjay@example.net,2020-11-15,user_export_2026.csv,2026-08-09T16:21:14.369121
U004137,Pamela Benson,joshuasimpson@example.net,2025-09-30,user_export_2026.csv,2026-08-09T16:21:14.369371
U004138,Thomas Mcguire,invalid-email,2025-05-17,user_export_2026.csv,2026-08-09T16:21:14.369529
U004139,  Samantha Singleton  ,qhodge@example.org,2020-02-15,user_export_2026.csv,2026-08-09T16:21:14.369748
U004140,Brittany Mendoza,qtran@example.org,2020-04-11,user_export_2026.csv,2026-08-09T16:21:14.369991
U004141,Blake Schaefer,joshuagonzalez@example.org,2024-02-29,user_export_2026.csv,2026-08-09T16:21:14.370250
U004142,  Karen Lynch  ,bpineda@example.org,30/08/2023,user_export_2026.csv,2026-08-09T16:21:14.370453
U004143,Justin Garcia,malloryford@example.org,2024-11-30,user_export_2026.csv,2026-08-09T16:21:14.370697
U004144,Mitchell Price,angel98@example.net,2025-10-06,user_export_2026.csv,2026-08-09T16:21:14.370878
U004145,Shawn Christensen,nturner@example.net,02-10-2020,user_export_2026.csv,2026-08-09T16:21:14.371126
U004146,Linda Smith,elaine55@example.com,2024-12-06,user_export_2026.csv,2026-08-09T16:21:14.371311
U004147,Shane Greene,johnanderson@example.net,2021-08-12,user_export_2026.csv,2026-08-09T16:21:14.371555
U004148,Annette Weaver,vsanders@example.net,2021-01-16,user_export_2026.csv,2026-08-09T16:21:14.371755
U004149,Heidi Martinez,murphychristine@example.org,2022-06-21,user_export_2026.csv,2026-08-09T16:21:14.372047
U004150,  Anthony Williams  ,bowerslaura@example.org,20-05-2026,user_export_2026.csv,2026-08-09T16:21:14.372299
U004151,Nicole Miller,roger61@example.net,2026-02-18,user_export_2026.csv,2026-08-09T16:21:14.372480
U004152,Justin French,taylorchristopher@example.org,2022-05-12,user_export_2026.csv,2026-08-09T16:21:14.372723
U000306,    ,dianalee@example.com,27-09-2020,user_export_2026.csv,2026-08-09T16:21:14.373008
U004154,Jaime Berry,duranglenda@example.net,2025-07-14,user_export_2026.csv,2026-08-09T16:21:14.373263
U004155,Sarah Woods,emilyrobinson@example.org,03/04/2024,user_export_2026.csv,2026-08-09T16:21:14.373552
U004156,Dennis Martinez,pfry@example.net,2023-09-16,user_export_2026.csv,2026-08-09T16:21:14.373762
U004157,Savannah Mcmillan DVM,ijones@example.org,2021-09-29,user_export_2026.csv,2026-08-09T16:21:14.374014
U004158,Patricia Moreno MD,andrewlewis@example.org,2025-10-31,user_export_2026.csv,2026-08-09T16:21:14.374276
U004159,Victoria Short,castillobryan@example.net,2022-10-01,user_export_2026.csv,2026-08-09T16:21:14.374521
U004160,Michelle Poole,invalid-email,2025-06-02,user_export_2026.csv,2026-08-09T16:21:14.374639
U004161,Jason Duran,blawson@example.net,2023-05-16,user_export_2026.csv,2026-08-09T16:21:14.374842
U004162,Thomas Lynch,gutierrezsteven@example.com,2024-07-15,user_export_2026.csv,2026-08-09T16:21:14.375131
U004163,  David Perez  ,marquezjessica@example.net,2021/08/29,user_export_2026.csv,2026-08-09T16:21:14.375380
U004164,Greg Kramer,nicolereid@example.com,2022-10-15,user_export_2026.csv,2026-08-09T16:21:14.375622
U004165,Susan Thompson,stevengreen@example.net,2021-02-07,user_export_2026.csv,2026-08-09T16:21:14.375866
U004166,Sarah Martin,lawrencemeadows@example.com,2024-08-17,user_export_2026.csv,2026-08-09T16:21:14.376160
U004167,Deanna Sutton,kathleen36@example.net,2023-09-18,user_export_2026.csv,2026-08-09T16:21:14.376347
U004168,Jessica Rodriguez,joneskrista@example.org,2025-05-24,user_export_2026.csv,2026-08-09T16:21:14.376593
U004169,Jeffery Johnson,floresvictor@example.org,2023-07-09,user_export_2026.csv,2026-08-09T16:21:14.376836
U004170,Emily Bailey,wiserenee@example.net,2024-07-20,user_export_2026.csv,2026-08-09T16:21:14.377130
U004171,Penny Schmidt,jacksonmichael@example.org,2025-04-22,user_export_2026.csv,2026-08-09T16:21:14.377379
U004172,Alexis Blair,dmckay@example.org,2024-02-26,user_export_2026.csv,2026-08-09T16:21:14.377631
U004173,  Christopher Ramsey  ,bfoster@example.org,2024/06/11,user_export_2026.csv,2026-08-09T16:21:14.377867
U004174,Fred Phillips,thompsonluis@example.net,2022-09-23,user_export_2026.csv,2026-08-09T16:21:14.378173
U004175,Laura Burns,jennifercordova@example.net,2021-10-14,user_export_2026.csv,2026-08-09T16:21:14.378424
U004176,Ronald Davila,kathryn19@example.net,2020-12-05,user_export_2026.csv,2026-08-09T16:21:14.378605
U000069,,jonestimothy@example.org,13-01-2021,user_export_2026.csv,2026-08-09T16:21:14.378853
U004178,,whernandez@example.com,11/02/2024,user_export_2026.csv,2026-08-09T16:21:14.379109
U004179,Julie Jordan,martinstacy@example.com,2026-07-15,user_export_2026.csv,2026-08-09T16:21:14.379359
U004180,Caitlyn Clark,danielsmichael@example.org,2022-02-26,user_export_2026.csv,2026-08-09T16:21:14.379604
U004181,Travis Lyons,courtneygamble@example.net,2025-07-01,user_export_2026.csv,2026-08-09T16:21:14.379848
U004182,  John Nixon  ,laurenwilliams@example.com,11-03-2023,user_export_2026.csv,2026-08-09T16:21:14.380143
U004183,Kelly Harris,danaperez@example.com,2025-10-09,user_export_2026.csv,2026-08-09T16:21:14.380391
U004184,Dr. Donna Bailey,invalid-email,19-10-2023,user_export_2026.csv,2026-08-09T16:21:14.380517
U004185,John Smith,jkirk@example.com,2025-09-15,user_export_2026.csv,2026-08-09T16:21:14.380715
U004186,John Gallegos,kimjennifer@example.com,2024-06-30,user_export_2026.csv,2026-08-09T16:21:14.381013
U004187,Jessica Barron,knguyen@example.net,2023-06-20,user_export_2026.csv,2026-08-09T16:21:14.381228
U004188,Erin Rivera,smithmichael@example.org,2025-03-04,user_export_2026.csv,2026-08-09T16:21:14.381475
U004189,Brian Torres,jennifer26@example.org,2020-11-21,user_export_2026.csv,2026-08-09T16:21:14.381716
U004190,,ferrelldennis@example.org,31-05-2021,user_export_2026.csv,2026-08-09T16:21:14.382011
U004191,Christian Pena,aaronstrong@example.net,2023-08-03,user_export_2026.csv,2026-08-09T16:21:14.382264
U004192,Charles Fuentes,james75@example.org,2024-11-18,user_export_2026.csv,2026-08-09T16:21:14.382446
U004193,Veronica Saunders,melissacastro@example.net,2026-03-11,user_export_2026.csv,2026-08-09T16:21:14.382692
U004194,Jason Sanders,hendersonrachel@example.com,2022-05-09,user_export_2026.csv,2026-08-09T16:21:14.382981
U004195,Sara Ruiz,albert30@example.com,2024-01-31,user_export_2026.csv,2026-08-09T16:21:14.383186
U004196,Theodore Brown,priceryan@example.com,2020-09-27,user_export_2026.csv,2026-08-09T16:21:14.383432
U004197,April Jennings,kelly58@example.org,07/31/2025,user_export_2026.csv,2026-08-09T16:21:14.383614
U004198,Nicholas Davis,levans@example.com,2023-08-18,user_export_2026.csv,2026-08-09T16:21:14.383813
U004199,Carolyn Smith,kennethwilson@example.org,2024-09-25,user_export_2026.csv,2026-08-09T16:21:14.384109
U004200,Albert Bishop,tgilbert@example.com,2026-05-09,user_export_2026.csv,2026-08-09T16:21:14.384314
U004201,Nathan Lee,mary55@example.org,2021-11-03,user_export_2026.csv,2026-08-09T16:21:14.384494
U004202,Melissa Anderson,nguyenmary@example.org,2025-06-17,user_export_2026.csv,2026-08-09T16:21:14.384746
U004203,Miss Makayla Young,jody47@example.com,2020-06-21,user_export_2026.csv,2026-08-09T16:21:14.384958
U004204,Gerald Berg,caitlinwilliams@example.org,2025-07-21,user_export_2026.csv,2026-08-09T16:21:14.385226
U004205,Thomas Parsons,luis62@example.com,2022-01-09,user_export_2026.csv,2026-08-09T16:21:14.385407
U004206,Joshua Medina,fwilliams@example.com,2024-01-17,user_export_2026.csv,2026-08-09T16:21:14.385661
U004207,Kevin Montes,scotttamara@example.net,2024-03-07,user_export_2026.csv,2026-08-09T16:21:14.385912
U004208,Katie Mann,iwilson@example.com,2025-08-14,user_export_2026.csv,2026-08-09T16:21:14.386163
U004209,Stephen Bridges,gregoryfrey@example.org,2025-08-30,user_export_2026.csv,2026-08-09T16:21:14.386409
U004210,Michael Moyer,donna59@example.org,2025-12-05,user_export_2026.csv,2026-08-09T16:21:14.386588
U004211,Noah Gomez,cramos@example.com,2022-03-16,user_export_2026.csv,2026-08-09T16:21:14.386785
U004212,Vickie Davis,kristenmayo@example.net,2020-06-10,user_export_2026.csv,2026-08-09T16:21:14.387077
U004213,Michael Blake,jjenkins@example.com,2026-02-19,user_export_2026.csv,2026-08-09T16:21:14.387335
U004214,Erika Parrish,millerpaul@example.net,2025-02-12,user_export_2026.csv,2026-08-09T16:21:14.387583
U004215,Stephanie Kelly,cbuck@example.org,09/14/2020,user_export_2026.csv,2026-08-09T16:21:14.387788
U004216,Mary Brandt,darrenharris@example.com,2026-05-31,user_export_2026.csv,2026-08-09T16:21:14.388082
U004217,Linda Bennett,sextonjames@example.com,2022-07-01,user_export_2026.csv,2026-08-09T16:21:14.388334
U004218,Paul Anderson,adrianmcneil@example.com,2020-06-07,user_export_2026.csv,2026-08-09T16:21:14.388579
U004219,Steven Yang,jessicaarmstrong@example.net,2026-07-01,user_export_2026.csv,2026-08-09T16:21:14.388822
U004220,Stephen Singleton,stevenschultz@example.com,2025-12-13,user_export_2026.csv,2026-08-09T16:21:14.389113
U004221,Taylor Gaines,jasonrhodes@example.net,2025-01-14,user_export_2026.csv,2026-08-09T16:21:14.389365
U004222,Kelly Gomez,invalid-email,2020-07-14,user_export_2026.csv,2026-08-09T16:21:14.389521
U004223,Kayla Gross,ghunt@example.net,2023-01-25,user_export_2026.csv,2026-08-09T16:21:14.389750
U004224,Deanna Young,pfoster@example.org,2024-09-03,user_export_2026.csv,2026-08-09T16:21:14.389994
U004225,Stephanie Smith,ruiztyler@example.com,2023/06/08,user_export_2026.csv,2026-08-09T16:21:14.390253
U004226,Veronica Atkinson,kimberly57@example.net,2025-12-27,user_export_2026.csv,2026-08-09T16:21:14.390438
U004227,Mary Kane,joshua07@example.com,2021-04-19,user_export_2026.csv,2026-08-09T16:21:14.390620
U004228,Sandra Manning,paulwise@example.com,2024-05-12,user_export_2026.csv,2026-08-09T16:21:14.390864
U004229,David Mack,victoria16@example.org,2026-02-10,user_export_2026.csv,2026-08-09T16:21:14.391095
U004230,Morgan Wright,invalid-email,2024-10-25,user_export_2026.csv,2026-08-09T16:21:14.391218
U004231,  Tamara Clark  ,invalid-email,15/06/2021,user_export_2026.csv,2026-08-09T16:21:14.391336
U004232,Erin Sims,murraycatherine@example.net,2021-10-24,user_export_2026.csv,2026-08-09T16:21:14.391582
U004233,Helen Wyatt,oromero@example.net,2021-11-02,user_export_2026.csv,2026-08-09T16:21:14.391781
U004234,Jason Andersen MD,twoods@example.org,2023-03-28,user_export_2026.csv,2026-08-09T16:21:14.392034
U004235,Megan Burns DVM,brianramos@example.net,2026-02-25,user_export_2026.csv,2026-08-09T16:21:14.392294
U004236,Michael Owens,rdavis@example.net,2021-09-29,user_export_2026.csv,2026-08-09T16:21:14.392492
U004237,Emily Johnson,vasquezamanda@example.com,2020-01-14,user_export_2026.csv,2026-08-09T16:21:14.392737
U004238,Brittany Gonzalez,justin33@example.com,2023-01-11,user_export_2026.csv,2026-08-09T16:21:14.392919
U004239,Lindsey Anderson,evelyn02@example.org,2025-01-22,user_export_2026.csv,2026-08-09T16:21:14.393151
U004240,Zachary Taylor,kedwards@example.com,2025-12-29,user_export_2026.csv,2026-08-09T16:21:14.393354
U004241,Michael Page,mitchellshannon@example.com,2023-02-13,user_export_2026.csv,2026-08-09T16:21:14.393649
U004242,Amy Taylor,johnolson@example.org,2021-01-11,user_export_2026.csv,2026-08-09T16:21:14.393901
U004243,Ricky Rivera,richardsjennifer@example.com,2022-02-14,user_export_2026.csv,2026-08-09T16:21:14.394197
U004244,Michael Hatfield,gentryeduardo@example.org,2020-03-15,user_export_2026.csv,2026-08-09T16:21:14.394443
U004245,John Jones,qmccann@example.com,2020-12-19,user_export_2026.csv,2026-08-09T16:21:14.394642
U004246,Rebecca Lloyd,mirandadaniel@example.net,2023-11-02,user_export_2026.csv,2026-08-09T16:21:14.394893
U004247,Matthew Davis,timoconnor@example.org,2025-12-30,user_export_2026.csv,2026-08-09T16:21:14.395183
U004248,Erika Kim,jgarcia@example.org,2023-12-10,user_export_2026.csv,2026-08-09T16:21:14.395388
U004249,  Susan Weaver  ,dianachen@example.com,09/29/2025,user_export_2026.csv,2026-08-09T16:21:14.395634
U004250,Douglas Grant,john04@example.com,2026-07-29,user_export_2026.csv,2026-08-09T16:21:14.395814
U004251,Robert Peterson,brent63@example.net,2022-07-17,user_export_2026.csv,2026-08-09T16:21:14.396038
U004252,Aaron Jimenez,sandra33@example.net,2025-07-17,user_export_2026.csv,2026-08-09T16:21:14.396227
U004253,Jason Andersen,bakermadison@example.org,2023-08-12,user_export_2026.csv,2026-08-09T16:21:14.396472
U004254,Christopher Harmon,richardbennett@example.net,2020-06-20,user_export_2026.csv,2026-08-09T16:21:14.396713
U004255,  Dr. Tiffany Coleman  ,invalid-email,05/03/2024,user_export_2026.csv,2026-08-09T16:21:14.396838
U004256,Alicia Arroyo,edwardelliott@example.com,2025-03-13,user_export_2026.csv,2026-08-09T16:21:14.397129
U004257,  Megan Morales  ,cmejia@example.com,2021/04/22,user_export_2026.csv,2026-08-09T16:21:14.397336
U004258,Sydney Johnson,blancharderika@example.org,2023-10-27,user_export_2026.csv,2026-08-09T16:21:14.397631
U004259,Daniel Charles,kyle07@example.com,04/10/2022,user_export_2026.csv,2026-08-09T16:21:14.397820
U004260,Stephanie Gaines,invalid-email,2021-03-12,user_export_2026.csv,2026-08-09T16:21:14.397969
U004261,Nicholas Arnold,ginafischer@example.org,11/23/2022,user_export_2026.csv,2026-08-09T16:21:14.398235
U004262,Madison Combs,beckygray@example.net,2020-10-31,user_export_2026.csv,2026-08-09T16:21:14.398481
U004263,Ashley Horn,angelmiller@example.org,2025-08-02,user_export_2026.csv,2026-08-09T16:21:14.398726
U004264,Amanda Brown,nicoledixon@example.net,2020-04-03,user_export_2026.csv,2026-08-09T16:21:14.399012
U004265,,stewartchristine@example.com,2021/07/16,user_export_2026.csv,2026-08-09T16:21:14.399266
U004266,Joshua Small DDS,bryanlee@example.org,2021-01-24,user_export_2026.csv,2026-08-09T16:21:14.399516
U004267,Kelly Steele,choitina@example.org,2023-07-27,user_export_2026.csv,2026-08-09T16:21:14.399762
U004268,Kenneth Brown,jonathan65@example.net,2022-05-19,user_export_2026.csv,2026-08-09T16:21:14.399985
U004269,Brenda Ibarra,kortiz@example.com,2020-07-20,user_export_2026.csv,2026-08-09T16:21:14.400312
U004270,Samantha Lucas,scott45@example.org,2026-03-03,user_export_2026.csv,2026-08-09T16:21:14.400508
U004271,Daniel Pierce,taylor88@example.com,2020-11-22,user_export_2026.csv,2026-08-09T16:21:14.400693
U004272,Aaron Terry,robert77@example.com,2026-06-22,user_export_2026.csv,2026-08-09T16:21:14.400872
U004273,Amy Hamilton,rebeccapalmer@example.net,2026-03-12,user_export_2026.csv,2026-08-09T16:21:14.401184
U004274,Thomas Gardner,raymondbrown@example.net,2024-07-11,user_export_2026.csv,2026-08-09T16:21:14.401652
U004275,Robert Thomas,invalid-email,2024-09-17,user_export_2026.csv,2026-08-09T16:21:14.401785
U004276,  Nathan Zimmerman  ,cscott@example.org,2021/01/21,user_export_2026.csv,2026-08-09T16:21:14.402038
U004277,Craig Vasquez,invalid-email,2024-01-19,user_export_2026.csv,2026-08-09T16:21:14.402162
U004278,Teresa Johnson,zchandler@example.net,2021-10-12,user_export_2026.csv,2026-08-09T16:21:14.402367
U004279,Rebecca Jones,egray@example.net,2022-10-11,user_export_2026.csv,2026-08-09T16:21:14.402568
U004280,  Makayla Thomas  ,priscillabeard@example.com,2021-03-01,user_export_2026.csv,2026-08-09T16:21:14.402816
U004281,Michael Allen,emily41@example.com,2025-09-18,user_export_2026.csv,2026-08-09T16:21:14.403056
U004282,Angela Munoz,angela87@example.org,2025-11-12,user_export_2026.csv,2026-08-09T16:21:14.403248
U004283,Bailey Smith,gtucker@example.com,2022-02-07,user_export_2026.csv,2026-08-09T16:21:14.403449
U004284,John Banks,ruizjustin@example.com,2024-10-26,user_export_2026.csv,2026-08-09T16:21:14.403693
U004285,Jeff Kelley,jessica96@example.com,2022-02-27,user_export_2026.csv,2026-08-09T16:21:14.403871
U004286,Maria Carter,santiagomark@example.org,2021-07-11,user_export_2026.csv,2026-08-09T16:21:14.404168
U004287,Timothy Duncan,williamstaylor@example.org,2026-06-26,user_export_2026.csv,2026-08-09T16:21:14.404415
U004288,Norman Johnson Jr.,brandon54@example.net,2021-05-25,user_export_2026.csv,2026-08-09T16:21:14.404602
U004289,Michael Conrad,jacquelinewilliamson@example.org,2025-07-31,user_export_2026.csv,2026-08-09T16:21:14.404852
U001566,William Jackson,ndiaz@example.net,19-06-2026,user_export_2026.csv,2026-08-09T16:21:14.405104
U004291,Matthew Craig,danielle96@example.com,2022-10-16,user_export_2026.csv,2026-08-09T16:21:14.405336
U004292,Nicole Hayes,invalid-email,2022-10-20,user_export_2026.csv,2026-08-09T16:21:14.405457
U004293,Ronald Jackson,patrickgregory@example.net,2024-06-04,user_export_2026.csv,2026-08-09T16:21:14.405759
U004294,Deanna Wong,campbellrichard@example.org,2021-04-06,user_export_2026.csv,2026-08-09T16:21:14.406056
U004295,Nathan Alexander,pughkristin@example.com,2021-03-29,user_export_2026.csv,2026-08-09T16:21:14.406307
U004296,Steven Lopez,invalid-email,2021-03-14,user_export_2026.csv,2026-08-09T16:21:14.406423
U004297,Richard Salazar,mirandaclarke@example.com,2021-08-25,user_export_2026.csv,2026-08-09T16:21:14.406663
U004298,Patricia Mcdaniel,hgray@example.net,2024-02-19,user_export_2026.csv,2026-08-09T16:21:14.406863
U004299,Jamie Stark,matthew17@example.com,2025-10-26,user_export_2026.csv,2026-08-09T16:21:14.407097
U004300,Amber Cox,christina68@example.net,2022-04-05,user_export_2026.csv,2026-08-09T16:21:14.407285
U004301,Don Salazar,lewislori@example.com,2024-05-13,user_export_2026.csv,2026-08-09T16:21:14.407529
U004302,Carolyn Navarro,sean45@example.org,2022-09-21,user_export_2026.csv,2026-08-09T16:21:14.407709
U004303,Laura Kim,jonathanhubbard@example.com,2024-11-26,user_export_2026.csv,2026-08-09T16:21:14.407992
U003797,,valenzuelachristopher@example.org,09/01/2020,user_export_2026.csv,2026-08-09T16:21:14.408251
U004305,Kelly Owen,haydenjohn@example.net,2023-03-22,user_export_2026.csv,2026-08-09T16:21:14.408500
U004306,Jorge Spencer,candace21@example.org,2024-10-11,user_export_2026.csv,2026-08-09T16:21:14.408682
U004307,Kenneth Wilson,brianhopkins@example.net,2025-12-09,user_export_2026.csv,2026-08-09T16:21:14.408925
U004308,Marilyn Steele,richbill@example.org,02/04/2022,user_export_2026.csv,2026-08-09T16:21:14.409222
U004309,Scott Baker,christina72@example.org,2025-05-21,user_export_2026.csv,2026-08-09T16:21:14.409405
U004310,Gary Payne,lynnholmes@example.com,2020-03-11,user_export_2026.csv,2026-08-09T16:21:14.409708
U004311,Kimberly Garcia,tanyanash@example.com,2024-04-24,user_export_2026.csv,2026-08-09T16:21:14.409999
U004312,Michael Lynch,sean60@example.com,2025-09-18,user_export_2026.csv,2026-08-09T16:21:14.410190
U004313,David Bryant,olsonamy@example.com,2023-01-01,user_export_2026.csv,2026-08-09T16:21:14.410437
U004314,Victoria Hobbs,bakerchristian@example.org,2021-02-08,user_export_2026.csv,2026-08-09T16:21:14.410686
U004315,Mr. Robert Cooper Jr.,rodneylin@example.com,2023-06-24,user_export_2026.csv,2026-08-09T16:21:14.410982
U004316,Kathy Banks,invalid-email,2026-05-12,user_export_2026.csv,2026-08-09T16:21:14.411112
U004317,Willie Warren,rrivera@example.com,2023-03-04,user_export_2026.csv,2026-08-09T16:21:14.411314
U004318,Sophia Blake,youngadam@example.net,2026-03-27,user_export_2026.csv,2026-08-09T16:21:14.411561
U004319,Brandy Walls,robertzamora@example.org,2025-12-10,user_export_2026.csv,2026-08-09T16:21:14.411806
U004320,Tonya Graham,ecook@example.net,2025-12-04,user_export_2026.csv,2026-08-09T16:21:14.412049
U004321,Danielle Huang,rodriguezmary@example.net,03/18/2026,user_export_2026.csv,2026-08-09T16:21:14.412303
U004322,,qhiggins@example.com,06/10/2024,user_export_2026.csv,2026-08-09T16:21:14.412502
U004323,Thomas Jones,robert62@example.net,2024-07-04,user_export_2026.csv,2026-08-09T16:21:14.412681
U004324,Thomas Parrish,churchlisa@example.org,2026-05-04,user_export_2026.csv,2026-08-09T16:21:14.412925
U004325,Gabriela King,delacruztammy@example.org,2025-04-16,user_export_2026.csv,2026-08-09T16:21:14.413221
U004326,Carlos Anderson,john03@example.com,2023-08-23,user_export_2026.csv,2026-08-09T16:21:14.413402
U004327,  Casey Dyer  ,ajones@example.net,09/27/2023,user_export_2026.csv,2026-08-09T16:21:14.413654
U004328,Diane Bryant,invalid-email,2020-11-08,user_export_2026.csv,2026-08-09T16:21:14.413776
U004329,    ,andersoncharles@example.net,04/19/2022,user_export_2026.csv,2026-08-09T16:21:14.414070
U004330,Katherine Boone,zryan@example.org,2026-02-24,user_export_2026.csv,2026-08-09T16:21:14.414278
U004331,Jennifer Flores,michael85@example.net,2022-05-28,user_export_2026.csv,2026-08-09T16:21:14.414460
U004332,David Hamilton,christopher02@example.net,2022-11-16,user_export_2026.csv,2026-08-09T16:21:14.414642
U004333,,charlesjackson@example.net,08/08/2026,user_export_2026.csv,2026-08-09T16:21:14.414895
U004334,Kimberly Reynolds,pruittleslie@example.net,2022/10/22,user_export_2026.csv,2026-08-09T16:21:14.415197
U004335,Kevin Espinoza,gregory82@example.net,2020-06-29,user_export_2026.csv,2026-08-09T16:21:14.415381
U004336,Wanda Cole,murphybradley@example.org,2021-11-15,user_export_2026.csv,2026-08-09T16:21:14.415624
U004337,Sara Jackson,udavis@example.org,2020-01-27,user_export_2026.csv,2026-08-09T16:21:14.415823
U004338,Christopher Smith,hduffy@example.com,2022-06-05,user_export_2026.csv,2026-08-09T16:21:14.416081
U004339,Beth Ramos,igardner@example.com,2021-02-13,user_export_2026.csv,2026-08-09T16:21:14.416290
U004340,Michaela Strickland,thomasrice@example.net,15/10/2024,user_export_2026.csv,2026-08-09T16:21:14.416540
U004341,Allen Sanchez,wagnerroberta@example.com,2021-11-03,user_export_2026.csv,2026-08-09T16:21:14.416784
U000174,Sandra Kim,fryeadrian@example.org,04-10-2021,user_export_2026.csv,2026-08-09T16:21:14.417080
U004343,Crystal Walker,lisa57@example.org,2022-05-06,user_export_2026.csv,2026-08-09T16:21:14.417269
U004344,Jeffery Lee,micheleyork@example.com,2020-09-07,user_export_2026.csv,2026-08-09T16:21:14.417567
U004345,Dr. Andrew Scott II,janice73@example.org,2021-07-04,user_export_2026.csv,2026-08-09T16:21:14.417772
U004346,  Patty Walker  ,georgecooper@example.com,05/12/2023,user_export_2026.csv,2026-08-09T16:21:14.418071
U004347,Alison Fletcher,invalid-email,2024-03-14,user_export_2026.csv,2026-08-09T16:21:14.418197
U004348,Amanda Acosta,markmorgan@example.com,2021-03-20,user_export_2026.csv,2026-08-09T16:21:14.418445
U004349,,tinaflynn@example.com,15-11-2024,user_export_2026.csv,2026-08-09T16:21:14.418688
U004350,Elaine Garcia,imaddox@example.org,2026-03-23,user_export_2026.csv,2026-08-09T16:21:14.418888
U004351,Kevin Walsh,ricardo73@example.net,2026-07-26,user_export_2026.csv,2026-08-09T16:21:14.419119
U004352,Richard Russo,tfranklin@example.com,2021-10-06,user_export_2026.csv,2026-08-09T16:21:14.419322
U004353,Tammy Baker,oporter@example.org,2026-05-12,user_export_2026.csv,2026-08-09T16:21:14.419521
U004354,Christopher Charles,justinguzman@example.com,2021-12-06,user_export_2026.csv,2026-08-09T16:21:14.419764
U004355,Tamara Kim,hopkinsrodney@example.org,2023-02-17,user_export_2026.csv,2026-08-09T16:21:14.420111
U004356,Lucas Case,susan64@example.org,2020-03-23,user_export_2026.csv,2026-08-09T16:21:14.420394
U004357,Alexander Peters MD,millersherry@example.org,2026-01-02,user_export_2026.csv,2026-08-09T16:21:14.420652
U004358,Tyler Johnston,bensonjohn@example.net,2026-07-09,user_export_2026.csv,2026-08-09T16:21:14.420913
U004359,Dr. James Stephens II,ddunn@example.com,2025-12-25,user_export_2026.csv,2026-08-09T16:21:14.421183
U004360,Kimberly Bolton,fernandezandre@example.org,2021-07-07,user_export_2026.csv,2026-08-09T16:21:14.421435
U004361,Daniel Bryant,markellis@example.org,2022-09-12,user_export_2026.csv,2026-08-09T16:21:14.421736
U004362,Joanna Martin,ujones@example.com,2022-09-16,user_export_2026.csv,2026-08-09T16:21:14.421981
U004363,Jeffrey Oliver,lterry@example.net,2025-11-20,user_export_2026.csv,2026-08-09T16:21:14.422192
U004364,Heather Simpson,cheryl55@example.org,2023-09-22,user_export_2026.csv,2026-08-09T16:21:14.422378
U004365,Erika Wong,tanderson@example.net,2020-06-29,user_export_2026.csv,2026-08-09T16:21:14.422603
U004366,Brian Palmer,priscilla83@example.net,2022-04-20,user_export_2026.csv,2026-08-09T16:21:14.422789
U004367,Christopher Edwards,douglas07@example.net,2021-01-01,user_export_2026.csv,2026-08-09T16:21:14.423029
U004368,Maria Mason,fosterlawrence@example.org,2020-10-19,user_export_2026.csv,2026-08-09T16:21:14.423287
U004369,Michelle Davis,travis45@example.org,2020-11-24,user_export_2026.csv,2026-08-09T16:21:14.423518
U004370,Dan Clarke,thomascruz@example.net,2021-11-05,user_export_2026.csv,2026-08-09T16:21:14.423765
U004371,Julie Johnson,kevinbrown@example.net,2023-10-15,user_export_2026.csv,2026-08-09T16:21:14.424060
U004372,  Scott Jackson  ,floydjoann@example.com,2020-04-09,user_export_2026.csv,2026-08-09T16:21:14.424314
U004373,Donna Doyle,brandilutz@example.com,2026-07-27,user_export_2026.csv,2026-08-09T16:21:14.424560
U004374,Mathew Bauer,johnstonchristopher@example.net,2024/12/03,user_export_2026.csv,2026-08-09T16:21:14.424811
U004375,  Juan Williams  ,invalid-email,05/09/2021,user_export_2026.csv,2026-08-09T16:21:14.424955
U004376,Mary Gomez,brandy00@example.com,2025-08-26,user_export_2026.csv,2026-08-09T16:21:14.425162
U004377,Karen Gentry,taylorrhonda@example.org,2022-12-04,user_export_2026.csv,2026-08-09T16:21:14.425411
U004378,Erika Russell,spencerbrooke@example.org,2021-08-28,user_export_2026.csv,2026-08-09T16:21:14.425714
U004379,Eric Richmond,joseshaw@example.com,2025-05-06,user_export_2026.csv,2026-08-09T16:21:14.426004
U004380,Dale Burke,dholt@example.com,2020-11-09,user_export_2026.csv,2026-08-09T16:21:14.426215
U004381,Anita Snyder,lori11@example.org,2023-03-29,user_export_2026.csv,2026-08-09T16:21:14.426399
U004382,Christopher Miller,waynemcknight@example.org,2023-07-10,user_export_2026.csv,2026-08-09T16:21:14.426643
U004383,Kevin Torres,invalid-email,2024-11-15,user_export_2026.csv,2026-08-09T16:21:14.426758
U004384,Luke Sampson,invalid-email,2020-07-19,user_export_2026.csv,2026-08-09T16:21:14.426870
U004385,    ,laneerica@example.com,2023-10-30,user_export_2026.csv,2026-08-09T16:21:14.427162
U004386,Brooke Wilson,lowemisty@example.org,2024-07-17,user_export_2026.csv,2026-08-09T16:21:14.427419
U004387,Andrea Robinson,philip83@example.org,2024-08-18,user_export_2026.csv,2026-08-09T16:21:14.427604
U004388,Christian Hodges,tburns@example.net,2022-07-22,user_export_2026.csv,2026-08-09T16:21:14.427803
U004389,Wanda Pruitt,smithdiana@example.net,2020-07-19,user_export_2026.csv,2026-08-09T16:21:14.428097
U004390,Kristine Montgomery,uroberts@example.org,2026-06-20,user_export_2026.csv,2026-08-09T16:21:14.428306
U004391,Nathan Harrington,invalid-email,2020-06-10,user_export_2026.csv,2026-08-09T16:21:14.428423
U004392,Stephen Wright,brittany60@example.com,2022-05-01,user_export_2026.csv,2026-08-09T16:21:14.428603
U004393,Steven Wells,tcooper@example.com,2026-04-05,user_export_2026.csv,2026-08-09T16:21:14.428801
U004394,Paul Hernandez,ehernandez@example.com,2020-03-10,user_export_2026.csv,2026-08-09T16:21:14.429046
U004395,Christine Foster,eileenmoyer@example.net,2025-11-23,user_export_2026.csv,2026-08-09T16:21:14.429300
U004396,Anna Compton,stewartpamela@example.com,2023-01-01,user_export_2026.csv,2026-08-09T16:21:14.429595
U004397,Tricia Finley,nheath@example.org,2024-05-23,user_export_2026.csv,2026-08-09T16:21:14.429805
U004398,Sergio Johnson,brittney46@example.net,2026-03-26,user_export_2026.csv,2026-08-09T16:21:14.430031
U004399,Tracy Sanders,michelletaylor@example.org,2022-12-07,user_export_2026.csv,2026-08-09T16:21:14.430286
U004400,Joel Johnson,harmonlucas@example.org,2021-12-27,user_export_2026.csv,2026-08-09T16:21:14.430529
U004401,Lauren Delacruz,hillbrandon@example.com,2022-10-16,user_export_2026.csv,2026-08-09T16:21:14.430772
U004402,Clayton Evans,lloydrichard@example.net,2022-02-07,user_export_2026.csv,2026-08-09T16:21:14.431059
U004403,Elaine Keith,cindycurtis@example.org,2023-01-01,user_export_2026.csv,2026-08-09T16:21:14.431311
U004404,Kyle Smith,hlopez@example.com,2021-08-02,user_export_2026.csv,2026-08-09T16:21:14.431510
U004405,Sara Thomas,andrea54@example.com,2023-04-23,user_export_2026.csv,2026-08-09T16:21:14.431691
U004406,Seth Lewis,shannonstephanie@example.org,2023-06-13,user_export_2026.csv,2026-08-09T16:21:14.431963
U004407,Tamara Stone,kimberlyyoung@example.com,2022-09-21,user_export_2026.csv,2026-08-09T16:21:14.432242
U004408,Susan Kelley,kgonzalez@example.net,2021-06-18,user_export_2026.csv,2026-08-09T16:21:14.432443
U004409,Troy Patel,scottjoe@example.com,2025-12-04,user_export_2026.csv,2026-08-09T16:21:14.432685
U004410,Joseph Gutierrez,zachary74@example.org,2022-10-28,user_export_2026.csv,2026-08-09T16:21:14.432863
U004411,  John Davis  ,rossdaniel@example.com,15-05-2024,user_export_2026.csv,2026-08-09T16:21:14.433158
U004412,Christopher Ramos,qjohnson@example.com,2020-06-22,user_export_2026.csv,2026-08-09T16:21:14.433361
U004413,Abigail Garcia,johnny15@example.com,2024-02-20,user_export_2026.csv,2026-08-09T16:21:14.433611
U004414,Brian Collins,jacquelinesnow@example.org,2023-04-18,user_export_2026.csv,2026-08-09T16:21:14.433862
U004415,James Garcia,mlowery@example.com,2020-04-05,user_export_2026.csv,2026-08-09T16:21:14.434111
U004416,Jose Jackson,pattonmatthew@example.net,2023-06-14,user_export_2026.csv,2026-08-09T16:21:14.434361
U004417,Jamie Bell,gregory68@example.org,2023-04-05,user_export_2026.csv,2026-08-09T16:21:14.434544
U004418,Paul Buckley,vincentdavis@example.com,2025-12-12,user_export_2026.csv,2026-08-09T16:21:14.434793
U004419,Christina Wiley,crystal54@example.com,2022-07-14,user_export_2026.csv,2026-08-09T16:21:14.435020
U004420,Heather Jenkins,ojohnson@example.org,2026-03-27,user_export_2026.csv,2026-08-09T16:21:14.435229
U004421,Anna Moses,edwinrowe@example.org,2023-02-02,user_export_2026.csv,2026-08-09T16:21:14.435474
U004422,Jamie Matthews,gloria17@example.net,2025-03-22,user_export_2026.csv,2026-08-09T16:21:14.435766
U004423,Christine Yates,amandabarrett@example.org,2023-10-24,user_export_2026.csv,2026-08-09T16:21:14.436299
U004424,,ysmith@example.net,05-09-2022,user_export_2026.csv,2026-08-09T16:21:14.436520
U004425,Allen Moran,russellsamantha@example.com,2023-12-25,user_export_2026.csv,2026-08-09T16:21:14.436769
U004426,Brian Lopez,melissa03@example.com,2026-08-01,user_export_2026.csv,2026-08-09T16:21:14.436996
U004427,Lori Hoffman,monicaali@example.com,2024-06-04,user_export_2026.csv,2026-08-09T16:21:14.437255
U004428,Michael Thompson,vreilly@example.net,2021-02-22,user_export_2026.csv,2026-08-09T16:21:14.437456
U004429,  Gabriela Mckinney  ,lisa95@example.com,2021/05/21,user_export_2026.csv,2026-08-09T16:21:14.437701
U004430,Paul Patterson,kelly17@example.net,2021-01-09,user_export_2026.csv,2026-08-09T16:21:14.437885
U004431,Heather Graham,gcooper@example.org,2022-06-06,user_export_2026.csv,2026-08-09T16:21:14.438138
U004432,Ashley Rasmussen,wongsean@example.com,2022-07-13,user_export_2026.csv,2026-08-09T16:21:14.438389
U004433,,brenda35@example.net,2020/12/09,user_export_2026.csv,2026-08-09T16:21:14.438589
U004434,Jason Lewis,madelinehenderson@example.net,2024-05-13,user_export_2026.csv,2026-08-09T16:21:14.438837
U004435,  Katelyn Davis  ,brownsean@example.com,2025-11-18,user_export_2026.csv,2026-08-09T16:21:14.439140
U004436,Theresa Martinez,daisy57@example.com,2020-04-30,user_export_2026.csv,2026-08-09T16:21:14.439326
U004437,Nancy Allen,morgan94@example.net,2024-08-26,user_export_2026.csv,2026-08-09T16:21:14.439507
U004291,  Michael Castaneda  ,colleenvance@example.org,25/03/2024,user_export_2026.csv,2026-08-09T16:21:14.439755
U004439,Gregory Hernandez,daniellewebb@example.net,2023-03-07,user_export_2026.csv,2026-08-09T16:21:14.440163
U004440,Kaitlyn Howard,kbarrett@example.net,2024-08-28,user_export_2026.csv,2026-08-09T16:21:14.440591
U004441,Daniel Hull,ymcclure@example.com,2022-05-25,user_export_2026.csv,2026-08-09T16:21:14.440843
U004442,Tiffany Kennedy,petersonann@example.net,2023-11-17,user_export_2026.csv,2026-08-09T16:21:14.441146
U004443,Amy Warren,rmoyer@example.net,2023-06-28,user_export_2026.csv,2026-08-09T16:21:14.441353
U004444,Diamond Randolph,freemanbarbara@example.org,2025-11-24,user_export_2026.csv,2026-08-09T16:21:14.441658
U004445,Barbara Turner MD,patrick11@example.net,2021-03-21,user_export_2026.csv,2026-08-09T16:21:14.441857
U004446,Daisy Chang,tcox@example.org,2024-06-14,user_export_2026.csv,2026-08-09T16:21:14.442110
U004447,Elizabeth Hull,susanli@example.net,2020-04-18,user_export_2026.csv,2026-08-09T16:21:14.442403
U004448,Kimberly Pearson,tara23@example.com,2024-07-26,user_export_2026.csv,2026-08-09T16:21:14.442591
U004449,Miss Tracy Hansen DVM,dellis@example.com,2021-10-07,user_export_2026.csv,2026-08-09T16:21:14.442805
U004450,Stacy Chen,john51@example.org,2025-09-02,user_export_2026.csv,2026-08-09T16:21:14.443050
U004451,Matthew Wise,piercefrank@example.org,2023-01-31,user_export_2026.csv,2026-08-09T16:21:14.443304
U004452,Kenneth Richards,awade@example.net,2021-01-12,user_export_2026.csv,2026-08-09T16:21:14.443507
U004453,Joshua Ward,invalid-email,2023-04-19,user_export_2026.csv,2026-08-09T16:21:14.443625
U004454,Christina Haney,stephen64@example.com,2020-06-24,user_export_2026.csv,2026-08-09T16:21:14.443808
U004455,Mary Anderson,mackaaron@example.org,2023-10-14,user_export_2026.csv,2026-08-09T16:21:14.444102
U004456,Willie Kennedy,griffinlisa@example.com,2024-10-21,user_export_2026.csv,2026-08-09T16:21:14.444354
U004457,Amy Welch,tellison@example.com,2020-07-08,user_export_2026.csv,2026-08-09T16:21:14.444648
U004458,Teresa Walker,jimenezmary@example.net,2021-06-11,user_export_2026.csv,2026-08-09T16:21:14.444916
U004459,Victor Wu,joshuanelson@example.org,2020-06-21,user_export_2026.csv,2026-08-09T16:21:14.445215
U004460,Melissa Vasquez,amber62@example.net,2020-08-14,user_export_2026.csv,2026-08-09T16:21:14.445401
U004461,Anthony Wells,emily45@example.com,2024-05-18,user_export_2026.csv,2026-08-09T16:21:14.445635
U004462,Casey Ruiz,erica19@example.net,2020-04-21,user_export_2026.csv,2026-08-09T16:21:14.445819
U004463,Brian Cuevas,tyrone95@example.org,2020-10-24,user_export_2026.csv,2026-08-09T16:21:14.446053
U004464,Renee Lee,kathy20@example.org,2021-02-13,user_export_2026.csv,2026-08-09T16:21:14.446240
U004465,Christopher Carr,brianmartinez@example.net,2022-11-06,user_export_2026.csv,2026-08-09T16:21:14.446485
U004466,Tristan Scott,stephaniewatson@example.com,2024-10-26,user_export_2026.csv,2026-08-09T16:21:14.446728
U004467,Adam Lozano,duartesteven@example.com,2026-06-01,user_export_2026.csv,2026-08-09T16:21:14.447016
U004468,  Amanda James  ,christopher85@example.org,2021/08/07,user_export_2026.csv,2026-08-09T16:21:14.447208
U004469,Denise Ross,irichardson@example.com,2020-06-14,user_export_2026.csv,2026-08-09T16:21:14.447423
U004470,  Christina Wolf  ,brownlauren@example.org,06-01-2025,user_export_2026.csv,2026-08-09T16:21:14.447683
U004471,Thomas Russell,jamesvasquez@example.org,2026-03-03,user_export_2026.csv,2026-08-09T16:21:14.447973
U004472,David Hernandez,heidi28@example.org,2024-07-26,user_export_2026.csv,2026-08-09T16:21:14.448178
U004473,Steven Wall,tylerthompson@example.com,2020-08-06,user_export_2026.csv,2026-08-09T16:21:14.448426
U004474,Christine Johnson,jennifersummers@example.net,2020-07-13,user_export_2026.csv,2026-08-09T16:21:14.448673
U004475,Stacey Smith,douglas34@example.org,2026-07-07,user_export_2026.csv,2026-08-09T16:21:14.448855
U004476,Jeremy Adams,jesusgill@example.net,2023-03-16,user_export_2026.csv,2026-08-09T16:21:14.449147
U004477,Mark Eaton,amandarichardson@example.net,2025-01-29,user_export_2026.csv,2026-08-09T16:21:14.449394
U004478,Angela Ward,omacdonald@example.org,2021-11-09,user_export_2026.csv,2026-08-09T16:21:14.449650
U004479,Daniel Garcia,karen17@example.com,2026-06-04,user_export_2026.csv,2026-08-09T16:21:14.449838
U004480,Janice Smith,tphillips@example.com,2026-06-03,user_export_2026.csv,2026-08-09T16:21:14.450109
U004481,Nicholas Vazquez,richardsonelizabeth@example.net,2023-04-29,user_export_2026.csv,2026-08-09T16:21:14.450360
U004482,Julie Barnett,uroberts@example.org,2025-02-11,user_export_2026.csv,2026-08-09T16:21:14.450564
U004483,,xboyd@example.net,06/30/2026,user_export_2026.csv,2026-08-09T16:21:14.450765
U004484,Nicholas Anderson,cynthiaarmstrong@example.org,2026-05-04,user_export_2026.csv,2026-08-09T16:21:14.451056
U004099,Lisa Lawson,ericamiller@example.com,07-03-2022,user_export_2026.csv,2026-08-09T16:21:14.451316
U004486,  Christopher Wheeler  ,katherine65@example.com,08/01/2021,user_export_2026.csv,2026-08-09T16:21:14.451499
U004487,Melanie Luna,martinfoster@example.com,2024-07-28,user_export_2026.csv,2026-08-09T16:21:14.451746
U004488,Nancy Warren,invalid-email,2026-04-04,user_export_2026.csv,2026-08-09T16:21:14.451863
U004489,Pamela Powell,twalker@example.com,2021-04-27,user_export_2026.csv,2026-08-09T16:21:14.452161
U004490,Brandon Evans,jwright@example.net,2020-05-05,user_export_2026.csv,2026-08-09T16:21:14.452518
U004491,Luis Zamora,hallmatthew@example.com,2022-06-03,user_export_2026.csv,2026-08-09T16:21:14.453036
U004492,John Jackson,nguyenashlee@example.com,2022-07-23,user_export_2026.csv,2026-08-09T16:21:14.453543
U004493,Michael Phillips,mperez@example.com,2024-01-21,user_export_2026.csv,2026-08-09T16:21:14.453901
U004494,Sylvia Roberts,angelabailey@example.net,2025-10-31,user_export_2026.csv,2026-08-09T16:21:14.454390
U004495,Jack Osborne,james70@example.net,2020-03-12,user_export_2026.csv,2026-08-09T16:21:14.454705
U004496,Andre Hernandez PhD,batesjill@example.com,2020-01-13,user_export_2026.csv,2026-08-09T16:21:14.455191
U004497,Jamie Bennett,michaelmyers@example.com,2021-04-27,user_export_2026.csv,2026-08-09T16:21:14.455608
U004498,Michael Lopez,justinwagner@example.com,2026-05-08,user_export_2026.csv,2026-08-09T16:21:14.456058
U004499,Linda Jones,gsmith@example.net,2026-02-27,user_export_2026.csv,2026-08-09T16:21:14.456394
U004500,Larry Turner,ufoster@example.org,2024-07-21,user_export_2026.csv,2026-08-09T16:21:14.456747
U004501,Christine Trevino,roberttorres@example.com,2021-08-23,user_export_2026.csv,2026-08-09T16:21:14.457183
U004502,Kristin Duncan,elizabethpalmer@example.net,2026-03-05,user_export_2026.csv,2026-08-09T16:21:14.457574
U004503,Todd Davis,ynorton@example.net,2024-07-24,user_export_2026.csv,2026-08-09T16:21:14.457790
U004504,Linda Simpson,xcarter@example.net,2022-06-06,user_export_2026.csv,2026-08-09T16:21:14.458044
U004505,Holly Herring,smithmichael@example.com,19-08-2021,user_export_2026.csv,2026-08-09T16:21:14.458303
U004506,Michelle Barnes,jonathan73@example.net,2021-05-07,user_export_2026.csv,2026-08-09T16:21:14.458494
U004507,Cynthia Alexander,manningkristin@example.net,2022-12-29,user_export_2026.csv,2026-08-09T16:21:14.458792
U004508,Jonathan Armstrong,paul51@example.net,2026-08-03,user_export_2026.csv,2026-08-09T16:21:14.459116
U004509,Joshua Shannon,lramos@example.net,2025-09-15,user_export_2026.csv,2026-08-09T16:21:14.459328
U004510,Kimberly Young,qhill@example.com,2020-04-30,user_export_2026.csv,2026-08-09T16:21:14.459530
U004511,Robert Romero,wesleyfoster@example.net,2022-07-05,user_export_2026.csv,2026-08-09T16:21:14.459774
U004512,Chase Williams,zramirez@example.net,2024-05-13,user_export_2026.csv,2026-08-09T16:21:14.460022
U004513,Carol Arias,kim35@example.com,28-11-2020,user_export_2026.csv,2026-08-09T16:21:14.460217
U004514,Linda Thompson,lopezcurtis@example.com,2020-04-14,user_export_2026.csv,2026-08-09T16:21:14.460464
U004323,,smithamy@example.org,24/11/2020,user_export_2026.csv,2026-08-09T16:21:14.460710
U004516,    ,tsimmons@example.net,2021/12/26,user_export_2026.csv,2026-08-09T16:21:14.460908
U004517,Christy Powell,bhill@example.net,2024-08-11,user_export_2026.csv,2026-08-09T16:21:14.461159
U004518,Barbara Harmon,simmonsjacob@example.org,2024-02-17,user_export_2026.csv,2026-08-09T16:21:14.461408
U004519,Amanda Webster,whale@example.net,2020-03-09,user_export_2026.csv,2026-08-09T16:21:14.461667
U004520,Michelle Dawson,littlerebecca@example.org,2023-02-27,user_export_2026.csv,2026-08-09T16:21:14.461917
U004521,Ronald Martinez,jasonwatson@example.net,2025-01-13,user_export_2026.csv,2026-08-09T16:21:14.462214
U004522,Mike Morales,briggszachary@example.com,2024-08-13,user_export_2026.csv,2026-08-09T16:21:14.462459
U004523,Pamela Johnson,kristen73@example.net,2023-11-12,user_export_2026.csv,2026-08-09T16:21:14.462643
U004524,William Wilkerson,lopezkelly@example.com,04/26/2025,user_export_2026.csv,2026-08-09T16:21:14.463009
U004525,Anna Weaver,angelica61@example.net,2020-09-30,user_export_2026.csv,2026-08-09T16:21:14.463254
U004526,Keith Lane,robingarrett@example.net,2024-06-15,user_export_2026.csv,2026-08-09T16:21:14.463509
U004527,Shawn Rogers,powersjodi@example.net,2022-12-12,user_export_2026.csv,2026-08-09T16:21:14.463882
U004528,    ,bmiller@example.net,27/06/2021,user_export_2026.csv,2026-08-09T16:21:14.464212
U004529,John Herrera DDS,carlaharris@example.org,2024-07-01,user_export_2026.csv,2026-08-09T16:21:14.464474
U004530,    ,invalid-email,2021-11-03,user_export_2026.csv,2026-08-09T16:21:14.464597
U004531,Tiffany Abbott,andre19@example.com,2022-06-15,user_export_2026.csv,2026-08-09T16:21:14.464787
U004532,Victor Robinson,charleslee@example.net,2025-10-03,user_export_2026.csv,2026-08-09T16:21:14.465081
U004533,Vernon Williams,blake03@example.com,2025-03-30,user_export_2026.csv,2026-08-09T16:21:14.465269
U004534,Angel Hickman,jcox@example.com,2023-11-13,user_export_2026.csv,2026-08-09T16:21:14.465475
U004535,Mitchell Scott,pricedaniel@example.net,2025-01-06,user_export_2026.csv,2026-08-09T16:21:14.465778
U004536,,vmccormick@example.org,20-07-2020,user_export_2026.csv,2026-08-09T16:21:14.466029
U004537,Marie Rangel,xvargas@example.org,2024-06-08,user_export_2026.csv,2026-08-09T16:21:14.466237
U004538,John Davis,invalid-email,2021-01-22,user_export_2026.csv,2026-08-09T16:21:14.466360
U004539,Julian Williams,weaverrachel@example.net,2020-08-04,user_export_2026.csv,2026-08-09T16:21:14.466603
U004540,Sharon Page,nancymendez@example.net,2022-10-21,user_export_2026.csv,2026-08-09T16:21:14.466848
U004541,Christina White,brandy87@example.net,2025-12-28,user_export_2026.csv,2026-08-09T16:21:14.467082
U003794,Brandy Patterson,jeffreygibbs@example.net,03-10-2025,user_export_2026.csv,2026-08-09T16:21:14.467432
U004543,Jeffrey Barrett,singletonnicole@example.net,2026/08/09,user_export_2026.csv,2026-08-09T16:21:14.467697
U004544,Brian Farmer,rasmussenmichael@example.com,2021/12/03,user_export_2026.csv,2026-08-09T16:21:14.467988
U004545,Austin Webster,laurasmith@example.org,2024-11-28,user_export_2026.csv,2026-08-09T16:21:14.468324
U004546,Donald Garcia,kingjulie@example.com,2022-08-06,user_export_2026.csv,2026-08-09T16:21:14.468708
U004547,Sherri Miles,qmeadows@example.org,2021-04-15,user_export_2026.csv,2026-08-09T16:21:14.468921
U004548,Kristen Young,qelliott@example.com,2023-07-28,user_export_2026.csv,2026-08-09T16:21:14.469177
U004549,Heather Wilkins,garzalisa@example.net,2026-06-02,user_export_2026.csv,2026-08-09T16:21:14.469428
U004550,Terry Mason,scarey@example.com,2020-04-03,user_export_2026.csv,2026-08-09T16:21:14.469687
U004551,James Wheeler,gabriellelittle@example.com,2026-02-08,user_export_2026.csv,2026-08-09T16:21:14.469971
U004552,Amanda Scott,christian29@example.net,2021-05-02,user_export_2026.csv,2026-08-09T16:21:14.470171
U004553,Manuel Gibson,lvelez@example.com,2024-07-07,user_export_2026.csv,2026-08-09T16:21:14.470371
U004554,Megan Burton,shawn69@example.org,2024-07-17,user_export_2026.csv,2026-08-09T16:21:14.470556
U004555,Renee Lee,myersmelissa@example.com,2020-03-04,user_export_2026.csv,2026-08-09T16:21:14.470799
U004556,Joseph Mccoy Jr.,invalid-email,2026-01-23,user_export_2026.csv,2026-08-09T16:21:14.470922
U004557,Megan Bennett DDS,taylorkimberly@example.net,2021-12-01,user_export_2026.csv,2026-08-09T16:21:14.471229
U004558,Lee Griffin,wmiller@example.com,2023-09-05,user_export_2026.csv,2026-08-09T16:21:14.471431
U004559,Randy Fernandez,msmith@example.com,2024-05-30,user_export_2026.csv,2026-08-09T16:21:14.471631
U004560,Bethany Morton,mwalter@example.net,2020-03-01,user_export_2026.csv,2026-08-09T16:21:14.471830
U004561,Miss Karen Williams MD,fmoore@example.net,2025-01-06,user_export_2026.csv,2026-08-09T16:21:14.472091
U004562,Michael Williams Jr.,lydia72@example.org,2024-07-16,user_export_2026.csv,2026-08-09T16:21:14.472281
U004563,Todd Morris,harry35@example.org,2025-11-11,user_export_2026.csv,2026-08-09T16:21:14.472460
U004564,Patrick Guerra,meyerjulie@example.net,2020-10-24,user_export_2026.csv,2026-08-09T16:21:14.472705
U004565,Ellen Myers,chavezdaniel@example.org,2026-05-14,user_export_2026.csv,2026-08-09T16:21:14.472992
U004566,Chris Garrett,marksaunders@example.org,2020-06-10,user_export_2026.csv,2026-08-09T16:21:14.473245
U004567,Kayla Watson,nsmith@example.net,2023-01-04,user_export_2026.csv,2026-08-09T16:21:14.473448
U004568,Matthew Allen,jessicadawson@example.org,2026-01-28,user_export_2026.csv,2026-08-09T16:21:14.473748
U004569,Sophia Morse,sabrina31@example.com,2020-03-07,user_export_2026.csv,2026-08-09T16:21:14.473979
U004570,Margaret Jones,aguirreamanda@example.com,2020-06-03,user_export_2026.csv,2026-08-09T16:21:14.474239
U004571,Deborah Meadows,erinreid@example.com,2022-07-30,user_export_2026.csv,2026-08-09T16:21:14.474494
U004572,Kimberly Norris,brandon21@example.org,2022-10-24,user_export_2026.csv,2026-08-09T16:21:14.474678
U004573,Joseph Perez,travisbentley@example.net,2021-06-16,user_export_2026.csv,2026-08-09T16:21:14.474960
U004574,Kelly Shaw,choilinda@example.net,2025-09-28,user_export_2026.csv,2026-08-09T16:21:14.475228
U004575,Scott Martin,dcooper@example.net,2020-12-10,user_export_2026.csv,2026-08-09T16:21:14.475426
U004576,Nicole Graham,erinward@example.com,2026-02-13,user_export_2026.csv,2026-08-09T16:21:14.475670
U004577,Douglas Raymond,michelle63@example.net,2020-05-26,user_export_2026.csv,2026-08-09T16:21:14.475849
U004578,Joseph Patel,kaitlyngay@example.net,2024-01-02,user_export_2026.csv,2026-08-09T16:21:14.476141
U004579,Eric Adkins,danielleharris@example.org,2026-02-06,user_export_2026.csv,2026-08-09T16:21:14.476386
U004580,John Fox,angelarivera@example.org,2022-03-13,user_export_2026.csv,2026-08-09T16:21:14.476707
U004581,Jacob Spencer,williamruiz@example.org,2022-02-03,user_export_2026.csv,2026-08-09T16:21:14.477002
U004582,    ,ierickson@example.org,09/17/2020,user_export_2026.csv,2026-08-09T16:21:14.477223
U004583,Tracy Evans,qmiller@example.org,2021-09-06,user_export_2026.csv,2026-08-09T16:21:14.477423
U004584,John Clark,jenniferprice@example.com,2024-11-22,user_export_2026.csv,2026-08-09T16:21:14.477722
U004585,Ashley Waters,randydavis@example.net,2021-09-22,user_export_2026.csv,2026-08-09T16:21:14.478016
U004586,Ryan Joseph,scottstephanie@example.org,2025-10-15,user_export_2026.csv,2026-08-09T16:21:14.478271
U004587,Robert Smith,smiller@example.com,2020-06-05,user_export_2026.csv,2026-08-09T16:21:14.478470
U004588,Richard Harper,michael74@example.com,2025-11-17,user_export_2026.csv,2026-08-09T16:21:14.478649
U004589,Cindy Larson,hdavis@example.net,2024-02-19,user_export_2026.csv,2026-08-09T16:21:14.478851
U004590,Cristina Cardenas,kristen72@example.net,2024-01-16,user_export_2026.csv,2026-08-09T16:21:14.479080
U004591,Luis Johnson,bradyjulie@example.net,2023-09-21,user_export_2026.csv,2026-08-09T16:21:14.479328
U004592,Edward Greene,tdiaz@example.net,2020-05-05,user_export_2026.csv,2026-08-09T16:21:14.479527
U004593,Robin Love,grossalexandra@example.org,2026-01-28,user_export_2026.csv,2026-08-09T16:21:14.479772
U004594,Karen Powell,darrellarmstrong@example.org,2024-03-14,user_export_2026.csv,2026-08-09T16:21:14.480067
U004595,Mr. Jesus Levine II,travisroberts@example.org,2025-11-14,user_export_2026.csv,2026-08-09T16:21:14.480328
U004596,Christine Wilson,jacobpitts@example.com,2022-03-14,user_export_2026.csv,2026-08-09T16:21:14.480574
U004597,Andrew Hobbs,robertsjamie@example.org,2023-04-19,user_export_2026.csv,2026-08-09T16:21:14.480815
U004598,Dr. Sherry Humphrey,laurenpeters@example.com,2021-06-29,user_export_2026.csv,2026-08-09T16:21:14.481125
U004599,Nathan Crawford,stevensjeffrey@example.com,2023-01-07,user_export_2026.csv,2026-08-09T16:21:14.481372
U004600,Zachary Farmer,rsmith@example.com,2022-06-29,user_export_2026.csv,2026-08-09T16:21:14.481621
U004601,Mitchell Martin,davidrasmussen@example.net,2026-06-03,user_export_2026.csv,2026-08-09T16:21:14.481873
U004602,Beth Carpenter,michelegordon@example.net,2021-11-04,user_export_2026.csv,2026-08-09T16:21:14.482173
U004603,Justin Green,qanderson@example.net,2023-09-04,user_export_2026.csv,2026-08-09T16:21:14.482421
U004604,Linda Gonzalez,escobarjennifer@example.com,2025-06-02,user_export_2026.csv,2026-08-09T16:21:14.482670
U004605,Yvette Jordan,eileenjohnson@example.com,2024-05-12,user_export_2026.csv,2026-08-09T16:21:14.482916
U004606,Vincent Johnson,amy31@example.org,2024-07-11,user_export_2026.csv,2026-08-09T16:21:14.483216
U004607,Matthew Baker,adriana49@example.net,2022-06-29,user_export_2026.csv,2026-08-09T16:21:14.483401
U004608,Vincent Barrett,jbell@example.com,2024-02-24,user_export_2026.csv,2026-08-09T16:21:14.483600
U004609,  Allen Price  ,taylorfleming@example.com,21/05/2024,user_export_2026.csv,2026-08-09T16:21:14.483844
U004610,Alicia Hansen,kristinaking@example.net,2022-12-12,user_export_2026.csv,2026-08-09T16:21:14.484145
U004611,Michael Barber,sara85@example.net,2026-04-07,user_export_2026.csv,2026-08-09T16:21:14.484330
U004612,Carol Dean,mberry@example.org,2025-06-20,user_export_2026.csv,2026-08-09T16:21:14.484530
U004613,Samuel Lee,frogers@example.org,2022-12-07,user_export_2026.csv,2026-08-09T16:21:14.484731
U004614,Joel Stone MD,ashley58@example.com,2021-05-06,user_export_2026.csv,2026-08-09T16:21:14.484915
U004615,Roy Parker,mscott@example.org,2026-06-21,user_export_2026.csv,2026-08-09T16:21:14.485162
U004616,  Connie Cervantes  ,choidenise@example.com,2021-11-06,user_export_2026.csv,2026-08-09T16:21:14.485410
U004617,Richard Wyatt,jameslawson@example.net,2022-08-24,user_export_2026.csv,2026-08-09T16:21:14.485708
U004618,Sarah Wilson,invalid-email,2024-01-31,user_export_2026.csv,2026-08-09T16:21:14.485830
U004619,Amanda Jones,chelseacook@example.net,2023-08-25,user_export_2026.csv,2026-08-09T16:21:14.486123
U004620,Elizabeth White,robertking@example.net,2023-09-04,user_export_2026.csv,2026-08-09T16:21:14.486371
U004621,Benjamin Haney,millermichelle@example.net,2021-12-11,user_export_2026.csv,2026-08-09T16:21:14.486614
U004622,Anne Peck,margaret90@example.com,2024-09-14,user_export_2026.csv,2026-08-09T16:21:14.486795
U004623,Veronica Hopkins,cooperrebecca@example.org,2025-11-18,user_export_2026.csv,2026-08-09T16:21:14.487086
U004624,  Tammy James  ,omurray@example.com,2020/03/06,user_export_2026.csv,2026-08-09T16:21:14.487296
U004625,William Silva,zwilson@example.org,2021-03-22,user_export_2026.csv,2026-08-09T16:21:14.487495
U004626,Judith Reynolds,emilybrown@example.net,2020-12-22,user_export_2026.csv,2026-08-09T16:21:14.487739
U004627,Latoya Gonzales,paulapruitt@example.net,2021/05/14,user_export_2026.csv,2026-08-09T16:21:14.488032
U004628,Mrs. Sarah Brewer,robyn79@example.org,2021-06-23,user_export_2026.csv,2026-08-09T16:21:14.488228
U004629,Shawn Owens,invalid-email,2024-01-18,user_export_2026.csv,2026-08-09T16:21:14.488344
U004630,Michael Parker,basssteven@example.com,2025-11-27,user_export_2026.csv,2026-08-09T16:21:14.488585
U004631,Robert Cross,lsmith@example.com,2024-07-05,user_export_2026.csv,2026-08-09T16:21:14.488782
U004632,Jennifer Arnold,cwebster@example.net,2023-09-17,user_export_2026.csv,2026-08-09T16:21:14.489024
U004633,Larry Gonzalez,vincent79@example.com,2024-10-19,user_export_2026.csv,2026-08-09T16:21:14.489213
U004634,Tiffany Moon,fhill@example.org,2026-07-18,user_export_2026.csv,2026-08-09T16:21:14.489414
U004635,Curtis Burns,zbarrett@example.com,2025-01-16,user_export_2026.csv,2026-08-09T16:21:14.489664
U004636,Rhonda Lindsey,april66@example.net,2021-11-17,user_export_2026.csv,2026-08-09T16:21:14.489851
U004637,Kevin Baker,wgarner@example.com,2025-09-20,user_export_2026.csv,2026-08-09T16:21:14.490096
U004638,Rhonda Allen,umeadows@example.net,2023-02-19,user_export_2026.csv,2026-08-09T16:21:14.490300
U004639,Mark King,john72@example.net,2026-08-06,user_export_2026.csv,2026-08-09T16:21:14.490479
U004640,Kristin Nelson,oedwards@example.net,2023-07-23,user_export_2026.csv,2026-08-09T16:21:14.490680
U004641,Faith Johnson,wballard@example.com,2023-03-25,user_export_2026.csv,2026-08-09T16:21:14.490876
U004642,Teresa Mejia,xwarren@example.org,2021-05-01,user_export_2026.csv,2026-08-09T16:21:14.491125
U004643,Christina Ferguson,lcarpenter@example.net,2024-10-19,user_export_2026.csv,2026-08-09T16:21:14.491330
U004644,Danielle Burke,invalid-email,2020-01-26,user_export_2026.csv,2026-08-09T16:21:14.491458
U004645,Patrick Williams,invalid-email,2023-06-10,user_export_2026.csv,2026-08-09T16:21:14.491574
U004646,Roberta Johnson,stephenbrown@example.com,2022-08-08,user_export_2026.csv,2026-08-09T16:21:14.491818
U004647,Aaron Hobbs,gregorymayo@example.com,19/04/2021,user_export_2026.csv,2026-08-09T16:21:14.492109
U002784,Emily Williams,rickblack@example.net,2024/10/09,user_export_2026.csv,2026-08-09T16:21:14.492360
U004649,Kevin Harris,sandra74@example.net,2023-03-10,user_export_2026.csv,2026-08-09T16:21:14.492540
U004650,Michael Cuevas,vshields@example.org,2024-04-18,user_export_2026.csv,2026-08-09T16:21:14.492738
U004651,Samuel Lynn,ygonzalez@example.net,2025-07-02,user_export_2026.csv,2026-08-09T16:21:14.492978
U004652,Deborah Rogers,kimberlyerickson@example.net,2022-06-28,user_export_2026.csv,2026-08-09T16:21:14.493237
U004653,Robert Brown,smithcourtney@example.com,2024-12-11,user_export_2026.csv,2026-08-09T16:21:14.493481
U004654,Robert Rodriguez,danny48@example.com,2024-08-19,user_export_2026.csv,2026-08-09T16:21:14.493717
U004655,Julia Knight,invalid-email,2024-02-09,user_export_2026.csv,2026-08-09T16:21:14.493838
U004656,Joseph Forbes,simmonsjoseph@example.org,2021-11-17,user_export_2026.csv,2026-08-09T16:21:14.494129
U004657,Jillian Rios,janice78@example.net,2020-10-12,user_export_2026.csv,2026-08-09T16:21:14.494314
U004658,Glenn Bautista,elizabeth26@example.org,2021-12-09,user_export_2026.csv,2026-08-09T16:21:14.494496
U004659,John Barber,wcook@example.com,2021-03-09,user_export_2026.csv,2026-08-09T16:21:14.494711
U004660,Bradley Mathis,pughcarol@example.org,2020-09-14,user_export_2026.csv,2026-08-09T16:21:14.495014
U004661,Jennifer Davis,ashleyanderson@example.com,2020-01-30,user_export_2026.csv,2026-08-09T16:21:14.495274
U004662,Jack Newman,susan13@example.org,2020-08-29,user_export_2026.csv,2026-08-09T16:21:14.495458
U004663,Dr. Jeremy Cook DDS,invalid-email,2021-01-03,user_export_2026.csv,2026-08-09T16:21:14.495586
U004664,Alexandra Riley,burtonkaren@example.net,2025-06-28,user_export_2026.csv,2026-08-09T16:21:14.495832
U004665,Stephen Cardenas,billy07@example.net,2025-03-12,user_export_2026.csv,2026-08-09T16:21:14.496059
U004666,Joshua Brewer,rschmidt@example.net,2025-04-15,user_export_2026.csv,2026-08-09T16:21:14.496263
U004667,Renee Perez,steven65@example.net,2025-02-10,user_export_2026.csv,2026-08-09T16:21:14.496446
U004668,Michael Parrish,christine72@example.net,2023-12-04,user_export_2026.csv,2026-08-09T16:21:14.496626
U004669,Adam Wilson,gspencer@example.org,2024-01-27,user_export_2026.csv,2026-08-09T16:21:14.496824
U004670,Rachel Lara,john16@example.com,2021-07-09,user_export_2026.csv,2026-08-09T16:21:14.497053
U004671,Erika Weber,stacy40@example.net,2020-05-13,user_export_2026.csv,2026-08-09T16:21:14.497239
U004672,Laura Stewart,andrewforbes@example.net,2025-09-23,user_export_2026.csv,2026-08-09T16:21:14.497523
U004673,Mark Watson,kirkmallory@example.org,2025-01-31,user_export_2026.csv,2026-08-09T16:21:14.497784
U004674,Mario Brown,erik02@example.net,2022-09-14,user_export_2026.csv,2026-08-09T16:21:14.498012
U004675,Mary Morales,jefferychung@example.org,2026-02-28,user_export_2026.csv,2026-08-09T16:21:14.498267
U004676,Heather Brandt,joseph03@example.org,2021-05-10,user_export_2026.csv,2026-08-09T16:21:14.498452
U004677,Marvin Wilson,joshua02@example.net,2025-02-15,user_export_2026.csv,2026-08-09T16:21:14.498629
U004678,Tim Johnson,michelleburton@example.com,2022-06-08,user_export_2026.csv,2026-08-09T16:21:14.498872
U004679,Justin Morse,johnsondavid@example.org,2022-02-01,user_export_2026.csv,2026-08-09T16:21:14.499166
U004680,Kim Lyons,imahoney@example.org,2023-08-27,user_export_2026.csv,2026-08-09T16:21:14.499371
U004681,Shannon Casey,knightrenee@example.org,2026-05-10,user_export_2026.csv,2026-08-09T16:21:14.499652
U004682,Hannah Schmidt,hrobinson@example.com,2024-08-14,user_export_2026.csv,2026-08-09T16:21:14.499855
U004683,Roger Greene,brendafox@example.net,2024-10-15,user_export_2026.csv,2026-08-09T16:21:14.500150
U004684,Ronald Rivera,joel15@example.org,2026-07-24,user_export_2026.csv,2026-08-09T16:21:14.500333
U004685,Katelyn Heath,kathyberg@example.com,13/11/2021,user_export_2026.csv,2026-08-09T16:21:14.500580
U004686,Sarah Matthews,gordonjack@example.com,2026-06-23,user_export_2026.csv,2026-08-09T16:21:14.501054
U004687,John Barnes,rogersmatthew@example.org,2023-08-04,user_export_2026.csv,2026-08-09T16:21:14.501320
U004688,Timothy Martinez,nluna@example.com,2024-09-07,user_export_2026.csv,2026-08-09T16:21:14.501572
U004689,Deborah Shaw,zgarcia@example.com,2025-03-11,user_export_2026.csv,2026-08-09T16:21:14.501782
U004690,Michael Phillips,brenda15@example.net,2022-06-15,user_export_2026.csv,2026-08-09T16:21:14.502014
U004691,Kenneth Pena,richard40@example.org,2022-10-09,user_export_2026.csv,2026-08-09T16:21:14.502206
U004692,Alyssa Cantu,xlarson@example.com,2022-12-05,user_export_2026.csv,2026-08-09T16:21:14.502409
U004693,Lindsay Marsh,michealcook@example.net,2025-08-02,user_export_2026.csv,2026-08-09T16:21:14.502653
U004694,Antonio Sherman,elizabethgriffin@example.com,2022-01-09,user_export_2026.csv,2026-08-09T16:21:14.502895
U004695,Randall Hayes,rpeck@example.com,2026-07-12,user_export_2026.csv,2026-08-09T16:21:14.503156
U004696,Catherine Campbell,martinezwillie@example.org,2021-12-15,user_export_2026.csv,2026-08-09T16:21:14.503407
U004697,Nancy Burnett,timothyharrison@example.org,2023-09-18,user_export_2026.csv,2026-08-09T16:21:14.503655
U004698,Antonio Mitchell,patricia94@example.net,2025-04-03,user_export_2026.csv,2026-08-09T16:21:14.503836
U004699,Laura Mclaughlin,umosley@example.org,2021-04-05,user_export_2026.csv,2026-08-09T16:21:14.504092
U004700,Casey Byrd,kristin71@example.org,2023-08-31,user_export_2026.csv,2026-08-09T16:21:14.504277
U004701,Kevin Cooper,conradkimberly@example.com,2025-10-26,user_export_2026.csv,2026-08-09T16:21:14.504520
U004702,Marcus Moody,yturner@example.org,2021-02-07,user_export_2026.csv,2026-08-09T16:21:14.504723
U004703,Victoria Henry,msanders@example.org,2020-08-10,user_export_2026.csv,2026-08-09T16:21:14.504952
U004704,Ruth Fry,joshuacrawford@example.net,2020-07-01,user_export_2026.csv,2026-08-09T16:21:14.505220
U004705,Amy Campbell,matthew34@example.com,2025-03-22,user_export_2026.csv,2026-08-09T16:21:14.505629
U004706,Victor Barron,sandra21@example.com,2026-05-19,user_export_2026.csv,2026-08-09T16:21:14.506016
U004707,Tina Alvarado MD,wlyons@example.com,2024-03-04,user_export_2026.csv,2026-08-09T16:21:14.506244
U004708,Anthony Hoover,katherine49@example.org,2022-08-27,user_export_2026.csv,2026-08-09T16:21:14.506428
U004709,Jason Robbins,james71@example.com,2020-09-06,user_export_2026.csv,2026-08-09T16:21:14.506608
U004710,Melanie Hansen,claytonrobbins@example.com,2020-06-14,user_export_2026.csv,2026-08-09T16:21:14.506856
U004711,Courtney Hawkins,osbornechristina@example.org,2023-05-22,user_export_2026.csv,2026-08-09T16:21:14.507157
U004712,Mary Fisher,debbie01@example.org,2020-12-01,user_export_2026.csv,2026-08-09T16:21:14.507344
U004713,Richard Arnold,davismike@example.org,2026-06-08,user_export_2026.csv,2026-08-09T16:21:14.507589
U004714,Christopher Mitchell,carrjames@example.net,2023-11-21,user_export_2026.csv,2026-08-09T16:21:14.507831
U004715,Michelle Shepard,lsanchez@example.org,2022-05-10,user_export_2026.csv,2026-08-09T16:21:14.508082
U004716,Aaron Caldwell,amyfields@example.net,2021-01-18,user_export_2026.csv,2026-08-09T16:21:14.508329
U001371,Matthew Crane,allisoncampbell@example.com,31/07/2026,user_export_2026.csv,2026-08-09T16:21:14.508653
U004718,    ,preynolds@example.net,25-09-2025,user_export_2026.csv,2026-08-09T16:21:14.508868
U004719,Shirley Brock,stephenskerry@example.net,2026-06-19,user_export_2026.csv,2026-08-09T16:21:14.509171
U004720,Edward Newton,egraham@example.com,2022-05-11,user_export_2026.csv,2026-08-09T16:21:14.509375
U004721,Robert Parker,scottdeborah@example.org,2021-04-16,user_export_2026.csv,2026-08-09T16:21:14.509673
U004722,Pamela Gill,invalid-email,2021-09-10,user_export_2026.csv,2026-08-09T16:21:14.509797
U004723,Jessica Allen,april87@example.com,2021-10-06,user_export_2026.csv,2026-08-09T16:21:14.510024
U004724,  Elizabeth Lynch  ,larryfox@example.net,26-03-2025,user_export_2026.csv,2026-08-09T16:21:14.510281
U004725,Timothy Scott,tonyacarroll@example.net,2020-12-31,user_export_2026.csv,2026-08-09T16:21:14.510526
U004726,,ppowell@example.org,2020-06-20,user_export_2026.csv,2026-08-09T16:21:14.510725
U002809,  Douglas David  ,lsparks@example.org,27-11-2024,user_export_2026.csv,2026-08-09T16:21:14.510952
U004728,Teresa Trujillo,kathy96@example.com,2020-05-31,user_export_2026.csv,2026-08-09T16:21:14.511156
U004729,Zachary Stone,stanleyamanda@example.org,2024-04-06,user_export_2026.csv,2026-08-09T16:21:14.511400
U004730,Rachel Sanchez,josephcastro@example.org,2022-01-02,user_export_2026.csv,2026-08-09T16:21:14.511645
U004731,Anthony Mcdonald,toddgrant@example.com,2023-05-19,user_export_2026.csv,2026-08-09T16:21:14.511887
U004732,James Joseph,xaviervasquez@example.com,2023-03-01,user_export_2026.csv,2026-08-09T16:21:14.512178
U004733,Virginia Stuart,dmason@example.com,2020-04-03,user_export_2026.csv,2026-08-09T16:21:14.512384
U004734,Erin Cruz,emma76@example.net,2025-11-19,user_export_2026.csv,2026-08-09T16:21:14.512567
U004735,Sydney Pollard,jshaw@example.net,2020-02-05,user_export_2026.csv,2026-08-09T16:21:14.512768
U004736,Stephen Rogers,sabrinawalsh@example.com,2021-07-05,user_export_2026.csv,2026-08-09T16:21:14.513060
U004737,Debbie Scott,jason63@example.org,2021-06-11,user_export_2026.csv,2026-08-09T16:21:14.513249
U004738,,qkelly@example.com,12/04/2023,user_export_2026.csv,2026-08-09T16:21:14.513451
U004739,Antonio Hernandez,dramos@example.net,2022/05/29,user_export_2026.csv,2026-08-09T16:21:14.513715
U004740,Jacob Williams,christopher91@example.net,2025-07-26,user_export_2026.csv,2026-08-09T16:21:14.513910
U004741,Hannah Raymond,ballardrobert@example.net,2022-07-26,user_export_2026.csv,2026-08-09T16:21:14.514210
U004742,Danny Koch,brandon14@example.org,2023-02-02,user_export_2026.csv,2026-08-09T16:21:14.514393
U004743,Sandra Mckinney,anolan@example.net,2026-03-01,user_export_2026.csv,2026-08-09T16:21:14.514594
U004744,Charlotte Burns DDS,chandavid@example.org,2023-06-11,user_export_2026.csv,2026-08-09T16:21:14.514850
U004745,April Williams,doyletravis@example.org,2020-04-20,user_export_2026.csv,2026-08-09T16:21:14.515147
U004746,Cameron Miller,michael49@example.com,2021-10-01,user_export_2026.csv,2026-08-09T16:21:14.515332
U004747,  Kyle Cook  ,thomaswarner@example.com,2024/01/22,user_export_2026.csv,2026-08-09T16:21:14.515577
U004748,Jessica Bernard,jason83@example.org,2020-09-04,user_export_2026.csv,2026-08-09T16:21:14.515758
U004749,Sean Burton,vdennis@example.net,2024-12-19,user_export_2026.csv,2026-08-09T16:21:14.516017
U004750,Daniel Patterson,larsoneric@example.org,2024-11-01,user_export_2026.csv,2026-08-09T16:21:14.516277
U004751,Joshua Bryant,linda37@example.org,2024-08-15,user_export_2026.csv,2026-08-09T16:21:14.516457
U004752,Jeremy Levy,bradleysanchez@example.net,2023-02-26,user_export_2026.csv,2026-08-09T16:21:14.516698
U004753,Douglas Marsh,robertjenkins@example.com,2021-03-14,user_export_2026.csv,2026-08-09T16:21:14.516981
U004754,Casey Harris,strongtammy@example.com,2021-10-11,user_export_2026.csv,2026-08-09T16:21:14.517238
U004755,Jennifer Thomas,vnguyen@example.org,2020-02-01,user_export_2026.csv,2026-08-09T16:21:14.517440
U004756,Todd Shannon,richardsnow@example.net,2023-03-15,user_export_2026.csv,2026-08-09T16:21:14.517759
U000138,Jesse Edwards,smithsusan@example.net,07/19/2024,user_export_2026.csv,2026-08-09T16:21:14.518057
U004758,Sylvia Leblanc,lwilliams@example.org,2024-09-29,user_export_2026.csv,2026-08-09T16:21:14.518265
U004759,Tyler Barton,christophermills@example.com,2020-09-22,user_export_2026.csv,2026-08-09T16:21:14.518546
U004760,Michael Harris,teresadiaz@example.org,2023-11-26,user_export_2026.csv,2026-08-09T16:21:14.518790
U004761,Crystal Horton,alvingrimes@example.com,2021-12-07,user_export_2026.csv,2026-08-09T16:21:14.519089
U004762,Morgan Haynes,pittsrobert@example.com,2021-03-11,user_export_2026.csv,2026-08-09T16:21:14.519340
U004763,Stephanie Perkins,dustinrodriguez@example.net,2025-03-06,user_export_2026.csv,2026-08-09T16:21:14.519586
U004764,Charles Thompson,robert85@example.net,2026-03-23,user_export_2026.csv,2026-08-09T16:21:14.519767
U004212,    ,thomasaustin@example.org,2024/08/16,user_export_2026.csv,2026-08-09T16:21:14.520063
U004766,Marissa Brown,amy05@example.org,2021-01-03,user_export_2026.csv,2026-08-09T16:21:14.520253
U004767,Daniel Mitchell,jennifer36@example.org,2020-06-23,user_export_2026.csv,2026-08-09T16:21:14.520434
U004768,Abigail Olson,holly37@example.net,2024-02-09,user_export_2026.csv,2026-08-09T16:21:14.520616
U004769,April Weiss,david43@example.com,2020-05-04,user_export_2026.csv,2026-08-09T16:21:14.520795
U004770,Amanda Lucas,hartmanalex@example.net,2023-11-04,user_export_2026.csv,2026-08-09T16:21:14.521266
U004771,Antonio Fuentes,jane92@example.net,2022-03-11,user_export_2026.csv,2026-08-09T16:21:14.521460
U004772,Sandra Walker,samanthaburton@example.net,2021-02-20,user_export_2026.csv,2026-08-09T16:21:14.521766
U004773,Anna May,oscar17@example.com,2022-07-27,user_export_2026.csv,2026-08-09T16:21:14.521997
U004774,Jaime Gomez,snyderjodi@example.net,2023-03-24,user_export_2026.csv,2026-08-09T16:21:14.522255
U004775,Cynthia Gallagher,pollardgina@example.net,2023-02-02,user_export_2026.csv,2026-08-09T16:21:14.522513
U004776,Roger Miller,jobrien@example.org,2024-06-28,user_export_2026.csv,2026-08-09T16:21:14.522723
U004777,Matthew Freeman,wandabennett@example.net,2020-04-11,user_export_2026.csv,2026-08-09T16:21:14.523026
U004778,  Mr. Micheal Scott V  ,tbell@example.net,12/26/2023,user_export_2026.csv,2026-08-09T16:21:14.523250
U004779,Willie Kelly,tiffanycook@example.org,2020-05-01,user_export_2026.csv,2026-08-09T16:21:14.523494
U004780,Isabella Smith,yphelps@example.com,2023-09-29,user_export_2026.csv,2026-08-09T16:21:14.523696
U004781,Dean White,harrisonnicole@example.com,2022-03-31,user_export_2026.csv,2026-08-09T16:21:14.523980
U004782,Matthew Griffith,qrodriguez@example.org,2024-12-05,user_export_2026.csv,2026-08-09T16:21:14.524192
U004783,Peter Spence,efrench@example.org,2024-05-31,user_export_2026.csv,2026-08-09T16:21:14.524391
U004784,Kayla Grimes,johnsoncatherine@example.org,2023-12-17,user_export_2026.csv,2026-08-09T16:21:14.524638
U004785,Aaron Banks,megan08@example.org,2021-07-20,user_export_2026.csv,2026-08-09T16:21:14.524836
U004786,Amber Brennan,victorsullivan@example.org,2020-05-11,user_export_2026.csv,2026-08-09T16:21:14.525132
U004787,  Haley Anthony  ,fmarshall@example.com,2023/09/15,user_export_2026.csv,2026-08-09T16:21:14.525338
U003661,  Angela Lambert  ,yanderson@example.net,24/05/2021,user_export_2026.csv,2026-08-09T16:21:14.525590
U004789,Tyler Garcia,ronald96@example.com,2022-08-24,user_export_2026.csv,2026-08-09T16:21:14.525780
U004790,Victor Cole,suzanne56@example.net,2020-10-05,user_export_2026.csv,2026-08-09T16:21:14.526004
U004791,Melissa Mooney,edwardgomez@example.org,2023-01-09,user_export_2026.csv,2026-08-09T16:21:14.526261
U004792,Isabella Allen,urobles@example.net,2020-09-26,user_export_2026.csv,2026-08-09T16:21:14.526462
U004793,Lisa Bell,crawforddaniel@example.com,2022-11-12,user_export_2026.csv,2026-08-09T16:21:14.526707
U004794,Sherry Sharp,mfowler@example.com,2023-05-04,user_export_2026.csv,2026-08-09T16:21:14.526980
U004795,Kristen Simon,qacosta@example.net,2025-07-28,user_export_2026.csv,2026-08-09T16:21:14.527189
U004796,William Porter,nathanielmercer@example.net,2025-12-07,user_export_2026.csv,2026-08-09T16:21:14.527434
U004797,Theresa Pena,javier35@example.com,2020-09-23,user_export_2026.csv,2026-08-09T16:21:14.527616
U004798,Leslie Walton,michaelmejia@example.org,2021-05-07,user_export_2026.csv,2026-08-09T16:21:14.527860
U004799,Amy James,ronald91@example.org,2026-03-29,user_export_2026.csv,2026-08-09T16:21:14.528089
U004800,John Ray,khayden@example.org,2024-04-13,user_export_2026.csv,2026-08-09T16:21:14.528293
U004801,David Johnson,sanchezangela@example.net,2025-06-09,user_export_2026.csv,2026-08-09T16:21:14.528536
U004802,Frank Long,invalid-email,2025-05-19,user_export_2026.csv,2026-08-09T16:21:14.528651
U004803,Robert Cummings,pbrooks@example.com,2021-12-14,user_export_2026.csv,2026-08-09T16:21:14.528846
U004804,Cassandra Norris,tayloremma@example.net,2022-05-13,user_export_2026.csv,2026-08-09T16:21:14.529140
U004805,Dawn Gordon,lopezeric@example.net,2023-03-30,user_export_2026.csv,2026-08-09T16:21:14.529389
U004806,Leah Roberts,david39@example.org,2025-01-01,user_export_2026.csv,2026-08-09T16:21:14.529626
U004807,Brenda Walker,gnewman@example.com,2022-12-17,user_export_2026.csv,2026-08-09T16:21:14.529832
U004808,Timothy Mcguire,gina75@example.net,2021-07-25,user_export_2026.csv,2026-08-09T16:21:14.530062
U004809,  Emily Sanford  ,xhardy@example.net,23-01-2026,user_export_2026.csv,2026-08-09T16:21:14.530267
U004810,Eric Jones,elizabethlewis@example.net,2020-04-22,user_export_2026.csv,2026-08-09T16:21:14.530512
U004811,Gregory Shaw,jonesmark@example.com,2022-11-28,user_export_2026.csv,2026-08-09T16:21:14.530756
U004812,  Kevin Yoder  ,nmoore@example.com,08-12-2020,user_export_2026.csv,2026-08-09T16:21:14.531019
U004813,Morgan Lopez,shannon56@example.org,2025-10-02,user_export_2026.csv,2026-08-09T16:21:14.531217
U004814,Dawn Gonzalez,russellnicholas@example.com,2026-07-22,user_export_2026.csv,2026-08-09T16:21:14.531465
U004815,Renee Medina,allen94@example.org,2021-04-03,user_export_2026.csv,2026-08-09T16:21:14.531645
U004816,,laurie01@example.org,2025/08/24,user_export_2026.csv,2026-08-09T16:21:14.531827
U004817,Scott Chan,mgreen@example.com,2020-10-16,user_export_2026.csv,2026-08-09T16:21:14.532074
U004818,Kevin Wilson,rodriguezalicia@example.org,2022-12-01,user_export_2026.csv,2026-08-09T16:21:14.532322
U004819,Sherry Mendez,lewiseric@example.net,2021-05-07,user_export_2026.csv,2026-08-09T16:21:14.532569
U004820,Jacqueline Maddox,jason48@example.net,2023-12-29,user_export_2026.csv,2026-08-09T16:21:14.532751
U004821,Brandon Moran,wyattkevin@example.com,2022-08-12,user_export_2026.csv,2026-08-09T16:21:14.533041
U004822,Marvin Harrell,rmitchell@example.org,2025-09-07,user_export_2026.csv,2026-08-09T16:21:14.533247
U004823,Eric Everett,justin20@example.org,2026-01-17,user_export_2026.csv,2026-08-09T16:21:14.533428
U004824,Sandra Peterson,laura92@example.org,2022-11-28,user_export_2026.csv,2026-08-09T16:21:14.533686
U004825,Laura Smith,potterjohn@example.com,2023-08-04,user_export_2026.csv,2026-08-09T16:21:14.533983
U004826,James Gentry,marissa47@example.net,2022-01-06,user_export_2026.csv,2026-08-09T16:21:14.534175
U004827,Matthew Butler,sarafox@example.org,2020-12-14,user_export_2026.csv,2026-08-09T16:21:14.534419
U004828,Kenneth Ayala,myersmatthew@example.org,2020-12-10,user_export_2026.csv,2026-08-09T16:21:14.534661
U004829,Phillip Miller,aaronjackson@example.com,2025-08-08,user_export_2026.csv,2026-08-09T16:21:14.534908
U004830,Katherine Ross,mrobertson@example.com,2021-11-08,user_export_2026.csv,2026-08-09T16:21:14.535157
U004831,Matthew Miller,joseph33@example.net,2025-08-29,user_export_2026.csv,2026-08-09T16:21:14.535340
U004832,James Simon,taylormatthew@example.net,2024-05-25,user_export_2026.csv,2026-08-09T16:21:14.535628
U004833,Andrea Conway,andrea79@example.org,2025-05-08,user_export_2026.csv,2026-08-09T16:21:14.536036
U004834,Monica Dunn,padillagregory@example.com,2020-06-25,user_export_2026.csv,2026-08-09T16:21:14.536540
U004835,Carolyn Olsen,daycurtis@example.com,2021-04-27,user_export_2026.csv,2026-08-09T16:21:14.536828
U004836,Kevin Lawson,robertsjustin@example.org,2026-07-07,user_export_2026.csv,2026-08-09T16:21:14.537128
U004837,Jose Cox,lvalenzuela@example.org,2020-06-29,user_export_2026.csv,2026-08-09T16:21:14.537376
U004838,Diane Jackson,eric12@example.net,2022-10-13,user_export_2026.csv,2026-08-09T16:21:14.537618
U004839,Jerry Wu,brettbarrera@example.net,2026-03-15,user_export_2026.csv,2026-08-09T16:21:14.537870
U004840,Eric Montgomery,npowell@example.com,2024-03-25,user_export_2026.csv,2026-08-09T16:21:14.538127
U004841,Melissa Thomas,sheilagreene@example.org,2025-02-28,user_export_2026.csv,2026-08-09T16:21:14.538379
U004842,Joyce Barnett,gentrylarry@example.com,2024-06-18,user_export_2026.csv,2026-08-09T16:21:14.538626
U004843,Laura Ferrell,james21@example.net,2024-09-23,user_export_2026.csv,2026-08-09T16:21:14.538808
U004844,Stephanie Garcia,holmesnicole@example.org,2024-03-21,user_export_2026.csv,2026-08-09T16:21:14.539102
U004845,James Rich,paigeyoung@example.org,2022-12-20,user_export_2026.csv,2026-08-09T16:21:14.539351
U004846,Taylor Dudley,dylanbarber@example.net,2022-12-24,user_export_2026.csv,2026-08-09T16:21:14.539596
U004847,Jennifer Bender,obass@example.org,2020-09-22,user_export_2026.csv,2026-08-09T16:21:14.539796
U004848,Mrs. Whitney Edwards DVM,erik86@example.com,2023-10-16,user_export_2026.csv,2026-08-09T16:21:14.540144
U002912,Robin Wells,collinsdennis@example.net,23/07/2024,user_export_2026.csv,2026-08-09T16:21:14.540653
U004850,Willie Peck,bbowman@example.net,2026-06-08,user_export_2026.csv,2026-08-09T16:21:14.541105
U004851,John Williams,itucker@example.org,2022-12-25,user_export_2026.csv,2026-08-09T16:21:14.541328
U004852,Matthew White,megan00@example.org,2025-08-17,user_export_2026.csv,2026-08-09T16:21:14.541563
U004853,Melissa Khan,invalid-email,2024-11-20,user_export_2026.csv,2026-08-09T16:21:14.541694
U004854,Benjamin Watts,jlevy@example.com,2025-05-18,user_export_2026.csv,2026-08-09T16:21:14.541895
U004855,Regina Taylor,ian54@example.org,2025-11-29,user_export_2026.csv,2026-08-09T16:21:14.542133
U004856,Robert Zhang,brittneywashington@example.com,2024-10-06,user_export_2026.csv,2026-08-09T16:21:14.542383
U004857,,beverlyflores@example.org,2021/04/07,user_export_2026.csv,2026-08-09T16:21:14.542632
U004858,Matthew Ballard,lauradixon@example.org,2021-10-30,user_export_2026.csv,2026-08-09T16:21:14.542876
U004859,Maria Cordova,kimberlystevens@example.net,2024-07-26,user_export_2026.csv,2026-08-09T16:21:14.543190
U004860,Alex Wilkerson,hilldebra@example.org,31-10-2023,user_export_2026.csv,2026-08-09T16:21:14.543440
U004861,Thomas Mejia,christianmendez@example.com,2023-09-23,user_export_2026.csv,2026-08-09T16:21:14.543685
U004862,Andrea Miller,lmaldonado@example.org,2023-05-22,user_export_2026.csv,2026-08-09T16:21:14.543888
U004863,Marilyn Flores,jasmine05@example.org,2021-02-02,user_export_2026.csv,2026-08-09T16:21:14.544124
U004864,Victoria Barajas,simpsonnicholas@example.net,2022-03-02,user_export_2026.csv,2026-08-09T16:21:14.544375
U004865,Tamara Barrera,donna99@example.com,2026-05-12,user_export_2026.csv,2026-08-09T16:21:14.544557
U004866,Gregory Gray,abush@example.org,2025-04-09,user_export_2026.csv,2026-08-09T16:21:14.544761
U004867,Cynthia Michael,rhonda51@example.net,2020-09-24,user_export_2026.csv,2026-08-09T16:21:14.544984
U004868,Dawn Ramirez,joshua22@example.com,2022-11-25,user_export_2026.csv,2026-08-09T16:21:14.545176
U004869,Gabrielle Gonzalez,jeannewton@example.net,2026-02-16,user_export_2026.csv,2026-08-09T16:21:14.545432
U004870,Edward Perkins,donnagomez@example.net,2020-01-12,user_export_2026.csv,2026-08-09T16:21:14.545736
U004871,Sydney Johnson,vjimenez@example.org,2026-03-07,user_export_2026.csv,2026-08-09T16:21:14.545983
U004872,Vanessa Roman,wperez@example.com,2024-12-18,user_export_2026.csv,2026-08-09T16:21:14.546192
U004873,Alexandra Castaneda,kingtravis@example.com,2021-03-04,user_export_2026.csv,2026-08-09T16:21:14.546438
U004874,Susan Taylor,dennis78@example.com,2022-01-26,user_export_2026.csv,2026-08-09T16:21:14.546621
U004875,Tina Kaiser,nicolemckenzie@example.org,2022-12-21,user_export_2026.csv,2026-08-09T16:21:14.546866
U004876,Roger Rodriguez,alexanderolivia@example.net,2026-01-14,user_export_2026.csv,2026-08-09T16:21:14.547159
U004877,Martha Hudson,michaelvalencia@example.net,2026-07-10,user_export_2026.csv,2026-08-09T16:21:14.547408
U004878,Michael Curry,stephaniewilson@example.org,2024-12-08,user_export_2026.csv,2026-08-09T16:21:14.547652
U004879,Evan Perkins,katherinejimenez@example.org,2026-05-12,user_export_2026.csv,2026-08-09T16:21:14.547894
U004880,Eric Skinner,johntravis@example.org,2021-01-04,user_export_2026.csv,2026-08-09T16:21:14.548185
U004881,Kathy Martin MD,vdennis@example.net,2023-07-08,user_export_2026.csv,2026-08-09T16:21:14.548395
U004882,Megan Johnson,invalid-email,2021-05-23,user_export_2026.csv,2026-08-09T16:21:14.548514
U004883,Timothy Davis,sanchezrobert@example.net,2022-01-09,user_export_2026.csv,2026-08-09T16:21:14.548755
U004884,  Michelle Byrd  ,andersonvincent@example.com,2024-04-11,user_export_2026.csv,2026-08-09T16:21:14.549046
U000287,    ,hwilliams@example.com,03/24/2026,user_export_2026.csv,2026-08-09T16:21:14.549256
U004886,Amy Walters,ppatel@example.net,2021-05-30,user_export_2026.csv,2026-08-09T16:21:14.549456
U004887,  Peter Campbell  ,aatkins@example.org,04/01/2024,user_export_2026.csv,2026-08-09T16:21:14.549708
U004888,Tonya Ramirez,elizabeth43@example.net,2023/05/08,user_export_2026.csv,2026-08-09T16:21:14.549895
U004889,Eric Garcia,invalid-email,2024-03-21,user_export_2026.csv,2026-08-09T16:21:14.550056
U004890,Austin Williams,phillipsrandall@example.org,2023-01-27,user_export_2026.csv,2026-08-09T16:21:14.550307
U004891,Eduardo Gonzalez,matthewcook@example.net,2026-03-30,user_export_2026.csv,2026-08-09T16:21:14.550550
U004892,Eric Williams,jwolf@example.net,2024-08-08,user_export_2026.csv,2026-08-09T16:21:14.550746
U004893,    ,invalid-email,26/06/2023,user_export_2026.csv,2026-08-09T16:21:14.550867
U004894,Paul Cowan,fanderson@example.com,2023-10-24,user_export_2026.csv,2026-08-09T16:21:14.551110
U004895,Richard Page,invalid-email,2025-01-19,user_export_2026.csv,2026-08-09T16:21:14.551229
U004896,Lindsay Blake,despinoza@example.com,2023-07-30,user_export_2026.csv,2026-08-09T16:21:14.551430
U004897,Nicolas Hardin,robinsontimothy@example.net,2025-09-05,user_export_2026.csv,2026-08-09T16:21:14.551673
U004898,Richard Obrien,invalid-email,2021-06-19,user_export_2026.csv,2026-08-09T16:21:14.551788
U004899,Wesley Walker,zday@example.org,2022-11-23,user_export_2026.csv,2026-08-09T16:21:14.552027
U004900,Jonathon Walker,michael94@example.com,2021-06-19,user_export_2026.csv,2026-08-09T16:21:14.552214
U004901,Jonathan Noble,brewerkristy@example.net,2024-09-11,user_export_2026.csv,2026-08-09T16:21:14.552459
U004902,Brian Peters,jimenezterri@example.net,2021-03-20,user_export_2026.csv,2026-08-09T16:21:14.552702
U004903,Eric Byrd,conniepope@example.com,2023-11-22,user_export_2026.csv,2026-08-09T16:21:14.552983
U004904,Renee Hicks,rebeccarodriguez@example.net,2024-10-08,user_export_2026.csv,2026-08-09T16:21:14.553239
U004905,Cynthia Myers,antoniolester@example.com,2021-12-17,user_export_2026.csv,2026-08-09T16:21:14.553483
U004906,Pamela Silva,kmiller@example.com,2025-01-25,user_export_2026.csv,2026-08-09T16:21:14.553738
U004907,Tony Perez,melanie70@example.org,2025-04-25,user_export_2026.csv,2026-08-09T16:21:14.553948
U004908,Nancy Stuart,saundersjames@example.net,2023-07-18,user_export_2026.csv,2026-08-09T16:21:14.554215
U004909,Charlene Mcdaniel,michael55@example.org,2021-02-28,user_export_2026.csv,2026-08-09T16:21:14.554399
U004910,Debra Giles,colesheila@example.net,23/08/2025,user_export_2026.csv,2026-08-09T16:21:14.554647
U004911,Megan Bryant,dawnmerritt@example.org,2020-09-02,user_export_2026.csv,2026-08-09T16:21:14.555091
U004912,Rebecca Farmer,yangstanley@example.org,2026/08/08,user_export_2026.csv,2026-08-09T16:21:14.555359
U004913,Alexa Ramirez,troy11@example.org,2026-04-07,user_export_2026.csv,2026-08-09T16:21:14.555545
U004914,Brian Wallace,amedina@example.com,2021-12-09,user_export_2026.csv,2026-08-09T16:21:14.555746
U004915,Stephen Cisneros,andrea67@example.org,2024-01-07,user_export_2026.csv,2026-08-09T16:21:14.556026
U004916,Dawn Hill,smartinez@example.com,2020-02-25,user_export_2026.csv,2026-08-09T16:21:14.556239
U004917,Tonya Brown,anna67@example.org,2021-07-06,user_export_2026.csv,2026-08-09T16:21:14.556430
U004918,Alan Wilson,aowens@example.org,2022-12-13,user_export_2026.csv,2026-08-09T16:21:14.556629
U004919,Gabriel Frank,donna30@example.com,2024-10-06,user_export_2026.csv,2026-08-09T16:21:14.556810
U004920,  Eric Bennett  ,kbarton@example.net,05/12/2025,user_export_2026.csv,2026-08-09T16:21:14.557059
U004921,Mary Scott,fischerdanielle@example.org,2022-07-22,user_export_2026.csv,2026-08-09T16:21:14.557415
U004922,Tyler Palmer,langscott@example.net,2024-04-29,user_export_2026.csv,2026-08-09T16:21:14.557781
U004923,Kathryn Lawrence,joseskinner@example.org,2025-03-04,user_export_2026.csv,2026-08-09T16:21:14.558087
U004924,Alex Wyatt,garciasarah@example.org,2021-11-22,user_export_2026.csv,2026-08-09T16:21:14.558338
U004925,Jorge Saunders,john31@example.com,2025-10-06,user_export_2026.csv,2026-08-09T16:21:14.558519
U004926,Melissa Ochoa,hicksdavid@example.com,2026-04-02,user_export_2026.csv,2026-08-09T16:21:14.558765
U004927,Bobby Montoya,smithjoseph@example.com,2023-08-21,user_export_2026.csv,2026-08-09T16:21:14.559054
U004928,Nicholas Moore,eshaffer@example.com,2023-01-04,user_export_2026.csv,2026-08-09T16:21:14.559261
U004929,Robert Ponce,jason25@example.org,13/02/2024,user_export_2026.csv,2026-08-09T16:21:14.559444
U004930,Megan Harris,underwoodjonathan@example.net,2022-03-17,user_export_2026.csv,2026-08-09T16:21:14.559691
U004931,Kevin Mora,bowmananthony@example.org,2021-07-27,user_export_2026.csv,2026-08-09T16:21:14.559977
U004932,David Morales MD,bowersmichael@example.org,2025-01-06,user_export_2026.csv,2026-08-09T16:21:14.560240
U004933,William Parker,deborahcoleman@example.com,2025-07-05,user_export_2026.csv,2026-08-09T16:21:14.560484
U004934,Theresa Goodman,lisa84@example.net,2020-12-13,user_export_2026.csv,2026-08-09T16:21:14.560665
U004935,Reginald Wilson,rrodriguez@example.com,2024-06-18,user_export_2026.csv,2026-08-09T16:21:14.560863
U004936,Lisa Baldwin,joseph26@example.net,2023-04-17,user_export_2026.csv,2026-08-09T16:21:14.561092
U004937,Donald Wilcox,jason58@example.org,2021-11-12,user_export_2026.csv,2026-08-09T16:21:14.561276
U004938,Cameron Davidson,invalid-email,2026-03-23,user_export_2026.csv,2026-08-09T16:21:14.561392
U004939,Joseph Nelson,tammy23@example.org,2020-10-25,user_export_2026.csv,2026-08-09T16:21:14.561623
U004940,Justin Watkins,william35@example.net,2020-02-21,user_export_2026.csv,2026-08-09T16:21:14.561808
U004941,Joseph Rogers,fstewart@example.net,2020-10-02,user_export_2026.csv,2026-08-09T16:21:14.562058
U004942,Anita Parks,xstokes@example.com,2022-10-08,user_export_2026.csv,2026-08-09T16:21:14.562263
U004943,Samantha Barr,henry77@example.com,2022-03-07,user_export_2026.csv,2026-08-09T16:21:14.562443
U004944,Mr. Theodore Cunningham,laura30@example.com,2026/02/11,user_export_2026.csv,2026-08-09T16:21:14.562629
U004945,Robert Williams,hughesamanda@example.net,2023-09-17,user_export_2026.csv,2026-08-09T16:21:14.562880
U004946,Jeanette Payne,susanpowers@example.com,2020-02-18,user_export_2026.csv,2026-08-09T16:21:14.563191
U004947,  Rebekah Crawford  ,kristenochoa@example.net,2021/03/01,user_export_2026.csv,2026-08-09T16:21:14.563442
U004948,Matthew Roberts,gsmith@example.org,2025-08-31,user_export_2026.csv,2026-08-09T16:21:14.563642
U004949,Stephen King,xmoore@example.com,2024-10-06,user_export_2026.csv,2026-08-09T16:21:14.563838
U004950,Heather Gonzalez,wwilliams@example.com,2022-11-06,user_export_2026.csv,2026-08-09T16:21:14.564087
U004951,Roy Mendez,donaldchen@example.com,2024-01-12,user_export_2026.csv,2026-08-09T16:21:14.564335
U004952,Jeremiah Thomas,michaelhurley@example.org,2025-12-17,user_export_2026.csv,2026-08-09T16:21:14.564578
U004953,Elizabeth Martinez,nayala@example.org,2024-01-21,user_export_2026.csv,2026-08-09T16:21:14.564784
U004954,Matthew Hall,john98@example.net,2022-06-09,user_export_2026.csv,2026-08-09T16:21:14.565006
U004955,Derek Moore,eric36@example.org,2021-03-14,user_export_2026.csv,2026-08-09T16:21:14.565196
U004956,Kathryn Lozano,vswanson@example.com,05-08-2023,user_export_2026.csv,2026-08-09T16:21:14.565399
U004957,Nicole Gomez,megan81@example.org,2025-08-19,user_export_2026.csv,2026-08-09T16:21:14.565636
U004958,Corey Rodriguez,erin27@example.net,2026-01-16,user_export_2026.csv,2026-08-09T16:21:14.565821
U004959,Darryl Horn,rachel23@example.net,2026-05-15,user_export_2026.csv,2026-08-09T16:21:14.566049
U004960,Jennifer Wade,thomasgarcia@example.com,2025-12-01,user_export_2026.csv,2026-08-09T16:21:14.566300
U004961,Debra Johnson,tiffany46@example.com,2020-09-06,user_export_2026.csv,2026-08-09T16:21:14.566482
U004962,Annette Martin,fhall@example.org,2025-05-25,user_export_2026.csv,2026-08-09T16:21:14.566682
U004963,Hayley Pace,amandamorrison@example.org,2025-05-17,user_export_2026.csv,2026-08-09T16:21:14.566965
U004964,Matthew Shelton,briana28@example.net,2022-08-10,user_export_2026.csv,2026-08-09T16:21:14.567159
U004965,Jessica Velazquez,yhenry@example.com,2026-01-22,user_export_2026.csv,2026-08-09T16:21:14.567360
U004966,Mario Flores,jay37@example.org,2022-10-31,user_export_2026.csv,2026-08-09T16:21:14.567539
U004967,Brandi Alexander,cathycarrillo@example.net,2022-04-14,user_export_2026.csv,2026-08-09T16:21:14.567783
U004968,Roger Cooper,smithnicolas@example.com,2025-01-15,user_export_2026.csv,2026-08-09T16:21:14.568071
U004969,Christopher Scott,stephanie86@example.net,2026-05-15,user_export_2026.csv,2026-08-09T16:21:14.568258
U004970,Janet Tyler,jay71@example.com,2021-04-06,user_export_2026.csv,2026-08-09T16:21:14.568438
U004971,Karen Rodriguez,kellyadam@example.net,2025-08-09,user_export_2026.csv,2026-08-09T16:21:14.568681
U004972,,ortegaashley@example.com,10-05-2022,user_export_2026.csv,2026-08-09T16:21:14.568961
U004973,Marcus Skinner,invalid-email,2026-06-25,user_export_2026.csv,2026-08-09T16:21:14.569087
U004974,Samuel Conway,haascheryl@example.org,2021-08-19,user_export_2026.csv,2026-08-09T16:21:14.569331
U004975,Denise Miller,zachary02@example.net,2020-03-02,user_export_2026.csv,2026-08-09T16:21:14.569558
U004976,Mckenzie Cuevas,foxrobert@example.net,2020-01-09,user_export_2026.csv,2026-08-09T16:21:14.569813
U004977,Lawrence Kennedy,anthonyrios@example.com,2021-04-14,user_export_2026.csv,2026-08-09T16:21:14.570107
U004978,Christopher Mullins,michael39@example.net,2026-04-05,user_export_2026.csv,2026-08-09T16:21:14.570293
U004979,Laura Barton,jimmyjones@example.com,2024-05-01,user_export_2026.csv,2026-08-09T16:21:14.570541
U004980,Susan English,hshah@example.com,2023-04-25,user_export_2026.csv,2026-08-09T16:21:14.570740
U004981,Richard Johnson,jamesfuentes@example.net,2021-01-15,user_export_2026.csv,2026-08-09T16:21:14.571029
U004982,Amy Hamilton,mercadojustin@example.org,2022-08-21,user_export_2026.csv,2026-08-09T16:21:14.571284
U004983,Adam Blevins,david30@example.org,2023-07-31,user_export_2026.csv,2026-08-09T16:21:14.571465
U004984,Mario Henderson,zachary75@example.com,2020-12-14,user_export_2026.csv,2026-08-09T16:21:14.571644
U004985,Gina Ritter,bailey14@example.com,2025-05-30,user_export_2026.csv,2026-08-09T16:21:14.571825
U004986,Luke Kerr,rachelmyers@example.net,2026-03-04,user_export_2026.csv,2026-08-09T16:21:14.572118
U004987,James Griffin,gmoses@example.net,2023-06-21,user_export_2026.csv,2026-08-09T16:21:14.572318
U004988,Donna Norris,parkertammy@example.org,2023-07-19,user_export_2026.csv,2026-08-09T16:21:14.572564
U004989,Debra Bates,fleminghaley@example.com,2020-05-22,user_export_2026.csv,2026-08-09T16:21:14.572807
U004990,  John Hughes  ,sarahjacobs@example.org,13-07-2024,user_export_2026.csv,2026-08-09T16:21:14.573099
U004991,Sue Rodriguez,ccole@example.com,2023-09-11,user_export_2026.csv,2026-08-09T16:21:14.573303
U004992,Meghan Powers,velliott@example.net,2024-11-27,user_export_2026.csv,2026-08-09T16:21:14.573545
U004993,Theresa Patel,enelson@example.org,2020-07-07,user_export_2026.csv,2026-08-09T16:21:14.573801
U004994,Matthew Pineda,bdavidson@example.com,2024-05-16,user_export_2026.csv,2026-08-09T16:21:14.574050
U004995,Kathy Weber,umedina@example.org,2020-02-23,user_export_2026.csv,2026-08-09T16:21:14.574254
U004996,Anthony Rasmussen,bailey16@example.net,2024-02-28,user_export_2026.csv,2026-08-09T16:21:14.574661
U004997,Michael Harper,saragreen@example.org,2021-01-04,user_export_2026.csv,2026-08-09T16:21:14.575040
U004998,Mrs. Alexis Alexander,benjamin93@example.com,2022-07-09,user_export_2026.csv,2026-08-09T16:21:14.575253
U004999,Robert Massey,invalid-email,2025-01-04,user_export_2026.csv,2026-08-09T16:21:14.575376
