budget_id,user_id,category_id,period,limit_amount,ingested_at
B000000,U004325,C007,1991-02,27001.38,2026-08-09T16:21:14.576208
B000001,U004260,C999,2014-07,28291.98,2026-08-09T16:21:14.576255
B000002,U003975,C019,1980-02,3641.67,2026-08-09T16:21:14.576284
B000003,U004844,C013,2026-13,18157.44,2026-08-09T16:21:14.576296
B000004,U003088,C000,1994-06,34663.74,2026-08-09T16:21:14.576318
B000005,U000182,C002,2009-06,6643.73,2026-08-09T16:21:14.576341
B000006,U002936,C014,2003-05,42465.01,2026-08-09T16:21:14.576361
B000007,U004729,C017,2012-11,41553.54,2026-08-09T16:21:14.576380
B000008,U000120,C009,2017-03,48889.12,2026-08-09T16:21:14.576400
B000009,U000047,C018,2013-10,18433.5,2026-08-09T16:21:14.576419
B000010,U000596,C014,2023-03,18066.73,2026-08-09T16:21:14.576438
B000011,U000964,C014,1982-06,24338.03,2026-08-09T16:21:14.576461
B000012,U000739,C004,2024-11,24419.0,2026-08-09T16:21:14.576481
B000013,U001514,C002,2011-01,4837.63,2026-08-09T16:21:14.576500
B000014,U004517,C004,1996-08,14023.74,2026-08-09T16:21:14.576518
B000015,U004851,C012,1981-10,46998.87,2026-08-09T16:21:14.576536
B000016,U001450,C005,1989-05,7054.25,2026-08-09T16:21:14.576554
B000017,U001659,C016,1998-02,29385.87,2026-08-09T16:21:14.576572
B000018,U002165,C011,1977-12,13327.39,2026-08-09T16:21:14.576591
B000019,U004534,C011,1992-01,34053.95,2026-08-09T16:21:14.576609
B000020,U000371,C010,1997-05,21761.53,2026-08-09T16:21:14.576626
B000021,U000023,C018,1980-06,7085.38,2026-08-09T16:21:14.576764
B000022,U003007,C015,1974-02,41526.92,2026-08-09T16:21:14.576824
B000023,U000147,C001,2018-04,3177.83,2026-08-09T16:21:14.576852
B000024,U002803,C013,1970-04,13762.7,2026-08-09T16:21:14.576873
B000025,U001406,C006,2026-13,13929.52,2026-08-09T16:21:14.576883
B000026,U004121,C005,2001-04,45977.92,2026-08-09T16:21:14.576902
B000027,U002293,C000,1989-04,2929.95,2026-08-09T16:21:14.577049
B000028,U004232,C005,2007-05,8054.28,2026-08-09T16:21:14.577095
B000029,U003707,C007,2018-10,4513.57,2026-08-09T16:21:14.577122
B000030,U000593,C012,1989-10,47080.46,2026-08-09T16:21:14.577154
B000031,U003056,C000,2003-03,24078.7,2026-08-09T16:21:14.577177
B000032,U002878,C017,Q1-2026,34903.77,2026-08-09T16:21:14.577188
B000033,U004705,C011,2026-13,30524.82,2026-08-09T16:21:14.577197
B000034,U000894,C002,1990-10,15756.02,2026-08-09T16:21:14.577217
B000035,U000357,C011,1978-01,11378.36,2026-08-09T16:21:14.577236
B000036,U003609,C001,1987-04,41042.57,2026-08-09T16:21:14.577255
B000037,U000359,C001,1989-04,23124.15,2026-08-09T16:21:14.577273
B000038,U004863,C010,1991-12,34027.47,2026-08-09T16:21:14.577292
B000039,U003963,C008,Q1-2026,41500,2026-08-09T16:21:14.577302
B000040,U004702,C009,1971-02,28093.1,2026-08-09T16:21:14.577320
B000041,U002400,C007,2002-11,40538.3,2026-08-09T16:21:14.577338
B000042,U002784,C016,2014-05,23421.58,2026-08-09T16:21:14.577356
B000043,U004694,C006,2018-05,43261.57,2026-08-09T16:21:14.577374
B000044,U001077,C019,2019-07,12861.97,2026-08-09T16:21:14.577392
B000045,U000946,C013,1988-11,41818.26,2026-08-09T16:21:14.577410
B000046,U004216,C004,,Rs.10117.21,2026-08-09T16:21:14.577421
B000047,U001746,C002,1997-10,1785.73,2026-08-09T16:21:14.577440
B000048,U001259,C011,2000-06,38736.41,2026-08-09T16:21:14.577458
B000049,U003303,C007,1993-01,34233.27,2026-08-09T16:21:14.577476
B000050,U002431,C006,Q1-2026,Rs.18003.55,2026-08-09T16:21:14.577533
B000051,U001982,C010,2004-04,43569.14,2026-08-09T16:21:14.577568
B000052,U004341,C001,2009-07,20287.52,2026-08-09T16:21:14.577591
B000053,U004470,C013,1981-08,1955.5,2026-08-09T16:21:14.577611
B000054,U001587,C018,1981-06,27402.2,2026-08-09T16:21:14.577630
B000055,U002059,C009,2021-07,46548.14,2026-08-09T16:21:14.577707
B000056,U004482,C009,1974-02,48383.97,2026-08-09T16:21:14.577740
B000057,U001866,C012,2021-07,46057.66,2026-08-09T16:21:14.577764
B000058,U002440,C012,1983-12,45751.07,2026-08-09T16:21:14.577785
B000059,U002710,C010,2006-01,2663.12,2026-08-09T16:21:14.577805
B000060,U002266,C001,1989-02,19679.74,2026-08-09T16:21:14.577823
B000061,U002748,C011,1980-09,4012.28,2026-08-09T16:21:14.577842
B000062,U001306,C006,2003-04,28232.91,2026-08-09T16:21:14.577860
B000063,U000079,C019,1988-04,1710.38,2026-08-09T16:21:14.577878
B000064,U002658,C003,2011-06,2134.83,2026-08-09T16:21:14.577898
B000065,U002535,C000,2000-05,33307.46,2026-08-09T16:21:14.577946
B000066,U001913,C003,2004-11,47552.59,2026-08-09T16:21:14.577989
B000067,U003605,C016,2008-06,47070.78,2026-08-09T16:21:14.578012
B000068,U000156,C004,,40274,2026-08-09T16:21:14.578023
B000069,U003187,C001,2026-06,34340.01,2026-08-09T16:21:14.578043
B000070,U000072,C012,1995-02,35857.17,2026-08-09T16:21:14.578062
B000071,U001915,C010,2010-10,40880.46,2026-08-09T16:21:14.578080
B000072,U000681,C005,1994-12,49910.56,2026-08-09T16:21:14.578099
B000073,U001107,C005,2024-08,21892.49,2026-08-09T16:21:14.578118
B000074,U004635,C011,2011-09,43597.43,2026-08-09T16:21:14.578136
B000075,U001293,C013,Q1-2026,-45949.45,2026-08-09T16:21:14.578145
B000076,U001757,C005,2015-05,45326.21,2026-08-09T16:21:14.578164
B000077,U004818,C008,1994-02,22013.33,2026-08-09T16:21:14.578183
B000078,U002783,C001,1971-05,21908.7,2026-08-09T16:21:14.578200
B000079,U004033,C003,,35212.18,2026-08-09T16:21:14.578209
B000080,U004511,C001,1985-06,46538.21,2026-08-09T16:21:14.578227
B000081,U004832,C011,1991-05,32199.23,2026-08-09T16:21:14.578244
B000082,U000538,C001,2017-01,496.04,2026-08-09T16:21:14.578262
B000083,U001264,C009,2014-07,38645.34,2026-08-09T16:21:14.578281
B000084,U004742,C003,2026-13,-13878.93,2026-08-09T16:21:14.578290
B000085,U001757,C013,2026-13,25329,2026-08-09T16:21:14.578298
B000086,U000527,C002,1984-01,27142.63,2026-08-09T16:21:14.578316
B000087,U000768,C007,1995-03,49524.38,2026-08-09T16:21:14.578334
B000088,U001427,C017,2026-03,17965.12,2026-08-09T16:21:14.578352
B000089,U001995,C011,2014-05,34304.37,2026-08-09T16:21:14.578370
B000090,U000374,C011,2011-07,19402.24,2026-08-09T16:21:14.578388
B000091,U003338,C015,Q1-2026,-47029.11,2026-08-09T16:21:14.578396
B000092,U004679,C013,Q1-2026,,2026-08-09T16:21:14.578405
B000093,U003911,C008,1974-06,2214.0,2026-08-09T16:21:14.578423
B000094,U001979,C015,2019-02,25052.68,2026-08-09T16:21:14.578441
B000095,U001026,C006,1997-08,33114.0,2026-08-09T16:21:14.578459
B000096,U002367,C009,1987-06,29056.85,2026-08-09T16:21:14.578476
B000097,U003071,C007,2023-10,1035.35,2026-08-09T16:21:14.578494
B000098,U003755,C012,1981-02,37940.55,2026-08-09T16:21:14.578512
B000099,U002737,C010,2001-09,412.42,2026-08-09T16:21:14.578529
B000100,U002850,C000,1974-09,3653.2,2026-08-09T16:21:14.578547
B000101,U003108,C010,2011-03,12762.64,2026-08-09T16:21:14.578565
B000102,U001504,C009,2016-10,5297.34,2026-08-09T16:21:14.578587
B000103,U001505,C018,2021-02,3066.8,2026-08-09T16:21:14.578605
B000104,U004691,C004,1983-06,10949.57,2026-08-09T16:21:14.578622
B000105,U002711,C003,2021-07,3496.5,2026-08-09T16:21:14.578640
B000106,U000261,C018,1995-12,2001.29,2026-08-09T16:21:14.578658
B000107,U003455,C001,1980-07,17814.91,2026-08-09T16:21:14.578676
B000108,U004431,C017,,-25526.73,2026-08-09T16:21:14.578685
B000109,U000955,C002,1974-06,19207.46,2026-08-09T16:21:14.578703
B000110,U001114,C019,1990-04,46376.64,2026-08-09T16:21:14.578721
B000111,U002740,C014,1997-01,16710.81,2026-08-09T16:21:14.578738
B000112,U004608,C017,1997-09,39499.82,2026-08-09T16:21:14.578756
B000113,U002648,C018,1987-01,43036.58,2026-08-09T16:21:14.578774
B000114,U004861,C018,,Rs.15591.13,2026-08-09T16:21:14.578782
B000115,U001968,C013,1970-05,33555.11,2026-08-09T16:21:14.578800
B000116,U000069,C004,1988-05,22884.08,2026-08-09T16:21:14.578817
B000117,U001528,C002,2025-01,12799.17,2026-08-09T16:21:14.578835
B000118,U000202,C019,2017-03,6312.86,2026-08-09T16:21:14.578854
B000119,U000938,C002,1994-09,40059.64,2026-08-09T16:21:14.578872
B000120,U001848,C017,1976-11,315.9,2026-08-09T16:21:14.578890
B000121,U001378,C003,1978-06,32355.28,2026-08-09T16:21:14.578908
B000122,U001400,C002,2013-01,17635.06,2026-08-09T16:21:14.578970
B000123,U001019,C016,2011-01,28646.81,2026-08-09T16:21:14.578994
B000124,U000035,C011,1987-05,28281.51,2026-08-09T16:21:14.579015
B000125,U000918,C016,1985-07,21832.16,2026-08-09T16:21:14.579063
B000126,U002722,C017,1997-09,27534.55,2026-08-09T16:21:14.579082
B000127,U002563,C018,1990-06,37483.74,2026-08-09T16:21:14.579100
B000128,U003853,C005,1983-03,35201.85,2026-08-09T16:21:14.579118
B000129,U004554,C016,2026-13,35444.4,2026-08-09T16:21:14.579127
B000130,U001936,C015,1973-08,26753.55,2026-08-09T16:21:14.579145
B000131,U004946,C006,1976-02,3367.77,2026-08-09T16:21:14.579163
B000132,U004986,C004,2011-07,25430.93,2026-08-09T16:21:14.579182
B000133,U001412,C016,1998-06,13812.79,2026-08-09T16:21:14.579200
B000134,U002547,C001,1996-08,32871.25,2026-08-09T16:21:14.579218
B000135,U001131,C005,1993-09,36121.9,2026-08-09T16:21:14.579235
B000136,U000009,C001,2010-02,8889.84,2026-08-09T16:21:14.579254
B000137,U002412,C017,2008-10,6381.77,2026-08-09T16:21:14.579273
B000138,U001714,C004,1979-09,33127.64,2026-08-09T16:21:14.579291
B000139,U002064,C002,2005-10,13878.44,2026-08-09T16:21:14.579309
B000140,U002283,C999,1977-09,10579.01,2026-08-09T16:21:14.579327
B000141,U004299,C003,2010-05,3311.29,2026-08-09T16:21:14.579346
B000142,U002948,C018,2002-08,30126.15,2026-08-09T16:21:14.579364
B000143,U000083,C004,2003-02,36788.61,2026-08-09T16:21:14.579381
B000144,U001045,C001,2015-05,31705.85,2026-08-09T16:21:14.579399
B000145,U002269,C004,2020-10,10958.69,2026-08-09T16:21:14.579418
B000146,U003595,C015,2016-04,17965.17,2026-08-09T16:21:14.579436
B000147,U000845,C007,1979-01,18652.81,2026-08-09T16:21:14.579454
B000148,U001070,C016,1987-10,4685.92,2026-08-09T16:21:14.579472
B000149,U000347,C013,2014-06,12680.75,2026-08-09T16:21:14.579490
B000150,U000470,C011,1970-10,35765.21,2026-08-09T16:21:14.579508
B000151,U003604,C014,2009-07,22985.35,2026-08-09T16:21:14.579526
B000152,U003661,C003,1976-12,30559.15,2026-08-09T16:21:14.579544
B000153,U000581,C000,2018-09,32591.55,2026-08-09T16:21:14.579562
B000154,U000734,C013,1977-11,34134.99,2026-08-09T16:21:14.579579
B000155,U000606,C015,2009-05,14933.91,2026-08-09T16:21:14.579597
B000156,U000334,C005,1986-05,29106.19,2026-08-09T16:21:14.579615
B000157,U001787,C003,1985-06,47206.18,2026-08-09T16:21:14.579633
B000158,U002031,C017,,Rs.3353.37,2026-08-09T16:21:14.579643
B000159,U002784,C002,1998-12,40074.91,2026-08-09T16:21:14.579660
B000160,U000970,C013,2022-03,24347.53,2026-08-09T16:21:14.579678
B000161,U003005,C012,1989-11,27863.43,2026-08-09T16:21:14.579696
B000162,U003421,C012,1995-08,23030.62,2026-08-09T16:21:14.579714
B000163,U000332,C012,2015-01,11701.06,2026-08-09T16:21:14.579732
B000164,U001253,C002,1974-01,28520.69,2026-08-09T16:21:14.579750
B000165,U002965,C011,2016-12,3031.62,2026-08-09T16:21:14.579769
B000166,U002086,C009,2007-09,32804.79,2026-08-09T16:21:14.579787
B000167,U003534,C012,1976-04,48985.03,2026-08-09T16:21:14.579804
B000168,U004953,C006,2023-10,35866.81,2026-08-09T16:21:14.579822
B000169,U002816,C000,2006-10,15122.02,2026-08-09T16:21:14.579840
B000170,U001370,C014,1991-07,9496.74,2026-08-09T16:21:14.579857
B000171,U003156,C004,1970-05,21697.66,2026-08-09T16:21:14.579875
B000172,U000724,C009,1987-11,48433.19,2026-08-09T16:21:14.579892
B000173,U003366,C004,2001-01,45982.56,2026-08-09T16:21:14.579936
B000174,U004544,C010,2017-06,13335.09,2026-08-09T16:21:14.579974
B000175,U004216,C016,2002-08,31815.25,2026-08-09T16:21:14.579998
B000176,U004372,C015,2020-06,47457.69,2026-08-09T16:21:14.580019
B000177,U000803,C019,1992-09,46515.95,2026-08-09T16:21:14.580039
B000178,U001966,C009,2016-05,45372.92,2026-08-09T16:21:14.580058
B000179,U004921,C018,1987-07,34138.09,2026-08-09T16:21:14.580076
B000180,U001170,C017,1994-12,16948.39,2026-08-09T16:21:14.580094
B000181,U001097,C009,1992-09,47362.26,2026-08-09T16:21:14.580112
B000182,U001529,C011,2022-02,33338.86,2026-08-09T16:21:14.580130
B000183,U001932,C007,2016-05,12283.67,2026-08-09T16:21:14.580148
B000184,U000284,C007,2023-07,3886.64,2026-08-09T16:21:14.580166
B000185,U002996,C016,2012-07,24980.42,2026-08-09T16:21:14.580184
B000186,U002187,C011,,Rs.38920.32,2026-08-09T16:21:14.580194
B000187,U002200,C015,1992-08,16547.95,2026-08-09T16:21:14.580211
B000188,U004807,C008,1991-01,36090.07,2026-08-09T16:21:14.580229
B000189,U002748,C006,1996-10,18031.03,2026-08-09T16:21:14.580248
B000190,U003036,C018,1994-07,23614.68,2026-08-09T16:21:14.580266
B000191,U003219,C012,1992-09,46560.35,2026-08-09T16:21:14.580284
B000192,U004118,C012,1984-03,48114.13,2026-08-09T16:21:14.580301
B000193,U001709,C008,2026-13,Rs.3963.14,2026-08-09T16:21:14.580310
B000194,U004386,C000,2025-01,28638.6,2026-08-09T16:21:14.580328
B000195,U002509,C016,1972-08,4386.04,2026-08-09T16:21:14.580347
B000196,U003269,C019,1989-12,7138.34,2026-08-09T16:21:14.580365
B000197,U003040,C018,1970-06,19070.53,2026-08-09T16:21:14.580382
B000198,U003659,C005,2007-12,5650.96,2026-08-09T16:21:14.580400
B000199,U000110,C014,2022-07,43507.09,2026-08-09T16:21:14.580418
B000200,U001962,C011,2018-02,38848.21,2026-08-09T16:21:14.580436
B000201,U000972,C008,1977-11,9087.82,2026-08-09T16:21:14.580454
B000202,U002342,C001,1994-09,49884.84,2026-08-09T16:21:14.580471
B000203,U004460,C018,1988-08,9778.71,2026-08-09T16:21:14.580489
B000204,U001289,C013,1988-02,40830.74,2026-08-09T16:21:14.580508
B000205,U002594,C009,1980-06,10682.41,2026-08-09T16:21:14.580526
B000206,U003709,C018,1997-10,20638.34,2026-08-09T16:21:14.580543
B000207,U003751,C007,1973-07,5221.45,2026-08-09T16:21:14.580561
B000208,U000148,C000,2002-06,26712.55,2026-08-09T16:21:14.580578
B000209,U000999,C015,2000-05,47007.93,2026-08-09T16:21:14.580596
B000210,U001368,C004,1998-01,46596.74,2026-08-09T16:21:14.580614
B000211,U004497,C014,2026-13,N/A,2026-08-09T16:21:14.580622
B000212,U001713,C011,1977-08,40784.12,2026-08-09T16:21:14.580639
B000213,U001443,C013,2001-08,44460.12,2026-08-09T16:21:14.580658
B000214,U003773,C008,1997-08,13360.29,2026-08-09T16:21:14.580675
B000215,U004080,C001,1978-02,5630.31,2026-08-09T16:21:14.580693
B000216,U001340,C999,1990-05,46688.6,2026-08-09T16:21:14.580711
B000217,U004333,C013,2011-11,39833.67,2026-08-09T16:21:14.580729
B000218,U001209,C007,1978-01,45247.82,2026-08-09T16:21:14.580747
B000219,U001081,C018,1970-04,21504.43,2026-08-09T16:21:14.580764
B000220,U003331,C006,1974-05,9757.01,2026-08-09T16:21:14.580782
B000221,U002282,C001,Q1-2026,41372.47,2026-08-09T16:21:14.580790
B000222,U002925,C004,2009-08,40685.43,2026-08-09T16:21:14.580808
B000223,U000515,C000,1990-06,46379.3,2026-08-09T16:21:14.580826
B000224,U004252,C001,1972-04,1827.96,2026-08-09T16:21:14.580843
B000225,U003963,C005,2020-05,36477.12,2026-08-09T16:21:14.580861
B000226,U001526,C010,,33131.78,2026-08-09T16:21:14.580870
B000227,U000216,C019,1979-08,15063.18,2026-08-09T16:21:14.580887
B000228,U000454,C006,2016-10,38155.56,2026-08-09T16:21:14.580905
B000229,U000711,C015,1996-06,49672.8,2026-08-09T16:21:14.580973
B000230,U001625,C003,2008-06,9913.8,2026-08-09T16:21:14.580999
B000231,U002875,C004,2006-07,25909.69,2026-08-09T16:21:14.581020
B000232,U000219,C019,1994-06,32247.32,2026-08-09T16:21:14.581040
B000233,U003970,C007,2008-10,17205.03,2026-08-09T16:21:14.581060
B000234,U002885,C006,1971-12,45478.13,2026-08-09T16:21:14.581078
B000235,U001235,C999,1991-07,34664.32,2026-08-09T16:21:14.581096
B000236,U001858,C019,1997-02,9513.3,2026-08-09T16:21:14.581114
B000237,U004980,C005,1987-04,81.19,2026-08-09T16:21:14.581132
B000238,U003880,C007,2018-09,39095.12,2026-08-09T16:21:14.581150
B000239,U001856,C013,1994-06,21346.81,2026-08-09T16:21:14.581168
B000240,U000284,C015,2003-01,19860.83,2026-08-09T16:21:14.581186
B000241,U004323,C014,1983-11,2287.63,2026-08-09T16:21:14.581204
B000242,U004973,C015,2015-04,39397.73,2026-08-09T16:21:14.581221
B000243,U004142,C005,1974-12,41489.95,2026-08-09T16:21:14.581239
B000244,U000316,C003,1983-12,717.83,2026-08-09T16:21:14.581257
B000245,U003247,C003,1980-12,17717.5,2026-08-09T16:21:14.581275
B000246,U004535,C007,2000-10,44648.49,2026-08-09T16:21:14.581293
B000247,U004589,C999,1980-10,48095.82,2026-08-09T16:21:14.581311
B000248,U004038,C999,2002-01,21742.74,2026-08-09T16:21:14.581329
B000249,U002147,C017,2020-10,42977.87,2026-08-09T16:21:14.581367
B000250,U003919,C006,1983-09,16222.35,2026-08-09T16:21:14.581384
B000251,U001073,C004,1971-02,10498.91,2026-08-09T16:21:14.581402
B000252,U001775,C004,1974-06,7090.3,2026-08-09T16:21:14.581420
B000253,U004164,C000,2022-03,31740.67,2026-08-09T16:21:14.581438
B000254,U002392,C008,2015-05,49856.94,2026-08-09T16:21:14.581456
B000255,U004637,C004,1998-10,35870.57,2026-08-09T16:21:14.581473
B000256,U001508,C005,2007-11,36715.28,2026-08-09T16:21:14.581532
B000257,U000468,C012,1992-09,9160.19,2026-08-09T16:21:14.581560
B000258,U002765,C006,1984-03,18585.82,2026-08-09T16:21:14.581582
B000259,U003191,C007,Q1-2026,,2026-08-09T16:21:14.581592
B000260,U000546,C999,2000-02,5745.87,2026-08-09T16:21:14.581611
B000261,U003250,C015,,-5236.02,2026-08-09T16:21:14.581621
B000262,U002582,C007,1989-06,42840.02,2026-08-09T16:21:14.581639
B000263,U000999,C999,1998-03,28088.61,2026-08-09T16:21:14.581658
B000264,U000587,C007,1991-01,38740.67,2026-08-09T16:21:14.581676
B000265,U000469,C016,2009-06,39229.41,2026-08-09T16:21:14.581695
B000266,U001877,C018,1990-02,41410.32,2026-08-09T16:21:14.581713
B000267,U002993,C012,2002-03,3172.24,2026-08-09T16:21:14.581730
B000268,U003900,C001,1975-11,18082.99,2026-08-09T16:21:14.581749
B000269,U000595,C005,1974-03,46839.81,2026-08-09T16:21:14.581766
B000270,U003017,C002,1980-12,21411.67,2026-08-09T16:21:14.581784
B000271,U000589,C002,2004-06,28315.66,2026-08-09T16:21:14.581802
B000272,U002803,C010,2023-01,21418.98,2026-08-09T16:21:14.581821
B000273,U000748,C018,Q1-2026,18805.0,2026-08-09T16:21:14.581831
B000274,U003693,C017,1989-08,24837.59,2026-08-09T16:21:14.581848
B000275,U000493,C015,2010-01,40173.37,2026-08-09T16:21:14.581866
B000276,U000148,C008,1999-08,8444.68,2026-08-09T16:21:14.581883
B000277,U000122,C002,1987-12,31141.24,2026-08-09T16:21:14.581901
B000278,U000787,C004,2023-01,36450.92,2026-08-09T16:21:14.581956
B000279,U002518,C002,2026-13,28582.97,2026-08-09T16:21:14.581969
B000280,U003305,C014,2024-03,26603.7,2026-08-09T16:21:14.581994
B000281,U003325,C001,2019-10,28324.07,2026-08-09T16:21:14.582015
B000282,U001766,C002,1981-04,8257.03,2026-08-09T16:21:14.582034
B000283,U003963,C007,1998-05,4004.35,2026-08-09T16:21:14.582052
B000284,U001518,C004,2010-05,21898.08,2026-08-09T16:21:14.582070
B000285,U000231,C014,1975-01,47957.6,2026-08-09T16:21:14.582088
B000286,U004345,C017,1983-09,31085.66,2026-08-09T16:21:14.582106
B000287,U003443,C011,1989-10,11869.2,2026-08-09T16:21:14.582124
B000288,U001703,C999,1992-06,34250.04,2026-08-09T16:21:14.582143
B000289,U002529,C006,1994-01,5773.25,2026-08-09T16:21:14.582161
B000290,U003131,C010,,9426.92,2026-08-09T16:21:14.582171
B000291,U004736,C999,2004-12,16750.21,2026-08-09T16:21:14.582188
B000292,U001185,C001,2025-02,7935.39,2026-08-09T16:21:14.582207
B000293,U002883,C000,1984-01,38732.04,2026-08-09T16:21:14.582225
B000294,U003097,C008,2025-11,49659.43,2026-08-09T16:21:14.582243
B000295,U003736,C009,2015-09,24002.1,2026-08-09T16:21:14.582261
B000296,U000009,C004,2000-09,21049.04,2026-08-09T16:21:14.582279
B000297,U003241,C009,2015-08,15466.25,2026-08-09T16:21:14.582297
B000298,U003565,C015,1990-02,20051.68,2026-08-09T16:21:14.582314
B000299,U004858,C014,2020-02,46168.63,2026-08-09T16:21:14.582332
B000300,U000729,C013,2000-05,40812.62,2026-08-09T16:21:14.582350
B000301,U002847,C013,2007-08,34534.4,2026-08-09T16:21:14.582368
B000302,U002708,C001,2026-13,Rs.20341.24,2026-08-09T16:21:14.582377
B000303,U003852,C006,1973-11,1891.38,2026-08-09T16:21:14.582395
B000304,U002231,C018,2006-12,21336.97,2026-08-09T16:21:14.582412
B000305,U003804,C014,2022-04,3963.12,2026-08-09T16:21:14.582430
B000306,U004632,C999,1988-07,17911.09,2026-08-09T16:21:14.582448
B000307,U003114,C007,2008-08,16061.6,2026-08-09T16:21:14.582466
B000308,U003038,C018,,-35953.6,2026-08-09T16:21:14.582475
B000309,U001323,C016,2021-03,8063.5,2026-08-09T16:21:14.582492
B000310,U001690,C013,2009-03,14992.49,2026-08-09T16:21:14.582510
B000311,U002572,C019,2003-12,14506.14,2026-08-09T16:21:14.582527
B000312,U004584,C018,2012-06,38174.9,2026-08-09T16:21:14.582545
B000313,U002856,C009,2026-03,20703.24,2026-08-09T16:21:14.582562
B000314,U002445,C010,2013-11,37688.43,2026-08-09T16:21:14.582580
B000315,U002393,C007,2021-11,15376.5,2026-08-09T16:21:14.582598
B000316,U000597,C009,1994-06,30603.22,2026-08-09T16:21:14.582616
B000317,U004943,C018,1984-12,12236.96,2026-08-09T16:21:14.582633
B000318,U002117,C008,1994-01,28920.18,2026-08-09T16:21:14.582651
B000319,U004709,C008,2004-02,43854.9,2026-08-09T16:21:14.582668
B000320,U004307,C017,2005-11,8575.15,2026-08-09T16:21:14.582686
B000321,U004860,C010,1993-10,25030.21,2026-08-09T16:21:14.582704
B000322,U003907,C006,2023-09,49416.48,2026-08-09T16:21:14.582721
B000323,U004367,C999,2003-07,38529.15,2026-08-09T16:21:14.582739
B000324,U002208,C003,1992-04,12466.37,2026-08-09T16:21:14.582756
B000325,U000065,C018,2020-02,22282.7,2026-08-09T16:21:14.582775
B000326,U001419,C003,,,2026-08-09T16:21:14.582784
B000327,U004248,C011,2022-12,9643.89,2026-08-09T16:21:14.582801
B000328,U003381,C011,1986-01,16840.54,2026-08-09T16:21:14.582819
B000329,U001080,C004,1994-06,1874.24,2026-08-09T16:21:14.582836
B000330,U002472,C008,Q1-2026,Rs.21647.54,2026-08-09T16:21:14.582845
B000331,U001215,C019,2018-09,11180.07,2026-08-09T16:21:14.582863
B000332,U000064,C004,Q1-2026,-43733.33,2026-08-09T16:21:14.582872
B000333,U001671,C014,2017-05,16672.59,2026-08-09T16:21:14.582889
B000334,U002918,C016,1997-06,35351.87,2026-08-09T16:21:14.582907
B000335,U002709,C018,2003-05,16875.72,2026-08-09T16:21:14.582972
B000336,U003861,C000,1980-10,27773.31,2026-08-09T16:21:14.582995
B000337,U000646,C018,1997-04,30478.1,2026-08-09T16:21:14.583015
B000338,U002138,C011,2011-02,27632.0,2026-08-09T16:21:14.583034
B000339,U002680,C012,2004-04,19400.44,2026-08-09T16:21:14.583052
B000340,U001825,C017,Q1-2026,18555.62,2026-08-09T16:21:14.583061
B000341,U001503,C006,2025-11,41442.39,2026-08-09T16:21:14.583080
B000342,U001111,C001,1975-02,42900.18,2026-08-09T16:21:14.583098
B000343,U000239,C009,2019-09,9163.75,2026-08-09T16:21:14.583116
B000344,U000882,C000,1977-06,15069.88,2026-08-09T16:21:14.583134
B000345,U004746,C013,2025-12,25226.69,2026-08-09T16:21:14.583152
B000346,U003246,C017,2016-03,41561.44,2026-08-09T16:21:14.583170
B000347,U002570,C004,Q1-2026,Rs.43019.17,2026-08-09T16:21:14.583179
B000348,U000410,C004,1997-12,44307.19,2026-08-09T16:21:14.583197
B000349,U003991,C014,1974-05,44464.54,2026-08-09T16:21:14.583215
B000350,U002158,C006,2026-13,15111.88,2026-08-09T16:21:14.583224
B000351,U001870,C017,,-47362.99,2026-08-09T16:21:14.583232
B000352,U004993,C008,2012-12,21111.99,2026-08-09T16:21:14.583250
B000353,U003673,C010,2008-06,36494.34,2026-08-09T16:21:14.583268
B000354,U001306,C006,2026-06,10060.08,2026-08-09T16:21:14.583286
B000355,U001255,C019,1987-09,39662.46,2026-08-09T16:21:14.583303
B000356,U000133,C004,,20069.62,2026-08-09T16:21:14.583312
B000357,U000081,C007,2010-10,1108.11,2026-08-09T16:21:14.583331
B000358,U003344,C014,2008-04,22054.25,2026-08-09T16:21:14.583349
B000359,U001006,C013,1977-03,39167.83,2026-08-09T16:21:14.583367
B000360,U000087,C014,1970-07,42796.58,2026-08-09T16:21:14.583384
B000361,U003918,C019,2000-07,30501.96,2026-08-09T16:21:14.583402
B000362,U002582,C007,2007-05,44933.26,2026-08-09T16:21:14.583420
B000363,U002277,C999,,-10538.36,2026-08-09T16:21:14.583428
B000364,U001890,C018,1978-12,27810.87,2026-08-09T16:21:14.583446
B000365,U003994,C005,2021-10,11757.04,2026-08-09T16:21:14.583463
B000366,U001079,C001,1977-01,6361.52,2026-08-09T16:21:14.583481
B000367,U000557,C018,2018-09,40476.88,2026-08-09T16:21:14.583499
B000368,U000134,C002,1990-09,22716.4,2026-08-09T16:21:14.583517
B000369,U001338,C004,1974-04,14640.78,2026-08-09T16:21:14.583535
B000370,U000479,C014,1972-05,40718.07,2026-08-09T16:21:14.583561
B000371,U002121,C017,1985-07,23133.87,2026-08-09T16:21:14.583580
B000372,U000832,C015,1989-12,32113.23,2026-08-09T16:21:14.583597
B000373,U002630,C008,2015-02,20701.86,2026-08-09T16:21:14.583615
B000374,U004921,C005,1979-09,46283.71,2026-08-09T16:21:14.583653
B000375,U002947,C999,Q1-2026,11377.23,2026-08-09T16:21:14.583662
B000376,U003843,C999,1987-04,7425.41,2026-08-09T16:21:14.583680
B000377,U000525,C005,2025-10,7786.04,2026-08-09T16:21:14.583698
B000378,U004791,C010,1985-04,19270.02,2026-08-09T16:21:14.583717
B000379,U002308,C008,2008-12,45743.76,2026-08-09T16:21:14.583735
B000380,U001207,C007,1978-07,24278.53,2026-08-09T16:21:14.583752
B000381,U003697,C018,1975-04,38473.35,2026-08-09T16:21:14.583770
B000382,U001526,C003,2026-13,4235.97,2026-08-09T16:21:14.583778
B000383,U003751,C016,1989-01,2107.76,2026-08-09T16:21:14.583795
B000384,U004528,C013,1993-02,40369.05,2026-08-09T16:21:14.583813
B000385,U000409,C002,2005-10,22726.19,2026-08-09T16:21:14.583831
B000386,U003970,C009,Q1-2026,N/A,2026-08-09T16:21:14.583839
B000387,U001237,C011,1983-05,5187.41,2026-08-09T16:21:14.583857
B000388,U002062,C011,1982-01,8918.36,2026-08-09T16:21:14.583874
B000389,U000896,C015,2008-05,5110.16,2026-08-09T16:21:14.583892
B000390,U004032,C012,1972-01,37424.43,2026-08-09T16:21:14.583933
B000391,U004567,C014,1978-10,9097.58,2026-08-09T16:21:14.583971
B000392,U002369,C004,2026-13,-5658.21,2026-08-09T16:21:14.583982
B000393,U002135,C018,1980-09,43954.71,2026-08-09T16:21:14.584003
B000394,U001575,C006,1977-06,37004.5,2026-08-09T16:21:14.584023
B000395,U004420,C006,2026-13,Rs.48808.34,2026-08-09T16:21:14.584032
B000396,U000151,C009,1977-04,25115.15,2026-08-09T16:21:14.584050
B000397,U004166,C019,1983-08,29009.73,2026-08-09T16:21:14.584068
B000398,U002219,C014,2000-06,1050.27,2026-08-09T16:21:14.584086
B000399,U003065,C019,2024-01,34159.0,2026-08-09T16:21:14.584105
B000400,U002861,C002,1970-10,30607.75,2026-08-09T16:21:14.584123
B000401,U001552,C014,1973-01,24846.79,2026-08-09T16:21:14.584141
B000402,U001488,C012,1997-12,21362.66,2026-08-09T16:21:14.584159
B000403,U001310,C019,1987-09,37056.63,2026-08-09T16:21:14.584177
B000404,U002195,C005,2018-05,22623.0,2026-08-09T16:21:14.584194
B000405,U001137,C005,2012-10,8009.3,2026-08-09T16:21:14.584212
B000406,U001258,C000,2017-06,20923.86,2026-08-09T16:21:14.584230
B000407,U002861,C017,1973-09,4194.91,2026-08-09T16:21:14.584248
B000408,U001096,C000,1985-06,32709.45,2026-08-09T16:21:14.584266
B000409,U001291,C004,1979-01,29630.53,2026-08-09T16:21:14.584284
B000410,U002642,C013,1977-12,10926.13,2026-08-09T16:21:14.584302
B000411,U002602,C010,1986-01,37874.97,2026-08-09T16:21:14.584319
B000412,U003295,C007,1986-11,21800.22,2026-08-09T16:21:14.584337
B000413,U001262,C999,2012-08,20436.19,2026-08-09T16:21:14.584355
B000414,U002430,C005,1989-08,2146.84,2026-08-09T16:21:14.584373
B000415,U002746,C008,1997-08,31178.88,2026-08-09T16:21:14.584391
B000416,U004323,C010,2026-13,9734,2026-08-09T16:21:14.584400
B000417,U004409,C001,1990-11,2190.03,2026-08-09T16:21:14.584418
B000418,U001838,C005,2013-01,3220.97,2026-08-09T16:21:14.584435
B000419,U001448,C004,2012-03,4727.12,2026-08-09T16:21:14.584454
B000420,U000624,C011,1982-01,37461.67,2026-08-09T16:21:14.584471
B000421,U000922,C011,2019-01,26920.94,2026-08-09T16:21:14.584489
B000422,U004451,C013,2023-04,26793.92,2026-08-09T16:21:14.584507
B000423,U002440,C000,1999-03,5208.02,2026-08-09T16:21:14.584525
B000424,U004348,C010,2018-05,13114.57,2026-08-09T16:21:14.584543
B000425,U003190,C009,2006-03,49441.2,2026-08-09T16:21:14.584561
B000426,U000007,C001,2019-12,39732.68,2026-08-09T16:21:14.584579
B000427,U004116,C015,2004-06,22117.79,2026-08-09T16:21:14.584597
B000428,U002003,C010,1996-05,26043.84,2026-08-09T16:21:14.584615
B000429,U003176,C999,1977-11,20092.31,2026-08-09T16:21:14.584633
B000430,U003271,C009,1985-04,38755.79,2026-08-09T16:21:14.584651
B000431,U003566,C004,1987-02,10893.4,2026-08-09T16:21:14.584668
B000432,U000915,C019,2014-08,7054.06,2026-08-09T16:21:14.584686
B000433,U001186,C005,1974-11,3764.43,2026-08-09T16:21:14.584707
B000434,U002503,C002,2021-05,2283.15,2026-08-09T16:21:14.584725
B000435,U002072,C017,1970-09,10855.74,2026-08-09T16:21:14.584742
B000436,U002305,C015,1997-05,46883.67,2026-08-09T16:21:14.584760
B000437,U004655,C003,2007-11,4511.48,2026-08-09T16:21:14.584778
B000438,U003657,C004,1979-11,41270.86,2026-08-09T16:21:14.584796
B000439,U004992,C019,2008-05,48838.44,2026-08-09T16:21:14.584814
B000440,U004315,C003,2009-10,32587.87,2026-08-09T16:21:14.584832
B000441,U001631,C003,1983-09,36770.44,2026-08-09T16:21:14.584850
B000442,U001796,C013,,20496,2026-08-09T16:21:14.584859
B000443,U000017,C001,2022-07,279.08,2026-08-09T16:21:14.584876
B000444,U001321,C017,2012-10,16839.66,2026-08-09T16:21:14.584894
B000445,U001544,C003,1997-09,202.4,2026-08-09T16:21:14.584932
B000446,U002675,C005,2005-08,13514.94,2026-08-09T16:21:14.584969
B000447,U001924,C017,1982-06,35492.12,2026-08-09T16:21:14.584992
B000448,U004531,C005,1994-09,46245.99,2026-08-09T16:21:14.585011
B000449,U001400,C018,1989-06,38367.65,2026-08-09T16:21:14.585030
B000450,U003695,C012,Q1-2026,-34878.35,2026-08-09T16:21:14.585040
B000451,U003572,C007,1994-12,42891.15,2026-08-09T16:21:14.585058
B000452,U004553,C006,1973-09,44101.89,2026-08-09T16:21:14.585076
B000453,U003156,C006,1977-03,10732.36,2026-08-09T16:21:14.585094
B000454,U000682,C016,1990-03,16817.76,2026-08-09T16:21:14.585112
B000455,U004442,C012,2023-08,8859.89,2026-08-09T16:21:14.585131
B000456,U002030,C013,1989-02,27611.98,2026-08-09T16:21:14.585149
B000457,U000890,C000,1987-07,48657.64,2026-08-09T16:21:14.585166
B000458,U004143,C005,2022-06,10064.24,2026-08-09T16:21:14.585185
B000459,U004987,C004,1986-04,4966.48,2026-08-09T16:21:14.585202
B000460,U004162,C007,2023-01,17472.89,2026-08-09T16:21:14.585220
B000461,U004915,C002,1980-03,26422.47,2026-08-09T16:21:14.585238
B000462,U000162,C012,1992-01,47633.85,2026-08-09T16:21:14.585255
B000463,U003159,C003,1994-03,32535.62,2026-08-09T16:21:14.585273
B000464,U003032,C018,1989-03,8360.74,2026-08-09T16:21:14.585291
B000465,U004409,C016,2008-09,5031.55,2026-08-09T16:21:14.585309
B000466,U002182,C007,2002-11,38518.52,2026-08-09T16:21:14.585327
B000467,U003826,C019,2015-03,22235.29,2026-08-09T16:21:14.585345
B000468,U003773,C016,2002-09,34742.73,2026-08-09T16:21:14.585362
B000469,U004861,C013,2019-03,28981.97,2026-08-09T16:21:14.585379
B000470,U002023,C017,2004-05,34642.03,2026-08-09T16:21:14.585397
B000471,U004075,C005,1980-02,36723.87,2026-08-09T16:21:14.585415
B000472,U001234,C012,,18438.29,2026-08-09T16:21:14.585424
B000473,U003149,C005,2010-01,30585.66,2026-08-09T16:21:14.585441
B000474,U000771,C004,2017-02,16190.4,2026-08-09T16:21:14.585459
B000475,U004155,C018,2024-06,28279.57,2026-08-09T16:21:14.585476
B000476,U002813,C010,1989-07,11183.55,2026-08-09T16:21:14.585535
B000477,U003564,C999,2022-11,31826.73,2026-08-09T16:21:14.585560
B000478,U002440,C004,1975-07,28970.79,2026-08-09T16:21:14.585580
B000479,U003645,C008,2020-01,31373.8,2026-08-09T16:21:14.585599
B000480,U003375,C013,2017-01,29517.38,2026-08-09T16:21:14.585618
B000481,U000515,C014,1982-08,28708.97,2026-08-09T16:21:14.585636
B000482,U000176,C017,1984-02,202.32,2026-08-09T16:21:14.585655
B000483,U003746,C009,1972-11,34303.22,2026-08-09T16:21:14.585673
B000484,U004580,C011,1978-12,34282.34,2026-08-09T16:21:14.585691
B000485,U002328,C012,2005-01,13797.22,2026-08-09T16:21:14.585709
B000486,U001585,C019,2011-12,40101.11,2026-08-09T16:21:14.585728
B000487,U000921,C013,2025-01,23107.55,2026-08-09T16:21:14.585746
B000488,U003754,C016,2006-06,47186.76,2026-08-09T16:21:14.585764
B000489,U003265,C018,1988-09,26826.38,2026-08-09T16:21:14.585782
B000490,U003119,C009,1980-03,38822.52,2026-08-09T16:21:14.585799
B000491,U002172,C009,1986-04,15808.69,2026-08-09T16:21:14.585817
B000492,U001365,C999,1995-04,25743.34,2026-08-09T16:21:14.585835
B000493,U000081,C010,1980-09,48242.98,2026-08-09T16:21:14.585852
B000494,U000257,C005,2009-11,19929.59,2026-08-09T16:21:14.585871
B000495,U000320,C012,2017-02,20016.74,2026-08-09T16:21:14.585888
B000496,U000501,C000,1973-12,41994.97,2026-08-09T16:21:14.585906
B000497,U004379,C008,1977-06,17934.88,2026-08-09T16:21:14.585964
B000498,U001814,C000,2018-12,27818.54,2026-08-09T16:21:14.585989
B000499,U004551,C006,2018-12,43747.95,2026-08-09T16:21:14.586029
B000500,U002702,C015,1982-07,15263.01,2026-08-09T16:21:14.586049
B000501,U004514,C007,2022-01,30946.53,2026-08-09T16:21:14.586068
B000502,U002145,C003,2008-12,27671.08,2026-08-09T16:21:14.586088
B000503,U001937,C000,1976-03,7477.37,2026-08-09T16:21:14.586106
B000504,U003035,C000,2025-11,2371.69,2026-08-09T16:21:14.586125
B000505,U002825,C012,1989-08,37991.02,2026-08-09T16:21:14.586143
B000506,U004851,C019,1983-09,17800.99,2026-08-09T16:21:14.586162
B000507,U002928,C012,2009-06,14646.26,2026-08-09T16:21:14.586181
B000508,U004631,C006,1990-07,41275.15,2026-08-09T16:21:14.586199
B000509,U002410,C013,1996-02,22446.79,2026-08-09T16:21:14.586216
B000510,U000001,C000,Q1-2026,,2026-08-09T16:21:14.586225
B000511,U000286,C000,2022-01,5658.8,2026-08-09T16:21:14.586243
B000512,U003503,C011,2023-09,44428.89,2026-08-09T16:21:14.586260
B000513,U001891,C008,2015-05,45947.51,2026-08-09T16:21:14.586278
B000514,U002064,C004,1974-10,30076.63,2026-08-09T16:21:14.586295
B000515,U003222,C015,2011-11,13720.19,2026-08-09T16:21:14.586313
B000516,U003456,C017,1993-11,45120.32,2026-08-09T16:21:14.586331
B000517,U003065,C005,2008-02,15051.17,2026-08-09T16:21:14.586349
B000518,U001161,C004,2026-13,Rs.16187.13,2026-08-09T16:21:14.586358
B000519,U003913,C004,2025-08,15778.16,2026-08-09T16:21:14.586377
B000520,U001460,C005,1971-11,46947.65,2026-08-09T16:21:14.586394
B000521,U004988,C000,2022-06,16595.94,2026-08-09T16:21:14.586412
B000522,U002415,C014,1992-03,39658.48,2026-08-09T16:21:14.586430
B000523,U002517,C015,2006-12,45039.32,2026-08-09T16:21:14.586447
B000524,U002363,C010,2008-02,18624.55,2026-08-09T16:21:14.586466
B000525,U003580,C010,2003-11,8544.42,2026-08-09T16:21:14.586483
B000526,U001898,C017,1972-08,11268.96,2026-08-09T16:21:14.586501
B000527,U000670,C004,,Rs.16657.52,2026-08-09T16:21:14.586510
B000528,U004881,C001,2010-08,176.18,2026-08-09T16:21:14.586528
B000529,U001046,C005,2017-03,47325.78,2026-08-09T16:21:14.586546
B000530,U000556,C015,1980-09,11849.06,2026-08-09T16:21:14.586564
B000531,U001172,C999,1984-03,48495.83,2026-08-09T16:21:14.586582
B000532,U003486,C008,1982-03,26808.22,2026-08-09T16:21:14.586600
B000533,U002018,C019,1985-02,17331.79,2026-08-09T16:21:14.586618
B000534,U002631,C017,1984-03,16242.95,2026-08-09T16:21:14.586635
B000535,U002500,C005,2016-08,34066.58,2026-08-09T16:21:14.586653
B000536,U002561,C003,2012-05,20309.95,2026-08-09T16:21:14.586671
B000537,U002684,C015,2001-11,18418.49,2026-08-09T16:21:14.586688
B000538,U000545,C001,,,2026-08-09T16:21:14.586696
B000539,U002975,C009,2014-12,29968.32,2026-08-09T16:21:14.586714
B000540,U003720,C009,2003-04,13469.56,2026-08-09T16:21:14.586732
B000541,U002999,C999,1984-04,10749.05,2026-08-09T16:21:14.586749
B000542,U002437,C014,1978-11,43693.51,2026-08-09T16:21:14.586767
B000543,U002423,C003,2013-01,41665.01,2026-08-09T16:21:14.586784
B000544,U000975,C011,2022-04,29033.24,2026-08-09T16:21:14.586802
B000545,U004678,C014,1970-06,9979.95,2026-08-09T16:21:14.586820
B000546,U004940,C006,1973-03,1841.98,2026-08-09T16:21:14.586837
B000547,U004182,C017,2005-08,1523.96,2026-08-09T16:21:14.586855
B000548,U004340,C006,1979-05,21070.05,2026-08-09T16:21:14.586873
B000549,U000562,C006,2020-05,11989.9,2026-08-09T16:21:14.586891
B000550,U004922,C005,1994-12,21361.93,2026-08-09T16:21:14.586908
B000551,U003886,C016,Q1-2026,44482.33,2026-08-09T16:21:14.586944
B000552,U002888,C005,2010-08,24001.15,2026-08-09T16:21:14.586977
B000553,U000078,C009,1983-07,41362.22,2026-08-09T16:21:14.586998
B000554,U002588,C002,1978-11,15679.91,2026-08-09T16:21:14.587018
B000555,U002504,C013,1998-10,16342.47,2026-08-09T16:21:14.587038
B000556,U002682,C007,2017-12,24136.72,2026-08-09T16:21:14.587056
B000557,U004193,C001,1998-09,5085.34,2026-08-09T16:21:14.587074
B000558,U000879,C011,2019-12,21248.54,2026-08-09T16:21:14.587092
B000559,U002396,C008,1995-04,43469.13,2026-08-09T16:21:14.587110
B000560,U003925,C014,2000-11,37117.91,2026-08-09T16:21:14.587128
B000561,U004853,C012,2007-11,29446.63,2026-08-09T16:21:14.587146
B000562,U002542,C007,2026-13,-40683.5,2026-08-09T16:21:14.587155
B000563,U002104,C012,1976-01,31458.96,2026-08-09T16:21:14.587174
B000564,U002797,C001,2004-01,30483.47,2026-08-09T16:21:14.587192
B000565,U000237,C001,1982-05,5617.16,2026-08-09T16:21:14.587209
B000566,U004539,C010,2000-08,23989.73,2026-08-09T16:21:14.587227
B000567,U004352,C007,1991-01,41634.69,2026-08-09T16:21:14.587245
B000568,U002788,C005,1972-03,4769.03,2026-08-09T16:21:14.587262
B000569,U004869,C013,Q1-2026,26108.14,2026-08-09T16:21:14.587271
B000570,U002415,C012,1972-06,13854.0,2026-08-09T16:21:14.587288
B000571,U004232,C009,1972-06,30966.47,2026-08-09T16:21:14.587306
B000572,U003750,C018,1973-05,18541.9,2026-08-09T16:21:14.587324
B000573,U003038,C015,1993-12,16436.38,2026-08-09T16:21:14.587342
B000574,U001489,C016,2005-11,6329.66,2026-08-09T16:21:14.587360
B000575,U000910,C018,1977-12,2576.59,2026-08-09T16:21:14.587378
B000576,U003613,C018,1999-02,23143.41,2026-08-09T16:21:14.587396
B000577,U000606,C004,2018-09,14968.99,2026-08-09T16:21:14.587414
B000578,U004984,C014,2006-07,44936.7,2026-08-09T16:21:14.587432
B000579,U002688,C018,1996-12,26460.75,2026-08-09T16:21:14.587450
B000580,U002151,C010,1995-03,40546.15,2026-08-09T16:21:14.587467
B000581,U001688,C013,1988-09,24822.02,2026-08-09T16:21:14.587485
B000582,U004285,C012,1992-10,49102.31,2026-08-09T16:21:14.587502
B000583,U001492,C006,2001-03,31913.38,2026-08-09T16:21:14.587520
B000584,U004118,C010,1976-10,37601.76,2026-08-09T16:21:14.587537
B000585,U000934,C002,1979-05,28910.33,2026-08-09T16:21:14.587555
B000586,U004027,C017,2007-04,3998.52,2026-08-09T16:21:14.587573
B000587,U002757,C018,2024-07,577.71,2026-08-09T16:21:14.587591
B000588,U004692,C999,2007-01,42297.7,2026-08-09T16:21:14.587609
B000589,U003647,C014,1983-08,28858.84,2026-08-09T16:21:14.587627
B000590,U001210,C017,1985-07,43073.54,2026-08-09T16:21:14.587645
B000591,U004793,C006,1993-11,11058.35,2026-08-09T16:21:14.587662
B000592,U000732,C999,1982-04,41454.66,2026-08-09T16:21:14.587680
B000593,U004133,C017,1980-05,37545.39,2026-08-09T16:21:14.587698
B000594,U003806,C000,1986-04,38442.42,2026-08-09T16:21:14.587715
B000595,U001598,C004,1991-06,33669.99,2026-08-09T16:21:14.587732
B000596,U000995,C003,Q1-2026,N/A,2026-08-09T16:21:14.587741
B000597,U004363,C004,Q1-2026,Rs.49238.1,2026-08-09T16:21:14.587749
B000598,U002581,C011,2006-09,6071.92,2026-08-09T16:21:14.587767
B000599,U000346,C018,2025-01,2962.95,2026-08-09T16:21:14.587785
B000600,U004382,C003,2007-12,42780.71,2026-08-09T16:21:14.587803
B000601,U000349,C009,2018-06,16393.74,2026-08-09T16:21:14.587821
B000602,U002452,C006,1999-11,35734.54,2026-08-09T16:21:14.587838
B000603,U000570,C010,2023-02,46633.98,2026-08-09T16:21:14.587855
B000604,U004349,C015,2013-08,10290.02,2026-08-09T16:21:14.587873
B000605,U001145,C014,1988-12,3952.51,2026-08-09T16:21:14.587890
B000606,U004175,C019,2012-05,20053.15,2026-08-09T16:21:14.587929
B000607,U002893,C007,2011-08,39925.97,2026-08-09T16:21:14.587967
B000608,U000058,C999,,27232.19,2026-08-09T16:21:14.587978
B000609,U003524,C002,1988-11,18342.24,2026-08-09T16:21:14.588000
B000610,U003689,C007,1996-05,4306.55,2026-08-09T16:21:14.588019
B000611,U003160,C012,1998-01,11978.05,2026-08-09T16:21:14.588038
B000612,U001523,C011,1987-10,17342.4,2026-08-09T16:21:14.588056
B000613,U000829,C012,2025-12,14515.96,2026-08-09T16:21:14.588074
B000614,U000348,C004,1973-11,41917.57,2026-08-09T16:21:14.588092
B000615,U003862,C015,2026-01,9093.72,2026-08-09T16:21:14.588110
B000616,U001297,C017,Q1-2026,21096.99,2026-08-09T16:21:14.588119
B000617,U000038,C010,1990-09,45706.49,2026-08-09T16:21:14.588137
B000618,U004269,C002,2014-08,18891.77,2026-08-09T16:21:14.588155
B000619,U000562,C013,2017-09,3836.4,2026-08-09T16:21:14.588172
B000620,U003783,C010,1998-04,31733.95,2026-08-09T16:21:14.588191
B000621,U004386,C999,2002-03,45953.12,2026-08-09T16:21:14.588208
B000622,U002175,C001,1991-11,48765.89,2026-08-09T16:21:14.588226
B000623,U000306,C006,2009-10,33467.25,2026-08-09T16:21:14.588244
B000624,U001108,C015,2002-01,49006.66,2026-08-09T16:21:14.588279
B000625,U001169,C015,,-10434.45,2026-08-09T16:21:14.588289
B000626,U000839,C008,2021-09,31691.66,2026-08-09T16:21:14.588307
B000627,U003713,C003,1993-02,26448.14,2026-08-09T16:21:14.588325
B000628,U002912,C010,2014-08,39714.4,2026-08-09T16:21:14.588342
B000629,U004713,C013,1970-09,28760.88,2026-08-09T16:21:14.588360
B000630,U004057,C012,,34761.67,2026-08-09T16:21:14.588369
B000631,U004971,C999,2014-06,48259.85,2026-08-09T16:21:14.588386
B000632,U004666,C005,2006-04,8664.93,2026-08-09T16:21:14.588404
B000633,U002279,C019,2013-07,25462.28,2026-08-09T16:21:14.588421
B000634,U002620,C011,2022-07,5603.17,2026-08-09T16:21:14.588439
B000635,U002692,C017,2009-12,37433.34,2026-08-09T16:21:14.588457
B000636,U004021,C003,1995-05,22681.1,2026-08-09T16:21:14.588475
B000637,U000174,C999,1987-10,48392.08,2026-08-09T16:21:14.588492
B000638,U004587,C003,1980-04,39443.92,2026-08-09T16:21:14.588510
B000639,U002219,C001,2017-09,10162.72,2026-08-09T16:21:14.588528
B000640,U004838,C016,2011-09,38002.73,2026-08-09T16:21:14.588546
B000641,U004155,C015,1999-03,10285.27,2026-08-09T16:21:14.588563
B000642,U002942,C016,2006-01,11130.01,2026-08-09T16:21:14.588581
B000643,U003315,C009,1974-12,38051.44,2026-08-09T16:21:14.588598
B000644,U002056,C003,2001-12,11635.08,2026-08-09T16:21:14.588616
B000645,U000102,C019,2026-13,Rs.47104.56,2026-08-09T16:21:14.588625
B000646,U003433,C000,1980-06,9322.62,2026-08-09T16:21:14.588642
B000647,U001091,C011,2020-03,13232.72,2026-08-09T16:21:14.588660
B000648,U000323,C008,1988-06,3400.33,2026-08-09T16:21:14.588678
B000649,U001905,C002,2011-06,30564.54,2026-08-09T16:21:14.588695
B000650,U002917,C014,1989-02,23096.65,2026-08-09T16:21:14.588713
B000651,U002289,C002,2026-13,2839,2026-08-09T16:21:14.588721
B000652,U002229,C003,1997-03,28255.66,2026-08-09T16:21:14.588739
B000653,U003041,C007,2003-04,42011.03,2026-08-09T16:21:14.588756
B000654,U000487,C019,1990-11,24141.23,2026-08-09T16:21:14.588774
B000655,U000809,C999,2010-10,46180.61,2026-08-09T16:21:14.588791
B000656,U002269,C017,1995-08,47606.38,2026-08-09T16:21:14.588809
B000657,U004571,C015,2026-13,37223.0,2026-08-09T16:21:14.588817
B000658,U004704,C013,1977-05,10242.26,2026-08-09T16:21:14.588834
B000659,U000640,C015,1997-06,42100.68,2026-08-09T16:21:14.588852
B000660,U001519,C009,1993-05,709.3,2026-08-09T16:21:14.588869
B000661,U001752,C005,1985-06,20966.61,2026-08-09T16:21:14.588886
B000662,U000422,C001,1986-02,9629.02,2026-08-09T16:21:14.588904
B000663,U003535,C003,2022-12,34380.24,2026-08-09T16:21:14.588959
B000664,U003890,C000,1987-05,7473.97,2026-08-09T16:21:14.588984
B000665,U001391,C001,1973-04,46713.16,2026-08-09T16:21:14.589005
B000666,U000287,C001,2005-01,29731.9,2026-08-09T16:21:14.589025
B000667,U001936,C012,1996-09,44664.19,2026-08-09T16:21:14.589044
B000668,U001110,C002,2000-11,28566.35,2026-08-09T16:21:14.589062
B000669,U004454,C018,1982-06,1568.55,2026-08-09T16:21:14.589080
B000670,U003897,C019,1997-07,15656.29,2026-08-09T16:21:14.589099
B000671,U004054,C007,2026-13,16683.58,2026-08-09T16:21:14.589108
B000672,U000212,C014,1980-02,10817.23,2026-08-09T16:21:14.589126
B000673,U001552,C001,2001-09,32720.88,2026-08-09T16:21:14.589144
B000674,U000766,C003,1976-11,10217.65,2026-08-09T16:21:14.589162
B000675,U004639,C001,2005-02,37164.79,2026-08-09T16:21:14.589181
B000676,U000619,C999,1981-05,19498.48,2026-08-09T16:21:14.589199
B000677,U000982,C000,2006-02,40215.21,2026-08-09T16:21:14.589217
B000678,U002288,C013,1978-05,39619.44,2026-08-09T16:21:14.589235
B000679,U000908,C018,2020-07,8367.52,2026-08-09T16:21:14.589253
B000680,U000560,C015,2007-12,41713.39,2026-08-09T16:21:14.589271
B000681,U002509,C007,2004-04,20359.05,2026-08-09T16:21:14.589289
B000682,U001185,C007,1979-05,37981.22,2026-08-09T16:21:14.589307
B000683,U001079,C005,2006-02,18033.69,2026-08-09T16:21:14.589325
B000684,U003254,C000,2026-13,-17122.64,2026-08-09T16:21:14.589334
B000685,U000674,C004,1971-11,47717.95,2026-08-09T16:21:14.589352
B000686,U000139,C018,2010-07,13587.14,2026-08-09T16:21:14.589370
B000687,U003654,C015,2008-02,44166.26,2026-08-09T16:21:14.589388
B000688,U000185,C006,2023-06,33723.4,2026-08-09T16:21:14.589406
B000689,U002892,C010,1987-04,4727.73,2026-08-09T16:21:14.589423
B000690,U003852,C013,1992-04,3954.35,2026-08-09T16:21:14.589440
B000691,U002458,C017,1977-07,1215.08,2026-08-09T16:21:14.589458
B000692,U001097,C008,1984-09,47401.45,2026-08-09T16:21:14.589476
B000693,U002941,C018,1996-02,27007.09,2026-08-09T16:21:14.589531
B000694,U000303,C004,1994-06,5297.38,2026-08-09T16:21:14.589557
B000695,U000904,C010,2006-08,47754.58,2026-08-09T16:21:14.589579
B000696,U000744,C005,2003-06,40273.11,2026-08-09T16:21:14.589598
B000697,U003314,C009,1988-08,36628.02,2026-08-09T16:21:14.589617
B000698,U003388,C008,2004-02,23953.69,2026-08-09T16:21:14.589636
B000699,U004208,C013,2022-02,6353.82,2026-08-09T16:21:14.589655
B000700,U000481,C000,1996-06,25014.99,2026-08-09T16:21:14.589674
B000701,U003737,C008,2022-11,1191.54,2026-08-09T16:21:14.589693
B000702,U003590,C017,2007-04,48821.32,2026-08-09T16:21:14.589711
B000703,U000897,C018,2007-02,1636.12,2026-08-09T16:21:14.589729
B000704,U004646,C004,2012-07,4296.84,2026-08-09T16:21:14.589747
B000705,U000412,C012,1992-10,28568.32,2026-08-09T16:21:14.589767
B000706,U004334,C006,2008-11,19657.98,2026-08-09T16:21:14.589798
B000707,U001047,C006,1971-05,39273.3,2026-08-09T16:21:14.589833
B000708,U002282,C017,2023-10,13458.09,2026-08-09T16:21:14.589870
B000709,U003678,C001,1994-10,25213.44,2026-08-09T16:21:14.589907
B000710,U004702,C016,1978-10,20516.82,2026-08-09T16:21:14.589990
B000711,U001535,C004,1987-03,35723.65,2026-08-09T16:21:14.590032
B000712,U000540,C005,2026-13,,2026-08-09T16:21:14.590048
B000713,U001215,C000,1994-05,17970.39,2026-08-09T16:21:14.590074
B000714,U001705,C006,1992-03,108.9,2026-08-09T16:21:14.590094
B000715,U004493,C016,,Rs.12440.85,2026-08-09T16:21:14.590104
B000716,U003303,C014,2004-05,11971.24,2026-08-09T16:21:14.590123
B000717,U000039,C000,2008-12,25812.74,2026-08-09T16:21:14.590142
B000718,U004654,C002,1982-07,6074.69,2026-08-09T16:21:14.590160
B000719,U000021,C000,2022-08,28986.46,2026-08-09T16:21:14.590178
B000720,U000756,C012,2016-05,28390.19,2026-08-09T16:21:14.590196
B000721,U001247,C007,2008-06,6951.8,2026-08-09T16:21:14.590214
B000722,U003741,C018,2001-12,33665.97,2026-08-09T16:21:14.590233
B000723,U004728,C014,1987-07,37003.23,2026-08-09T16:21:14.590250
B000724,U003180,C000,1999-04,27093.43,2026-08-09T16:21:14.590268
B000725,U002459,C017,1998-08,49449.71,2026-08-09T16:21:14.590285
B000726,U004486,C013,2019-09,24006.64,2026-08-09T16:21:14.590304
B000727,U002006,C001,2012-01,2542.6,2026-08-09T16:21:14.590321
B000728,U004829,C016,2021-04,13873.73,2026-08-09T16:21:14.590340
B000729,U003559,C003,1970-12,44517.03,2026-08-09T16:21:14.590357
B000730,U002001,C014,1988-07,4133.27,2026-08-09T16:21:14.590375
B000731,U000697,C010,2026-13,N/A,2026-08-09T16:21:14.590383
B000732,U002122,C010,2002-10,25067.41,2026-08-09T16:21:14.590401
B000733,U002531,C004,1988-12,48639.19,2026-08-09T16:21:14.590419
B000734,U002128,C000,2005-11,3430.0,2026-08-09T16:21:14.590437
B000735,U001959,C008,1979-05,20649.52,2026-08-09T16:21:14.590454
B000736,U002634,C012,Q1-2026,Rs.30364.41,2026-08-09T16:21:14.590464
B000737,U002239,C012,1996-12,21602.8,2026-08-09T16:21:14.590481
B000738,U000439,C003,1980-06,2937.42,2026-08-09T16:21:14.590499
B000739,U000131,C004,1991-07,35319.94,2026-08-09T16:21:14.590517
B000740,U000750,C016,2012-07,7618.86,2026-08-09T16:21:14.590535
B000741,U001822,C016,1978-04,22342.45,2026-08-09T16:21:14.590553
B000742,U002367,C000,2015-09,7473.1,2026-08-09T16:21:14.590571
B000743,U001152,C001,2014-01,26548.61,2026-08-09T16:21:14.590588
B000744,U000573,C015,1988-07,13111.38,2026-08-09T16:21:14.590606
B000745,U001113,C014,2011-07,11377.8,2026-08-09T16:21:14.590623
B000746,U001578,C013,1978-12,15585.54,2026-08-09T16:21:14.590641
B000747,U001820,C011,1983-11,49787.33,2026-08-09T16:21:14.590659
B000748,U002413,C002,2026-13,30991.55,2026-08-09T16:21:14.590667
B000749,U001142,C017,2023-07,35063.96,2026-08-09T16:21:14.590707
B000750,U000951,C013,2010-08,46914.02,2026-08-09T16:21:14.590726
B000751,U002681,C011,2019-12,28227.4,2026-08-09T16:21:14.590744
B000752,U003256,C003,2022-03,44169.64,2026-08-09T16:21:14.590762
B000753,U004928,C005,2026-13,Rs.2778.52,2026-08-09T16:21:14.590771
B000754,U000698,C004,Q1-2026,-12122.72,2026-08-09T16:21:14.590779
B000755,U000735,C005,2026-13,-49180.62,2026-08-09T16:21:14.590788
B000756,U003499,C002,2016-06,17548.87,2026-08-09T16:21:14.590806
B000757,U002166,C017,2004-04,35769.35,2026-08-09T16:21:14.590824
B000758,U003517,C013,,11227.17,2026-08-09T16:21:14.590833
B000759,U002118,C009,1979-05,19097.97,2026-08-09T16:21:14.590850
B000760,U002502,C999,2026-13,44692.74,2026-08-09T16:21:14.590859
B000761,U001792,C999,2024-05,14999.29,2026-08-09T16:21:14.590876
B000762,U000206,C003,2011-03,31105.74,2026-08-09T16:21:14.590894
B000763,U000056,C011,1985-04,24966.04,2026-08-09T16:21:14.590939
B000764,U001679,C009,1980-01,24595.99,2026-08-09T16:21:14.590977
B000765,U001924,C011,2014-03,27921.13,2026-08-09T16:21:14.591000
B000766,U004023,C013,2008-06,26742.56,2026-08-09T16:21:14.591021
B000767,U002603,C003,1984-05,37475.17,2026-08-09T16:21:14.591040
B000768,U003758,C005,1984-03,19718.11,2026-08-09T16:21:14.591058
B000769,U004172,C012,2019-09,42366.73,2026-08-09T16:21:14.591077
B000770,U003173,C011,1994-05,46594.8,2026-08-09T16:21:14.591095
B000771,U001250,C004,1992-07,13810.34,2026-08-09T16:21:14.591113
B000772,U003620,C013,Q1-2026,22105.47,2026-08-09T16:21:14.591123
B000773,U002403,C015,1972-08,23359.41,2026-08-09T16:21:14.591141
B000774,U001307,C018,2026-13,Rs.31959.21,2026-08-09T16:21:14.591150
B000775,U000891,C016,,,2026-08-09T16:21:14.591158
B000776,U001192,C004,1975-09,11772.32,2026-08-09T16:21:14.591175
B000777,U001716,C009,2024-02,2691.84,2026-08-09T16:21:14.591194
B000778,U003099,C017,2003-12,7626.5,2026-08-09T16:21:14.591212
B000779,U000711,C010,2012-02,39533.59,2026-08-09T16:21:14.591230
B000780,U002070,C019,1974-12,36915.36,2026-08-09T16:21:14.591247
B000781,U002923,C008,1972-09,28745.85,2026-08-09T16:21:14.591265
B000782,U003274,C008,1991-06,40053.48,2026-08-09T16:21:14.591284
B000783,U000720,C003,1999-01,5062.76,2026-08-09T16:21:14.591301
B000784,U004039,C006,1979-07,27339.63,2026-08-09T16:21:14.591319
B000785,U001202,C014,2026-13,136,2026-08-09T16:21:14.591327
B000786,U001846,C010,2016-01,33861.64,2026-08-09T16:21:14.591345
B000787,U004099,C016,1991-11,40316.51,2026-08-09T16:21:14.591363
B000788,U004327,C016,2011-10,13868.6,2026-08-09T16:21:14.591380
B000789,U004397,C000,1999-06,49653.69,2026-08-09T16:21:14.591398
B000790,U000149,C011,1999-07,42338.64,2026-08-09T16:21:14.591416
B000791,U000358,C005,1996-08,4564.49,2026-08-09T16:21:14.591434
B000792,U003039,C009,2025-06,9811.71,2026-08-09T16:21:14.591451
B000793,U000673,C005,2024-09,12364.26,2026-08-09T16:21:14.591469
B000794,U003288,C001,,30568.93,2026-08-09T16:21:14.591477
B000795,U001963,C015,1985-05,7122.46,2026-08-09T16:21:14.591495
B000796,U004138,C012,1984-03,2653.04,2026-08-09T16:21:14.591513
B000797,U001336,C001,Q1-2026,N/A,2026-08-09T16:21:14.591521
B000798,U004851,C019,2020-08,30223.5,2026-08-09T16:21:14.591538
B000799,U000656,C002,1984-06,40381.31,2026-08-09T16:21:14.591556
B000800,U000108,C006,,,2026-08-09T16:21:14.591564
B000801,U000876,C015,1971-01,37379.45,2026-08-09T16:21:14.591582
B000802,U003822,C999,1983-12,27743.25,2026-08-09T16:21:14.591600
B000803,U000859,C999,,-44206.46,2026-08-09T16:21:14.591609
B000804,U002906,C019,2022-12,48888.69,2026-08-09T16:21:14.591627
B000805,U004156,C008,2012-12,4935.12,2026-08-09T16:21:14.591644
B000806,U003822,C016,2008-04,16439.55,2026-08-09T16:21:14.591662
B000807,U000077,C999,2005-04,6032.81,2026-08-09T16:21:14.591680
B000808,U003584,C010,1974-09,11180.61,2026-08-09T16:21:14.591698
B000809,U000977,C000,2024-03,23632.69,2026-08-09T16:21:14.591715
B000810,U004329,C014,2005-03,26134.09,2026-08-09T16:21:14.591733
B000811,U001127,C014,Q1-2026,38025,2026-08-09T16:21:14.591741
B000812,U003403,C003,1988-05,21343.33,2026-08-09T16:21:14.591759
B000813,U004194,C003,2015-04,38962.07,2026-08-09T16:21:14.591777
B000814,U001266,C004,1982-12,44688.93,2026-08-09T16:21:14.591794
B000815,U004817,C999,1986-12,49392.33,2026-08-09T16:21:14.591812
B000816,U004017,C003,1972-08,26778.34,2026-08-09T16:21:14.591829
B000817,U001857,C001,2001-10,22375.96,2026-08-09T16:21:14.591847
B000818,U000868,C000,2000-07,9111.24,2026-08-09T16:21:14.591865
B000819,U000122,C017,2009-05,18323.16,2026-08-09T16:21:14.591882
B000820,U004100,C001,1983-04,746.38,2026-08-09T16:21:14.591900
B000821,U002401,C006,1975-09,39922.14,2026-08-09T16:21:14.591957
B000822,U003237,C005,1984-01,8121.84,2026-08-09T16:21:14.591985
B000823,U003200,C018,1971-07,1912.19,2026-08-09T16:21:14.592008
B000824,U004935,C012,1992-05,27578.79,2026-08-09T16:21:14.592028
B000825,U002126,C012,2011-12,33322.43,2026-08-09T16:21:14.592070
B000826,U003624,C011,2026-13,21852,2026-08-09T16:21:14.592084
B000827,U002987,C004,1985-02,4481.24,2026-08-09T16:21:14.592111
B000828,U000945,C013,,Rs.41174.34,2026-08-09T16:21:14.592121
B000829,U000079,C006,2026-13,18205.29,2026-08-09T16:21:14.592130
B000830,U004281,C008,1993-10,44640.47,2026-08-09T16:21:14.592151
B000831,U001735,C003,1973-11,31003.94,2026-08-09T16:21:14.592170
B000832,U004734,C004,1977-08,14435.03,2026-08-09T16:21:14.592188
B000833,U004123,C002,2017-02,11027.33,2026-08-09T16:21:14.592207
B000834,U000721,C013,Q1-2026,-40470.35,2026-08-09T16:21:14.592215
B000835,U001872,C001,2026-13,5055.69,2026-08-09T16:21:14.592224
B000836,U002987,C017,2021-12,49458.2,2026-08-09T16:21:14.592242
B000837,U003311,C007,1997-12,11562.11,2026-08-09T16:21:14.592261
B000838,U002703,C007,1997-12,15499.81,2026-08-09T16:21:14.592279
B000839,U000025,C010,2026-13,41011.07,2026-08-09T16:21:14.592288
B000840,U004085,C013,2024-11,12986.24,2026-08-09T16:21:14.592306
B000841,U004018,C016,1984-01,41014.94,2026-08-09T16:21:14.592325
B000842,U003477,C003,2024-11,16009.66,2026-08-09T16:21:14.592343
B000843,U001684,C010,2001-03,37225.56,2026-08-09T16:21:14.592360
B000844,U000910,C004,1970-02,27304.97,2026-08-09T16:21:14.592378
B000845,U003678,C015,,-40360.93,2026-08-09T16:21:14.592387
B000846,U004610,C015,2013-12,25339.42,2026-08-09T16:21:14.592404
B000847,U002126,C004,2019-08,18825.26,2026-08-09T16:21:14.592422
B000848,U000373,C019,1979-01,23098.37,2026-08-09T16:21:14.592440
B000849,U003140,C000,2015-04,7683.88,2026-08-09T16:21:14.592458
B000850,U003564,C011,1974-05,38587.38,2026-08-09T16:21:14.592475
B000851,U003789,C014,1982-03,7075.91,2026-08-09T16:21:14.592493
B000852,U003617,C003,1998-05,1375.55,2026-08-09T16:21:14.592510
B000853,U004096,C014,1990-10,6133.93,2026-08-09T16:21:14.592528
B000854,U002159,C999,1971-10,24039.41,2026-08-09T16:21:14.592545
B000855,U001883,C015,2005-07,33232.33,2026-08-09T16:21:14.592563
B000856,U000800,C015,,-15351.71,2026-08-09T16:21:14.592572
B000857,U001521,C014,,41068.68,2026-08-09T16:21:14.592580
B000858,U002656,C014,1983-08,33589.23,2026-08-09T16:21:14.592598
B000859,U001327,C018,1975-08,8646.19,2026-08-09T16:21:14.592615
B000860,U003231,C016,1978-08,20147.3,2026-08-09T16:21:14.592633
B000861,U003693,C005,1974-02,27754.48,2026-08-09T16:21:14.592650
B000862,U000374,C014,1981-01,20836.81,2026-08-09T16:21:14.592667
B000863,U000084,C014,2016-01,32638.61,2026-08-09T16:21:14.592685
B000864,U001694,C004,1992-05,23916.96,2026-08-09T16:21:14.592702
B000865,U001691,C010,2026-13,36334.19,2026-08-09T16:21:14.592711
B000866,U003420,C004,2013-01,17913.15,2026-08-09T16:21:14.592729
B000867,U004333,C013,1982-04,36104.56,2026-08-09T16:21:14.592746
B000868,U004975,C001,1973-10,20327.78,2026-08-09T16:21:14.592763
B000869,U000247,C008,2013-06,25855.45,2026-08-09T16:21:14.592781
B000870,U003222,C018,2003-08,33974.38,2026-08-09T16:21:14.592799
B000871,U002741,C011,1980-01,38873.26,2026-08-09T16:21:14.592816
B000872,U002841,C000,1979-07,34368.34,2026-08-09T16:21:14.592833
B000873,U004947,C004,1972-07,23718.53,2026-08-09T16:21:14.592851
B000874,U000686,C010,1983-11,29813.1,2026-08-09T16:21:14.592887
B000875,U002108,C000,2001-02,15720.39,2026-08-09T16:21:14.592905
B000876,U002635,C013,2021-10,22517.09,2026-08-09T16:21:14.592966
B000877,U004097,C019,1997-05,44092.98,2026-08-09T16:21:14.592989
B000878,U002777,C011,1971-12,12742.01,2026-08-09T16:21:14.593008
B000879,U000630,C018,1976-05,35226.14,2026-08-09T16:21:14.593026
B000880,U004316,C008,2026-13,,2026-08-09T16:21:14.593035
B000881,U001066,C014,2005-03,36434.85,2026-08-09T16:21:14.593053
B000882,U001442,C005,2004-03,47185.21,2026-08-09T16:21:14.593072
B000883,U000846,C003,2020-10,38081.22,2026-08-09T16:21:14.593090
B000884,U003039,C999,2023-09,44351.49,2026-08-09T16:21:14.593108
B000885,U000988,C015,1975-07,5339.33,2026-08-09T16:21:14.593126
B000886,U002412,C005,2013-10,30843.24,2026-08-09T16:21:14.593143
B000887,U000934,C009,1997-07,13417.56,2026-08-09T16:21:14.593161
B000888,U002809,C017,1988-02,11642.12,2026-08-09T16:21:14.593179
B000889,U000848,C013,2021-03,47768.14,2026-08-09T16:21:14.593196
B000890,U003661,C005,2026-13,-1489.1,2026-08-09T16:21:14.593206
B000891,U004658,C017,2009-06,705.57,2026-08-09T16:21:14.593224
B000892,U002180,C005,1970-10,33933.63,2026-08-09T16:21:14.593241
B000893,U000634,C001,2009-07,21120.92,2026-08-09T16:21:14.593259
B000894,U000585,C014,,44178.07,2026-08-09T16:21:14.593268
B000895,U000658,C012,2009-01,46193.31,2026-08-09T16:21:14.593285
B000896,U000322,C010,2007-02,34265.69,2026-08-09T16:21:14.593303
B000897,U002385,C018,2006-03,9922.24,2026-08-09T16:21:14.593320
B000898,U003758,C005,2012-07,12697.72,2026-08-09T16:21:14.593338
B000899,U004731,C007,1974-06,42642.05,2026-08-09T16:21:14.593355
B000900,U003609,C005,1996-03,28164.44,2026-08-09T16:21:14.593373
B000901,U003549,C007,2019-03,45794.83,2026-08-09T16:21:14.593390
B000902,U001821,C018,2026-13,37074.23,2026-08-09T16:21:14.593399
B000903,U000498,C005,2017-09,44050.01,2026-08-09T16:21:14.593416
B000904,U004505,C010,2020-01,5445.2,2026-08-09T16:21:14.593434
B000905,U004953,C007,2016-06,6369.76,2026-08-09T16:21:14.593451
B000906,U004040,C005,1979-11,27050.5,2026-08-09T16:21:14.593469
B000907,U004690,C003,,11118,2026-08-09T16:21:14.593478
B000908,U004613,C013,1986-08,2984.39,2026-08-09T16:21:14.593537
B000909,U003438,C014,1987-06,19762.69,2026-08-09T16:21:14.593562
B000910,U001406,C014,1983-07,43152.0,2026-08-09T16:21:14.593582
B000911,U002488,C011,2026-02,48861.75,2026-08-09T16:21:14.593601
B000912,U002169,C019,2014-05,37448.44,2026-08-09T16:21:14.593620
B000913,U000191,C014,1998-11,36142.07,2026-08-09T16:21:14.593638
B000914,U004473,C013,2014-01,15074.62,2026-08-09T16:21:14.593657
B000915,U004056,C011,,-42325.91,2026-08-09T16:21:14.593667
B000916,U000083,C003,Q1-2026,47991.93,2026-08-09T16:21:14.593675
B000917,U001359,C005,1976-06,38584.65,2026-08-09T16:21:14.593693
B000918,U002451,C007,2021-09,30988.63,2026-08-09T16:21:14.593711
B000919,U004441,C018,1987-09,45694.35,2026-08-09T16:21:14.593729
B000920,U001420,C005,2010-09,17431.31,2026-08-09T16:21:14.593747
B000921,U000305,C005,1987-03,337.96,2026-08-09T16:21:14.593764
B000922,U002928,C002,2005-01,2046.44,2026-08-09T16:21:14.593782
B000923,U002714,C011,1976-06,42676.82,2026-08-09T16:21:14.593800
B000924,U001853,C010,,16434,2026-08-09T16:21:14.593809
B000925,U001851,C012,2025-04,29048.95,2026-08-09T16:21:14.593826
B000926,U004589,C009,1973-04,34760.18,2026-08-09T16:21:14.593844
B000927,U001586,C007,2010-07,9645.48,2026-08-09T16:21:14.593862
B000928,U002017,C012,2001-04,45957.63,2026-08-09T16:21:14.593880
B000929,U001083,C000,1970-08,40594.17,2026-08-09T16:21:14.593897
B000930,U004622,C017,Q1-2026,-11532.27,2026-08-09T16:21:14.593906
B000931,U002207,C008,1997-04,4532.39,2026-08-09T16:21:14.593964
B000932,U000471,C014,2000-03,39005.99,2026-08-09T16:21:14.593989
B000933,U003217,C010,1980-07,45384.6,2026-08-09T16:21:14.594010
B000934,U001096,C001,1971-11,5904.04,2026-08-09T16:21:14.594029
B000935,U004066,C012,1984-05,9912.41,2026-08-09T16:21:14.594047
B000936,U002531,C018,1972-08,18591.05,2026-08-09T16:21:14.594065
B000937,U000121,C012,1983-06,9120.79,2026-08-09T16:21:14.594083
B000938,U002197,C999,2026-02,4654.41,2026-08-09T16:21:14.594102
B000939,U003671,C010,2010-09,31110.48,2026-08-09T16:21:14.594120
B000940,U004800,C004,1970-07,9048.77,2026-08-09T16:21:14.594137
B000941,U001876,C003,2019-03,24086.06,2026-08-09T16:21:14.594155
B000942,U003283,C004,2022-10,47208.26,2026-08-09T16:21:14.594173
B000943,U002245,C015,1981-06,15931.91,2026-08-09T16:21:14.594191
B000944,U004167,C999,2005-07,45891.3,2026-08-09T16:21:14.594209
B000945,U000842,C004,2002-02,35063.96,2026-08-09T16:21:14.594226
B000946,U003487,C003,1976-06,22433.96,2026-08-09T16:21:14.594244
B000947,U000216,C000,2017-05,28558.38,2026-08-09T16:21:14.594262
B000948,U004366,C008,1979-06,15777.1,2026-08-09T16:21:14.594280
B000949,U000500,C006,1991-07,8319.1,2026-08-09T16:21:14.594297
B000950,U002898,C007,2008-07,43004.39,2026-08-09T16:21:14.594315
B000951,U002603,C003,1971-06,13552.58,2026-08-09T16:21:14.594332
B000952,U001143,C003,2018-09,29098.52,2026-08-09T16:21:14.594350
B000953,U001947,C001,2019-04,25876.06,2026-08-09T16:21:14.594368
B000954,U004843,C014,1982-02,31889.19,2026-08-09T16:21:14.594386
B000955,U004959,C004,1985-01,18724.34,2026-08-09T16:21:14.594403
B000956,U001075,C004,1974-04,48537.68,2026-08-09T16:21:14.594420
B000957,U001935,C008,1983-03,31417.84,2026-08-09T16:21:14.594438
B000958,U004421,C003,2008-09,29539.13,2026-08-09T16:21:14.594455
B000959,U000060,C009,2012-09,38585.32,2026-08-09T16:21:14.594473
B000960,U000339,C013,1980-07,24640.54,2026-08-09T16:21:14.594490
B000961,U004706,C006,1995-07,48082.5,2026-08-09T16:21:14.594508
B000962,U001393,C018,1979-01,29482.49,2026-08-09T16:21:14.594525
B000963,U002902,C003,1978-05,17904.84,2026-08-09T16:21:14.594542
B000964,U000468,C005,2019-03,17021.26,2026-08-09T16:21:14.594560
B000965,U002374,C013,2020-01,13754.11,2026-08-09T16:21:14.594577
B000966,U002732,C999,1974-12,25177.77,2026-08-09T16:21:14.594595
B000967,U004319,C016,1976-04,9613.35,2026-08-09T16:21:14.594612
B000968,U001407,C010,1994-09,34976.54,2026-08-09T16:21:14.594630
B000969,U003914,C004,2001-12,20232.49,2026-08-09T16:21:14.594647
B000970,U004160,C008,2011-01,19900.95,2026-08-09T16:21:14.594664
B000971,U003661,C005,1979-05,18127.01,2026-08-09T16:21:14.594681
B000972,U001137,C011,2024-01,4016.85,2026-08-09T16:21:14.594703
B000973,U001382,C017,2012-03,7959.61,2026-08-09T16:21:14.594720
B000974,U002870,C000,1979-06,37751.55,2026-08-09T16:21:14.594738
B000975,U002889,C999,1991-11,20292.69,2026-08-09T16:21:14.594755
B000976,U002456,C014,2008-06,8613.45,2026-08-09T16:21:14.594773
B000977,U004824,C008,1975-09,44041.79,2026-08-09T16:21:14.594790
B000978,U000742,C005,2012-11,39648.02,2026-08-09T16:21:14.594808
B000979,U002240,C002,1992-09,14380.8,2026-08-09T16:21:14.594826
B000980,U004866,C000,1998-08,39405.17,2026-08-09T16:21:14.594843
B000981,U003420,C012,1976-05,8520.34,2026-08-09T16:21:14.594860
B000982,U000325,C004,1994-07,20501.37,2026-08-09T16:21:14.594878
B000983,U002807,C001,Q1-2026,-18071.71,2026-08-09T16:21:14.594887
B000984,U002335,C999,2026-13,-947.97,2026-08-09T16:21:14.594896
B000985,U000691,C018,2026-13,12288.06,2026-08-09T16:21:14.594904
B000986,U001455,C004,2022-03,8024.5,2026-08-09T16:21:14.594959
B000987,U000767,C002,2014-12,47482.39,2026-08-09T16:21:14.594983
B000988,U000047,C001,2011-12,20999.4,2026-08-09T16:21:14.595004
B000989,U004332,C004,,-24297.82,2026-08-09T16:21:14.595013
B000990,U003278,C003,1993-04,46174.21,2026-08-09T16:21:14.595032
B000991,U000449,C015,1977-09,48781.07,2026-08-09T16:21:14.595050
B000992,U003202,C009,2003-11,10927.25,2026-08-09T16:21:14.595068
B000993,U002899,C000,1980-02,746.12,2026-08-09T16:21:14.595086
B000994,U003793,C005,1975-06,10002.26,2026-08-09T16:21:14.595103
B000995,U003642,C013,1980-09,32955.15,2026-08-09T16:21:14.595121
B000996,U000911,C006,1992-06,49152.11,2026-08-09T16:21:14.595139
B000997,U003361,C003,1984-07,631.42,2026-08-09T16:21:14.595156
B000998,U002121,C009,1979-08,35630.44,2026-08-09T16:21:14.595173
B000999,U002454,C004,1995-01,46935.17,2026-08-09T16:21:14.595212
B001000,U003187,C011,2014-02,13808.33,2026-08-09T16:21:14.595230
B001001,U000952,C006,1979-08,22993.74,2026-08-09T16:21:14.595248
B001002,U003181,C016,1972-04,18106.99,2026-08-09T16:21:14.595265
B001003,U000259,C013,2002-06,42934.07,2026-08-09T16:21:14.595283
B001004,U002056,C019,1974-09,14622.95,2026-08-09T16:21:14.595301
B001005,U000368,C008,2008-10,44001.18,2026-08-09T16:21:14.595318
B001006,U003877,C010,2022-09,42918.82,2026-08-09T16:21:14.595336
B001007,U004509,C014,1989-02,998.44,2026-08-09T16:21:14.595353
B001008,U004050,C019,Q1-2026,-28235.95,2026-08-09T16:21:14.595362
B001009,U000337,C005,2006-04,14358.69,2026-08-09T16:21:14.595380
B001010,U002520,C008,1971-04,38577.07,2026-08-09T16:21:14.595398
B001011,U004064,C005,2026-13,Rs.13440.73,2026-08-09T16:21:14.595407
B001012,U001608,C016,2023-07,41197.5,2026-08-09T16:21:14.595424
B001013,U003675,C018,1970-09,38045.17,2026-08-09T16:21:14.595442
B001014,U002940,C009,Q1-2026,-18492.46,2026-08-09T16:21:14.595451
B001015,U001120,C013,2014-10,27975.0,2026-08-09T16:21:14.595469
B001016,U003830,C005,2026-13,25790,2026-08-09T16:21:14.595478
B001017,U000099,C000,1974-05,29785.05,2026-08-09T16:21:14.595495
B001018,U002762,C999,1999-07,44282.96,2026-08-09T16:21:14.595513
B001019,U002194,C005,2014-02,4577.6,2026-08-09T16:21:14.595531
B001020,U001920,C010,1973-06,39013.69,2026-08-09T16:21:14.595548
B001021,U000266,C018,1989-05,39052.82,2026-08-09T16:21:14.595566
B001022,U000636,C008,1995-04,33601.36,2026-08-09T16:21:14.595583
B001023,U004003,C999,Q1-2026,-20534.15,2026-08-09T16:21:14.595592
B001024,U004138,C016,2015-01,13103.58,2026-08-09T16:21:14.595610
B001025,U000419,C012,1970-02,36389.79,2026-08-09T16:21:14.595627
B001026,U003697,C999,,Rs.43924.73,2026-08-09T16:21:14.595636
B001027,U003828,C004,1984-09,33975.04,2026-08-09T16:21:14.595653
B001028,U001915,C012,1988-02,27677.1,2026-08-09T16:21:14.595671
B001029,U000550,C011,2001-01,32959.49,2026-08-09T16:21:14.595688
B001030,U000713,C016,1993-05,18644.62,2026-08-09T16:21:14.595705
B001031,U004988,C018,1997-09,1687.57,2026-08-09T16:21:14.595723
B001032,U003709,C015,Q1-2026,8355.19,2026-08-09T16:21:14.595731
B001033,U004235,C009,,,2026-08-09T16:21:14.595739
B001034,U004604,C012,1973-07,1031.49,2026-08-09T16:21:14.595756
B001035,U002976,C013,2014-03,37647.41,2026-08-09T16:21:14.595774
B001036,U002764,C001,1998-07,11402.4,2026-08-09T16:21:14.595791
B001037,U002187,C013,1994-09,29611.09,2026-08-09T16:21:14.595809
B001038,U000221,C012,2004-07,24157.52,2026-08-09T16:21:14.595827
B001039,U001728,C000,1972-10,40872.99,2026-08-09T16:21:14.595844
B001040,U000985,C017,1970-05,46651.47,2026-08-09T16:21:14.595862
B001041,U001502,C013,2007-01,20521.53,2026-08-09T16:21:14.595879
B001042,U004707,C999,1982-11,14067.65,2026-08-09T16:21:14.595897
B001043,U000132,C016,,,2026-08-09T16:21:14.595905
B001044,U004115,C010,1971-05,33815.88,2026-08-09T16:21:14.595963
B001045,U000382,C012,1995-06,23541.7,2026-08-09T16:21:14.595987
B001046,U003397,C006,1985-06,15240.95,2026-08-09T16:21:14.596007
B001047,U004219,C019,1986-08,43424.21,2026-08-09T16:21:14.596026
B001048,U003945,C012,1972-04,1213.28,2026-08-09T16:21:14.596045
B001049,U002643,C000,2022-11,42193.69,2026-08-09T16:21:14.596064
B001050,U004677,C004,1983-02,6958.56,2026-08-09T16:21:14.596082
B001051,U003730,C001,1988-07,13125.46,2026-08-09T16:21:14.596100
B001052,U003461,C002,2020-09,27257.8,2026-08-09T16:21:14.596118
B001053,U003627,C000,1974-10,20362.68,2026-08-09T16:21:14.596136
B001054,U000501,C002,2021-02,20116.94,2026-08-09T16:21:14.596155
B001055,U000121,C015,1995-01,9590.98,2026-08-09T16:21:14.596173
B001056,U004762,C005,1995-09,38339.22,2026-08-09T16:21:14.596191
B001057,U000656,C018,2003-09,40821.89,2026-08-09T16:21:14.596209
B001058,U004018,C003,1995-01,28097.0,2026-08-09T16:21:14.596226
B001059,U002644,C006,2022-08,38633.02,2026-08-09T16:21:14.596244
B001060,U000740,C014,1977-10,36879.51,2026-08-09T16:21:14.596261
B001061,U004373,C013,1980-08,41119.7,2026-08-09T16:21:14.596279
B001062,U002149,C005,1971-06,20267.2,2026-08-09T16:21:14.596297
B001063,U000247,C006,2017-12,35900.99,2026-08-09T16:21:14.596314
B001064,U001920,C002,2000-12,33731.84,2026-08-09T16:21:14.596332
B001065,U002677,C009,1983-05,34357.52,2026-08-09T16:21:14.596350
B001066,U000157,C003,1970-08,14121.03,2026-08-09T16:21:14.596367
B001067,U003428,C014,1976-02,1348.93,2026-08-09T16:21:14.596385
B001068,U001471,C002,2012-07,30850.34,2026-08-09T16:21:14.596403
B001069,U003597,C006,1973-07,109.57,2026-08-09T16:21:14.596420
B001070,U004974,C016,1980-12,8128.68,2026-08-09T16:21:14.596438
B001071,U001900,C017,1971-07,45624.01,2026-08-09T16:21:14.596455
B001072,U000525,C007,2020-09,40588.04,2026-08-09T16:21:14.596473
B001073,U000617,C014,2018-02,36236.71,2026-08-09T16:21:14.596491
B001074,U003862,C016,2000-03,43003.02,2026-08-09T16:21:14.596509
B001075,U003087,C999,,33169,2026-08-09T16:21:14.596518
B001076,U004322,C018,1974-02,43186.24,2026-08-09T16:21:14.596536
B001077,U000424,C003,2004-12,18986.89,2026-08-09T16:21:14.596554
B001078,U004758,C004,1972-03,45063.61,2026-08-09T16:21:14.596572
B001079,U000763,C010,1971-09,83.62,2026-08-09T16:21:14.596589
B001080,U000379,C003,1987-02,23802.94,2026-08-09T16:21:14.596607
B001081,U001278,C013,1992-09,31544.23,2026-08-09T16:21:14.596624
B001082,U000392,C006,2026-13,,2026-08-09T16:21:14.596633
B001083,U000537,C014,1973-08,7975.11,2026-08-09T16:21:14.596650
B001084,U001356,C019,2008-03,47294.0,2026-08-09T16:21:14.596668
B001085,U002424,C009,2006-02,42123.94,2026-08-09T16:21:14.596686
B001086,U000247,C000,2017-02,22887.59,2026-08-09T16:21:14.596704
B001087,U004746,C010,2018-06,47570.96,2026-08-09T16:21:14.596721
B001088,U003825,C999,1996-11,13787.75,2026-08-09T16:21:14.596739
B001089,U004422,C000,,46853,2026-08-09T16:21:14.596748
B001090,U003152,C003,1974-05,8582.81,2026-08-09T16:21:14.596765
B001091,U003210,C004,1975-01,787.64,2026-08-09T16:21:14.596783
B001092,U001093,C000,2026-13,,2026-08-09T16:21:14.596791
B001093,U001435,C013,1972-10,9738.97,2026-08-09T16:21:14.596809
B001094,U002167,C008,1992-03,13473.48,2026-08-09T16:21:14.596826
B001095,U004873,C012,2000-08,31514.4,2026-08-09T16:21:14.596844
B001096,U002073,C010,2023-02,49916.01,2026-08-09T16:21:14.596862
B001097,U003969,C000,2018-07,4070.34,2026-08-09T16:21:14.596879
B001098,U002418,C004,,8123.69,2026-08-09T16:21:14.596888
B001099,U004887,C000,2002-01,29282.49,2026-08-09T16:21:14.596905
B001100,U001279,C007,2021-08,22931.88,2026-08-09T16:21:14.596962
B001101,U001496,C017,2001-06,45474.54,2026-08-09T16:21:14.596987
B001102,U003318,C001,2023-11,12503.78,2026-08-09T16:21:14.597014
B001103,U003677,C000,2005-09,6601.64,2026-08-09T16:21:14.597045
B001104,U001984,C012,1975-01,15919.07,2026-08-09T16:21:14.597084
B001105,U002525,C001,2020-08,17603.01,2026-08-09T16:21:14.597119
B001106,U003480,C008,2014-06,25066.6,2026-08-09T16:21:14.597154
B001107,U004364,C014,,Rs.38946.43,2026-08-09T16:21:14.597174
B001108,U001991,C012,Q1-2026,13606.14,2026-08-09T16:21:14.597188
B001109,U000977,C003,1984-05,17620.39,2026-08-09T16:21:14.597225
B001110,U003700,C015,1973-03,12446.0,2026-08-09T16:21:14.597252
B001111,U003277,C013,2011-10,7621.99,2026-08-09T16:21:14.597271
B001112,U001041,C007,2004-03,21400.1,2026-08-09T16:21:14.597290
B001113,U003797,C019,1987-06,38775.39,2026-08-09T16:21:14.597308
B001114,U003340,C009,1986-11,29269.51,2026-08-09T16:21:14.597326
B001115,U004763,C009,2008-10,28351.71,2026-08-09T16:21:14.597344
B001116,U001426,C004,2023-03,37427.25,2026-08-09T16:21:14.597363
B001117,U001523,C019,2000-09,26226.5,2026-08-09T16:21:14.597381
B001118,U003364,C018,2007-03,30997.93,2026-08-09T16:21:14.597399
B001119,U003415,C012,2026-13,48325.25,2026-08-09T16:21:14.597408
B001120,U003343,C005,1976-10,9465.3,2026-08-09T16:21:14.597426
B001121,U004999,C018,1973-07,45434.97,2026-08-09T16:21:14.597443
B001122,U001264,C018,1977-01,45741.51,2026-08-09T16:21:14.597461
B001123,U004490,C007,2026-06,10774.66,2026-08-09T16:21:14.597479
B001124,U003911,C012,2023-09,27803.33,2026-08-09T16:21:14.597568
B001125,U004058,C014,1985-07,30549.64,2026-08-09T16:21:14.597591
B001126,U003553,C000,2021-06,15062.38,2026-08-09T16:21:14.597610
B001127,U004302,C005,2009-07,2452.3,2026-08-09T16:21:14.597629
B001128,U002060,C019,1998-04,40656.79,2026-08-09T16:21:14.597648
B001129,U001639,C019,Q1-2026,37304.32,2026-08-09T16:21:14.597657
B001130,U001267,C004,2009-05,20128.52,2026-08-09T16:21:14.597675
B001131,U000544,C009,,2493.02,2026-08-09T16:21:14.597684
B001132,U003267,C004,1996-04,42005.39,2026-08-09T16:21:14.597702
B001133,U000551,C009,1993-07,37062.15,2026-08-09T16:21:14.597720
B001134,U000276,C009,1974-01,36557.15,2026-08-09T16:21:14.597738
B001135,U001783,C009,2018-09,5919.26,2026-08-09T16:21:14.597756
B001136,U004709,C015,1977-04,16076.64,2026-08-09T16:21:14.597774
B001137,U004452,C015,2001-12,6628.44,2026-08-09T16:21:14.597791
B001138,U004424,C013,2011-10,32224.92,2026-08-09T16:21:14.597809
B001139,U003143,C009,1975-06,7996.85,2026-08-09T16:21:14.597827
B001140,U001109,C009,1972-03,45430.45,2026-08-09T16:21:14.597847
B001141,U001239,C001,1978-09,25934.32,2026-08-09T16:21:14.597864
B001142,U001901,C000,1975-05,28515.68,2026-08-09T16:21:14.597882
B001143,U003494,C013,1993-11,30435.47,2026-08-09T16:21:14.597899
B001144,U002138,C017,1988-09,45288.15,2026-08-09T16:21:14.597957
B001145,U004656,C017,2022-10,46061.64,2026-08-09T16:21:14.597985
B001146,U000278,C999,1997-05,49386.99,2026-08-09T16:21:14.598007
B001147,U004374,C004,2023-08,43968.54,2026-08-09T16:21:14.598027
B001148,U002985,C007,Q1-2026,Rs.46762.78,2026-08-09T16:21:14.598037
B001149,U000823,C016,2012-12,21536.37,2026-08-09T16:21:14.598056
B001150,U003934,C004,1972-04,37887.21,2026-08-09T16:21:14.598074
B001151,U002378,C000,2020-01,15487.91,2026-08-09T16:21:14.598093
B001152,U002517,C015,2007-09,12888.8,2026-08-09T16:21:14.598111
B001153,U002604,C007,2001-06,48218.61,2026-08-09T16:21:14.598129
B001154,U003949,C019,1984-03,15794.27,2026-08-09T16:21:14.598146
B001155,U000104,C001,2025-10,24815.07,2026-08-09T16:21:14.598164
B001156,U001389,C002,2024-03,24821.49,2026-08-09T16:21:14.598182
B001157,U000508,C007,1987-04,20958.0,2026-08-09T16:21:14.598199
B001158,U001469,C001,1998-07,7339.17,2026-08-09T16:21:14.598217
B001159,U004782,C019,1979-03,36114.45,2026-08-09T16:21:14.598235
B001160,U004224,C015,1996-01,9676.88,2026-08-09T16:21:14.598252
B001161,U001555,C009,1977-09,36590.8,2026-08-09T16:21:14.598270
B001162,U002543,C008,2018-10,42332.97,2026-08-09T16:21:14.598288
B001163,U004988,C000,2011-03,38988.74,2026-08-09T16:21:14.598306
B001164,U000210,C014,1973-05,37492.12,2026-08-09T16:21:14.598324
B001165,U001054,C007,2021-12,15767.51,2026-08-09T16:21:14.598341
B001166,U000042,C015,,16074.42,2026-08-09T16:21:14.598351
B001167,U003860,C999,2006-01,1715.46,2026-08-09T16:21:14.598369
B001168,U004565,C011,2006-06,4500.52,2026-08-09T16:21:14.598387
B001169,U001363,C017,1980-05,29658.54,2026-08-09T16:21:14.598405
B001170,U002880,C012,2026-13,-48580.31,2026-08-09T16:21:14.598413
B001171,U004573,C011,1985-02,25449.09,2026-08-09T16:21:14.598431
B001172,U004461,C002,2001-12,36448.7,2026-08-09T16:21:14.598449
B001173,U001004,C014,1996-11,13036.0,2026-08-09T16:21:14.598466
B001174,U003214,C011,1983-05,12451.33,2026-08-09T16:21:14.598484
B001175,U003263,C001,2010-02,32334.16,2026-08-09T16:21:14.598502
B001176,U000022,C001,1998-03,14259.97,2026-08-09T16:21:14.598520
B001177,U000103,C009,2025-05,15953.47,2026-08-09T16:21:14.598537
B001178,U004420,C008,2024-03,49235.75,2026-08-09T16:21:14.598555
B001179,U002036,C019,2005-01,46156.74,2026-08-09T16:21:14.598572
B001180,U001225,C005,2019-08,4080.93,2026-08-09T16:21:14.598590
B001181,U001712,C018,1980-10,19137.12,2026-08-09T16:21:14.598607
B001182,U000326,C007,2005-08,25691.94,2026-08-09T16:21:14.598625
B001183,U004456,C017,1989-03,19973.02,2026-08-09T16:21:14.598642
B001184,U000172,C014,1996-10,26713.57,2026-08-09T16:21:14.598660
B001185,U003209,C010,2026-13,Rs.30407.94,2026-08-09T16:21:14.598669
B001186,U003130,C009,2008-09,34605.54,2026-08-09T16:21:14.598686
B001187,U001692,C006,1970-11,36121.52,2026-08-09T16:21:14.598703
B001188,U003420,C004,2009-08,10012.38,2026-08-09T16:21:14.598721
B001189,U004955,C014,1984-06,15006.05,2026-08-09T16:21:14.598738
B001190,U004121,C016,2020-08,45001.14,2026-08-09T16:21:14.598756
B001191,U003538,C015,2004-08,2138.15,2026-08-09T16:21:14.598773
B001192,U004957,C017,2002-07,24153.57,2026-08-09T16:21:14.598791
B001193,U004887,C005,1992-09,2060.9,2026-08-09T16:21:14.598808
B001194,U000962,C019,1993-12,34967.58,2026-08-09T16:21:14.598826
B001195,U002311,C007,2026-13,4602,2026-08-09T16:21:14.598835
B001196,U003193,C012,2010-05,5022.0,2026-08-09T16:21:14.598852
B001197,U002258,C017,2015-04,16931.78,2026-08-09T16:21:14.598870
B001198,U001335,C012,2026-13,-9331.67,2026-08-09T16:21:14.598879
B001199,U003303,C001,1987-06,14770.48,2026-08-09T16:21:14.598896
B001200,U001301,C004,1991-09,914.29,2026-08-09T16:21:14.598943
B001201,U003853,C000,2000-03,23807.68,2026-08-09T16:21:14.598977
B001202,U002976,C008,1985-02,14820.33,2026-08-09T16:21:14.599000
B001203,U000464,C017,2008-05,33948.02,2026-08-09T16:21:14.599020
B001204,U001127,C999,1984-01,44771.05,2026-08-09T16:21:14.599038
B001205,U000520,C009,,37297.43,2026-08-09T16:21:14.599048
B001206,U001997,C018,2001-07,13622.24,2026-08-09T16:21:14.599066
B001207,U003980,C012,1988-01,49890.13,2026-08-09T16:21:14.599084
B001208,U003337,C005,2012-12,12417.38,2026-08-09T16:21:14.599102
B001209,U004720,C012,2015-01,46143.23,2026-08-09T16:21:14.599121
B001210,U000111,C004,1989-08,37454.52,2026-08-09T16:21:14.599139
B001211,U004379,C009,2026-13,,2026-08-09T16:21:14.599147
B001212,U003673,C000,2010-03,10811.93,2026-08-09T16:21:14.599165
B001213,U003287,C001,2004-02,16538.9,2026-08-09T16:21:14.599182
B001214,U003222,C007,2001-04,2086.08,2026-08-09T16:21:14.599200
B001215,U003555,C000,2001-04,18554.52,2026-08-09T16:21:14.599218
B001216,U004349,C999,2007-06,4395.62,2026-08-09T16:21:14.599237
B001217,U002178,C000,1992-12,31195.98,2026-08-09T16:21:14.599254
B001218,U000089,C006,2014-08,29336.22,2026-08-09T16:21:14.599273
B001219,U001350,C001,1978-10,40276.65,2026-08-09T16:21:14.599290
B001220,U000236,C004,1984-02,18248.17,2026-08-09T16:21:14.599308
B001221,U002148,C010,2026-13,34431.09,2026-08-09T16:21:14.599316
B001222,U003039,C018,2025-02,23379.87,2026-08-09T16:21:14.599334
B001223,U001894,C003,2019-01,28728.16,2026-08-09T16:21:14.599351
B001224,U003214,C001,2017-01,2486.45,2026-08-09T16:21:14.599369
B001225,U003525,C001,2018-07,6661.07,2026-08-09T16:21:14.599386
B001226,U002857,C015,2020-08,46722.89,2026-08-09T16:21:14.599404
B001227,U002111,C008,2023-02,49074.31,2026-08-09T16:21:14.599422
B001228,U001122,C001,2005-09,15957.95,2026-08-09T16:21:14.599439
B001229,U004955,C009,1973-03,34677.35,2026-08-09T16:21:14.599457
B001230,U001844,C016,1975-11,4537.24,2026-08-09T16:21:14.599474
B001231,U004596,C003,1994-01,35921.13,2026-08-09T16:21:14.599492
B001232,U002849,C999,1983-12,17526.05,2026-08-09T16:21:14.599510
B001233,U002318,C010,2014-02,19912.86,2026-08-09T16:21:14.599528
B001234,U001375,C019,1976-08,39712.16,2026-08-09T16:21:14.599546
B001235,U001010,C015,2009-02,30830.39,2026-08-09T16:21:14.599563
B001236,U003337,C012,2026-13,11744.34,2026-08-09T16:21:14.599572
B001237,U003440,C004,1977-07,15486.75,2026-08-09T16:21:14.599589
B001238,U003667,C000,1991-03,14823.67,2026-08-09T16:21:14.599607
B001239,U001263,C013,2009-01,45090.86,2026-08-09T16:21:14.599625
B001240,U001073,C006,1984-06,17672.44,2026-08-09T16:21:14.599642
B001241,U002998,C016,2009-01,18264.64,2026-08-09T16:21:14.599660
B001242,U001630,C000,2026-13,22066,2026-08-09T16:21:14.599669
B001243,U000738,C013,1989-06,24857.55,2026-08-09T16:21:14.599686
B001244,U003467,C001,,N/A,2026-08-09T16:21:14.599694
B001245,U001468,C008,2025-01,15118.08,2026-08-09T16:21:14.599711
B001246,U004839,C010,1993-07,15386.46,2026-08-09T16:21:14.599729
B001247,U000463,C012,1992-09,48431.77,2026-08-09T16:21:14.599747
B001248,U002993,C006,2015-04,4862.72,2026-08-09T16:21:14.599764
B001249,U003830,C018,1999-11,2730.17,2026-08-09T16:21:14.599805
B001250,U001008,C018,1993-10,46679.46,2026-08-09T16:21:14.599823
B001251,U004298,C999,Q1-2026,Rs.26580.54,2026-08-09T16:21:14.599833
B001252,U002460,C012,2020-03,29041.02,2026-08-09T16:21:14.599851
B001253,U003181,C003,1981-01,27690.91,2026-08-09T16:21:14.599869
B001254,U002640,C019,1996-01,24749.86,2026-08-09T16:21:14.599886
B001255,U004583,C014,1986-01,19805.44,2026-08-09T16:21:14.599904
B001256,U003065,C014,1985-01,2468.31,2026-08-09T16:21:14.599961
B001257,U001989,C015,1990-07,42379.77,2026-08-09T16:21:14.599986
B001258,U000726,C017,2010-07,13275.31,2026-08-09T16:21:14.600007
B001259,U000821,C018,2011-11,9288.57,2026-08-09T16:21:14.600026
B001260,U002948,C013,,-12102.36,2026-08-09T16:21:14.600036
B001261,U004945,C015,2020-01,10642.94,2026-08-09T16:21:14.600061
B001262,U001723,C018,2023-05,49914.59,2026-08-09T16:21:14.600093
B001263,U002122,C001,1981-07,9310.3,2026-08-09T16:21:14.600128
B001264,U001092,C010,2019-04,12011.25,2026-08-09T16:21:14.600166
B001265,U003234,C014,2022-11,18809.34,2026-08-09T16:21:14.600201
B001266,U001530,C008,1974-10,8275.24,2026-08-09T16:21:14.600233
B001267,U001939,C019,1975-12,46653.27,2026-08-09T16:21:14.600265
B001268,U004382,C010,1989-03,32588.76,2026-08-09T16:21:14.600285
B001269,U001143,C005,2026-13,Rs.28765.83,2026-08-09T16:21:14.600295
B001270,U000534,C013,2020-05,30846.2,2026-08-09T16:21:14.600313
B001271,U001435,C016,1984-12,13952.23,2026-08-09T16:21:14.600331
B001272,U002432,C015,2026-02,32995.55,2026-08-09T16:21:14.600349
B001273,U004303,C004,1988-10,44474.0,2026-08-09T16:21:14.600367
B001274,U003958,C010,,Rs.43102.26,2026-08-09T16:21:14.600376
B001275,U002802,C004,2006-04,44835.99,2026-08-09T16:21:14.600394
B001276,U003625,C010,,N/A,2026-08-09T16:21:14.600402
B001277,U004514,C007,2026-13,1482,2026-08-09T16:21:14.600411
B001278,U002329,C007,1979-06,10680.07,2026-08-09T16:21:14.600428
B001279,U003543,C999,2016-01,36238.07,2026-08-09T16:21:14.600446
B001280,U001050,C015,2005-10,22475.52,2026-08-09T16:21:14.600468
B001281,U001669,C002,2000-02,20714.23,2026-08-09T16:21:14.600487
B001282,U000276,C012,1986-12,20096.44,2026-08-09T16:21:14.600505
B001283,U003916,C000,2018-06,46276.4,2026-08-09T16:21:14.600522
B001284,U001698,C017,2013-06,18081.7,2026-08-09T16:21:14.600540
B001285,U000283,C010,1991-06,30721.99,2026-08-09T16:21:14.600557
B001286,U004124,C009,1998-08,6772.25,2026-08-09T16:21:14.600575
B001287,U000307,C999,2020-11,23651.11,2026-08-09T16:21:14.600593
B001288,U000439,C004,1974-03,44891.36,2026-08-09T16:21:14.600611
B001289,U003558,C015,2005-04,39077.25,2026-08-09T16:21:14.600629
B001290,U001368,C013,1976-12,22677.62,2026-08-09T16:21:14.600647
B001291,U004662,C000,2021-07,42094.45,2026-08-09T16:21:14.600666
B001292,U001309,C000,1985-06,42140.05,2026-08-09T16:21:14.600684
B001293,U003316,C006,1997-10,40244.46,2026-08-09T16:21:14.600701
B001294,U002923,C999,2004-07,42349.01,2026-08-09T16:21:14.600719
B001295,U003305,C008,2021-01,47293.75,2026-08-09T16:21:14.600737
B001296,U002316,C018,2007-05,22396.35,2026-08-09T16:21:14.600755
B001297,U003978,C999,1986-04,29314.03,2026-08-09T16:21:14.600772
B001298,U001782,C018,2003-03,34952.15,2026-08-09T16:21:14.600790
B001299,U003968,C018,2019-09,41933.76,2026-08-09T16:21:14.600807
B001300,U004900,C002,2026-01,12891.8,2026-08-09T16:21:14.600825
B001301,U004145,C013,1979-10,1728.74,2026-08-09T16:21:14.600843
B001302,U002580,C010,1994-12,720.16,2026-08-09T16:21:14.600861
B001303,U001700,C004,1981-07,41179.07,2026-08-09T16:21:14.600878
B001304,U003575,C009,1982-02,10831.75,2026-08-09T16:21:14.600895
B001305,U001822,C018,2021-05,12870.42,2026-08-09T16:21:14.600943
B001306,U001071,C003,2004-12,7855.85,2026-08-09T16:21:14.600978
B001307,U004371,C999,2019-12,3740.75,2026-08-09T16:21:14.601002
B001308,U000854,C010,1991-03,30799.73,2026-08-09T16:21:14.601021
B001309,U002780,C007,2006-07,12581.38,2026-08-09T16:21:14.601041
B001310,U000049,C005,Q1-2026,22527,2026-08-09T16:21:14.601050
B001311,U001338,C004,2015-12,45481.86,2026-08-09T16:21:14.601068
B001312,U004350,C009,1990-05,46952.95,2026-08-09T16:21:14.601087
B001313,U001323,C010,2018-05,19890.61,2026-08-09T16:21:14.601105
B001314,U004128,C015,1973-06,3220.06,2026-08-09T16:21:14.601123
B001315,U004105,C016,1987-11,7075.78,2026-08-09T16:21:14.601140
B001316,U001679,C014,1976-10,26297.72,2026-08-09T16:21:14.601158
B001317,U003957,C001,1990-11,16498.09,2026-08-09T16:21:14.601176
B001318,U002376,C002,2023-06,19402.76,2026-08-09T16:21:14.601193
B001319,U000631,C006,Q1-2026,N/A,2026-08-09T16:21:14.601202
B001320,U002506,C014,1974-04,37382.19,2026-08-09T16:21:14.601219
B001321,U004394,C008,1999-12,19576.84,2026-08-09T16:21:14.601237
B001322,U002658,C016,2018-06,21424.78,2026-08-09T16:21:14.601255
B001323,U000276,C018,1997-03,38754.47,2026-08-09T16:21:14.601285
B001324,U004436,C007,2002-03,48553.55,2026-08-09T16:21:14.601318
B001325,U003643,C004,2021-12,10074.52,2026-08-09T16:21:14.601355
B001326,U000415,C017,2020-10,2977.11,2026-08-09T16:21:14.601389
B001327,U003417,C002,1972-10,19215.71,2026-08-09T16:21:14.601422
B001328,U000810,C013,2024-03,16139.35,2026-08-09T16:21:14.601457
B001329,U003683,C016,2016-01,20323.54,2026-08-09T16:21:14.601543
B001330,U004089,C016,2001-07,47351.63,2026-08-09T16:21:14.601580
B001331,U002936,C015,1984-09,17609.73,2026-08-09T16:21:14.601602
B001332,U001410,C008,2011-11,23518.31,2026-08-09T16:21:14.601621
B001333,U000056,C001,2026-06,19326.88,2026-08-09T16:21:14.601640
B001334,U004268,C013,1971-06,40419.75,2026-08-09T16:21:14.601658
B001335,U002385,C001,1998-06,17877.09,2026-08-09T16:21:14.601676
B001336,U002890,C008,1977-12,16261.55,2026-08-09T16:21:14.601694
B001337,U002102,C009,1992-11,13008.01,2026-08-09T16:21:14.601712
B001338,U004822,C019,1986-12,23620.75,2026-08-09T16:21:14.601730
B001339,U001177,C006,2023-10,10087.53,2026-08-09T16:21:14.601748
B001340,U004377,C013,2012-01,859.26,2026-08-09T16:21:14.601766
B001341,U002607,C015,2000-04,43364.48,2026-08-09T16:21:14.601785
B001342,U003707,C000,2008-07,47916.99,2026-08-09T16:21:14.601803
B001343,U000373,C019,2025-05,14921.97,2026-08-09T16:21:14.601820
B001344,U001260,C006,2023-03,25639.6,2026-08-09T16:21:14.601838
B001345,U001420,C001,1987-06,39867.71,2026-08-09T16:21:14.601856
B001346,U000397,C017,2012-02,30577.06,2026-08-09T16:21:14.601874
B001347,U000249,C019,2025-11,38845.19,2026-08-09T16:21:14.601891
B001348,U000566,C006,2005-12,13463.05,2026-08-09T16:21:14.601935
B001349,U004783,C013,2022-02,31902.12,2026-08-09T16:21:14.601973
B001350,U003896,C019,2005-10,24244.7,2026-08-09T16:21:14.601998
B001351,U001371,C015,1970-10,6755.12,2026-08-09T16:21:14.602023
B001352,U001252,C017,1993-10,13443.62,2026-08-09T16:21:14.602042
B001353,U003188,C019,2012-01,13522.39,2026-08-09T16:21:14.602061
B001354,U002603,C001,,10240.15,2026-08-09T16:21:14.602070
B001355,U004031,C009,1992-01,49392.98,2026-08-09T16:21:14.602089
B001356,U000116,C018,2011-01,16100.18,2026-08-09T16:21:14.602107
B001357,U001824,C018,1991-05,12568.23,2026-08-09T16:21:14.602126
B001358,U002758,C018,Q1-2026,-38065.81,2026-08-09T16:21:14.602136
B001359,U003540,C000,2018-12,8437.6,2026-08-09T16:21:14.602154
B001360,U002214,C004,2005-06,32537.17,2026-08-09T16:21:14.602172
B001361,U000362,C007,1983-09,48472.65,2026-08-09T16:21:14.602190
B001362,U004345,C019,1995-03,48748.11,2026-08-09T16:21:14.602207
B001363,U004264,C008,1987-07,30530.1,2026-08-09T16:21:14.602225
B001364,U003839,C006,1975-10,42220.76,2026-08-09T16:21:14.602243
B001365,U001862,C003,2015-12,28180.43,2026-08-09T16:21:14.602261
B001366,U003766,C015,2015-03,14292.28,2026-08-09T16:21:14.602278
B001367,U002970,C019,2015-01,18271.33,2026-08-09T16:21:14.602296
B001368,U002529,C002,1999-05,25679.13,2026-08-09T16:21:14.602313
B001369,U002189,C016,1997-10,36084.51,2026-08-09T16:21:14.602331
B001370,U004103,C016,2024-02,37733.18,2026-08-09T16:21:14.602349
B001371,U004967,C010,2005-08,39337.53,2026-08-09T16:21:14.602366
B001372,U003247,C016,1991-11,40300.99,2026-08-09T16:21:14.602384
B001373,U004673,C013,1970-07,7967.08,2026-08-09T16:21:14.602402
B001374,U001800,C005,1974-05,48553.99,2026-08-09T16:21:14.602443
B001375,U002953,C017,2013-09,18843.43,2026-08-09T16:21:14.602462
B001376,U002293,C005,1994-10,22967.74,2026-08-09T16:21:14.602480
B001377,U002396,C016,1989-10,10497.25,2026-08-09T16:21:14.602498
B001378,U003632,C006,1970-07,34992.69,2026-08-09T16:21:14.602515
B001379,U001489,C018,1976-02,10689.69,2026-08-09T16:21:14.602533
B001380,U000708,C011,1979-04,4622.71,2026-08-09T16:21:14.602551
B001381,U000739,C014,1970-02,27048.71,2026-08-09T16:21:14.602569
B001382,U001201,C012,2011-02,41168.2,2026-08-09T16:21:14.602587
B001383,U004613,C009,1980-10,20721.83,2026-08-09T16:21:14.602605
B001384,U000191,C013,1993-07,46393.27,2026-08-09T16:21:14.602623
B001385,U003769,C004,1970-02,11010.98,2026-08-09T16:21:14.602640
B001386,U003688,C019,1984-05,25134.32,2026-08-09T16:21:14.602657
B001387,U001241,C005,1972-12,11407.67,2026-08-09T16:21:14.602675
B001388,U004695,C001,2021-07,1805.22,2026-08-09T16:21:14.602693
B001389,U003509,C010,1997-03,41197.86,2026-08-09T16:21:14.602711
B001390,U004441,C999,2001-07,31891.73,2026-08-09T16:21:14.602729
B001391,U004523,C008,,N/A,2026-08-09T16:21:14.602738
B001392,U000578,C999,2015-12,39555.17,2026-08-09T16:21:14.602755
B001393,U002571,C010,2000-08,10134.23,2026-08-09T16:21:14.602774
B001394,U004461,C017,2014-09,31219.52,2026-08-09T16:21:14.602791
B001395,U003706,C006,,Rs.25714.27,2026-08-09T16:21:14.602801
B001396,U004047,C019,2026-13,Rs.27895.74,2026-08-09T16:21:14.602809
B001397,U004985,C999,2024-06,19536.42,2026-08-09T16:21:14.602828
B001398,U004505,C006,1998-12,25281.34,2026-08-09T16:21:14.602846
B001399,U003631,C013,1982-11,10276.1,2026-08-09T16:21:14.602863
B001400,U001274,C000,Q1-2026,-23954.54,2026-08-09T16:21:14.602872
B001401,U003269,C003,1977-07,9028.53,2026-08-09T16:21:14.602890
B001402,U004936,C000,2022-05,31605.42,2026-08-09T16:21:14.602931
B001403,U000722,C017,1973-05,43925.91,2026-08-09T16:21:14.602980
B001404,U001267,C018,1992-02,32355.56,2026-08-09T16:21:14.603003
B001405,U003170,C999,1974-07,39209.06,2026-08-09T16:21:14.603024
B001406,U001096,C000,Q1-2026,-41377.72,2026-08-09T16:21:14.603034
B001407,U004882,C001,2012-04,43655.09,2026-08-09T16:21:14.603053
B001408,U004801,C004,2026-13,-24057.57,2026-08-09T16:21:14.603062
B001409,U003175,C017,2004-12,30338.7,2026-08-09T16:21:14.603081
B001410,U002251,C016,1986-09,33141.05,2026-08-09T16:21:14.603099
B001411,U002488,C019,1991-01,45106.99,2026-08-09T16:21:14.603117
B001412,U001987,C010,2018-02,2221.49,2026-08-09T16:21:14.603135
B001413,U003770,C016,2005-01,30713.03,2026-08-09T16:21:14.603153
B001414,U001845,C006,2013-03,16922.58,2026-08-09T16:21:14.603171
B001415,U000108,C015,2004-12,22118.54,2026-08-09T16:21:14.603190
B001416,U001399,C006,2016-02,5016.5,2026-08-09T16:21:14.603208
B001417,U000349,C010,2012-08,22004.51,2026-08-09T16:21:14.603227
B001418,U002928,C004,1995-08,32188.94,2026-08-09T16:21:14.603244
B001419,U004943,C007,2019-07,25833.75,2026-08-09T16:21:14.603262
B001420,U002295,C008,1979-04,2245.18,2026-08-09T16:21:14.603280
B001421,U004170,C017,2022-09,10469.74,2026-08-09T16:21:14.603298
B001422,U002550,C002,2006-08,15435.35,2026-08-09T16:21:14.603315
B001423,U000421,C999,1986-03,45988.11,2026-08-09T16:21:14.603333
B001424,U001248,C007,1985-10,48889.07,2026-08-09T16:21:14.603350
B001425,U000403,C006,1985-04,20035.81,2026-08-09T16:21:14.603369
B001426,U000932,C010,1984-07,31392.98,2026-08-09T16:21:14.603387
B001427,U004373,C019,1970-10,3741.64,2026-08-09T16:21:14.603404
B001428,U003587,C014,Q1-2026,-22325.97,2026-08-09T16:21:14.603413
B001429,U001901,C999,1996-12,48676.4,2026-08-09T16:21:14.603431
B001430,U002187,C011,2017-09,21323.32,2026-08-09T16:21:14.603448
B001431,U003375,C015,1979-08,28729.5,2026-08-09T16:21:14.603466
B001432,U001899,C013,2009-12,36284.21,2026-08-09T16:21:14.603484
B001433,U002442,C000,2000-03,3329.02,2026-08-09T16:21:14.603502
B001434,U001103,C019,1993-12,15971.71,2026-08-09T16:21:14.603519
B001435,U004084,C016,2010-08,33098.64,2026-08-09T16:21:14.603536
B001436,U002908,C018,1990-01,47245.72,2026-08-09T16:21:14.603554
B001437,U001312,C019,1990-11,45501.5,2026-08-09T16:21:14.603571
B001438,U003597,C007,1999-05,5231.98,2026-08-09T16:21:14.603589
B001439,U004583,C006,2022-06,35536.41,2026-08-09T16:21:14.603607
B001440,U000726,C010,1988-03,27964.94,2026-08-09T16:21:14.603624
B001441,U002492,C999,2003-11,8192.23,2026-08-09T16:21:14.603642
B001442,U001856,C005,2019-01,15011.29,2026-08-09T16:21:14.603659
B001443,U003054,C002,1985-06,27504.01,2026-08-09T16:21:14.603678
B001444,U002083,C017,2025-03,12379.47,2026-08-09T16:21:14.603695
B001445,U003187,C000,2007-05,47337.24,2026-08-09T16:21:14.603712
B001446,U002456,C009,2009-06,39737.51,2026-08-09T16:21:14.603730
B001447,U002085,C012,1982-01,8842.53,2026-08-09T16:21:14.603747
B001448,U004688,C011,2012-08,27243.02,2026-08-09T16:21:14.603765
B001449,U003989,C008,1997-09,37038.78,2026-08-09T16:21:14.603783
B001450,U004995,C003,2013-04,21240.49,2026-08-09T16:21:14.603800
B001451,U002758,C000,1998-07,47415.75,2026-08-09T16:21:14.603818
B001452,U000630,C016,2003-07,33223.57,2026-08-09T16:21:14.603835
B001453,U004520,C002,1971-08,32280.07,2026-08-09T16:21:14.603853
B001454,U000810,C007,1987-10,39388.9,2026-08-09T16:21:14.603870
B001455,U002240,C015,1997-01,19336.33,2026-08-09T16:21:14.603888
B001456,U004839,C008,1996-07,40866.75,2026-08-09T16:21:14.603905
B001457,U003988,C014,2016-06,14397.2,2026-08-09T16:21:14.603961
B001458,U001052,C018,2006-04,40520.14,2026-08-09T16:21:14.603986
B001459,U004391,C012,2018-01,14437.89,2026-08-09T16:21:14.604007
B001460,U001977,C006,1981-10,38534.82,2026-08-09T16:21:14.604026
B001461,U001241,C013,Q1-2026,17400.57,2026-08-09T16:21:14.604036
B001462,U004793,C012,Q1-2026,-40960.31,2026-08-09T16:21:14.604045
B001463,U003404,C012,1995-02,22626.47,2026-08-09T16:21:14.604064
B001464,U003092,C013,1970-11,20699.01,2026-08-09T16:21:14.604082
B001465,U000012,C004,1987-08,49869.12,2026-08-09T16:21:14.604100
B001466,U001970,C008,2005-06,8703.07,2026-08-09T16:21:14.604118
B001467,U000262,C004,1972-04,39673.76,2026-08-09T16:21:14.604136
B001468,U001094,C007,2003-03,13440.56,2026-08-09T16:21:14.604154
B001469,U000324,C002,2004-04,44983.22,2026-08-09T16:21:14.604172
B001470,U003585,C013,2011-04,27690.8,2026-08-09T16:21:14.604190
B001471,U003999,C011,2000-04,30863.68,2026-08-09T16:21:14.604207
B001472,U003885,C014,Q1-2026,-3617.62,2026-08-09T16:21:14.604216
B001473,U003306,C003,1987-11,13724.65,2026-08-09T16:21:14.604234
B001474,U001345,C006,2026-13,Rs.38845.43,2026-08-09T16:21:14.604243
B001475,U003239,C011,2013-09,21719.71,2026-08-09T16:21:14.604260
B001476,U003087,C001,2016-04,5511.08,2026-08-09T16:21:14.604278
B001477,U004010,C004,1983-01,18986.71,2026-08-09T16:21:14.604296
B001478,U003661,C011,Q1-2026,Rs.45230.75,2026-08-09T16:21:14.604305
B001479,U002743,C011,1973-02,29136.57,2026-08-09T16:21:14.604323
B001480,U001496,C015,1983-05,34268.6,2026-08-09T16:21:14.604340
B001481,U002152,C002,2025-01,14938.54,2026-08-09T16:21:14.604358
B001482,U001772,C017,,-133.98,2026-08-09T16:21:14.604368
B001483,U002812,C002,1994-07,36433.08,2026-08-09T16:21:14.604385
B001484,U002220,C009,1971-06,46268.73,2026-08-09T16:21:14.604403
B001485,U004500,C012,1977-07,24060.75,2026-08-09T16:21:14.604421
B001486,U004390,C007,1990-02,28637.42,2026-08-09T16:21:14.604438
B001487,U001975,C007,2001-03,3314.57,2026-08-09T16:21:14.604456
B001488,U002260,C012,1993-03,36563.44,2026-08-09T16:21:14.604473
B001489,U003062,C015,2005-10,14627.61,2026-08-09T16:21:14.604491
B001490,U001219,C011,1991-09,4648.82,2026-08-09T16:21:14.604509
B001491,U004819,C014,2010-07,26303.9,2026-08-09T16:21:14.604527
B001492,U002595,C006,2018-05,3185.75,2026-08-09T16:21:14.604545
B001493,U000066,C009,1993-09,708.06,2026-08-09T16:21:14.604562
B001494,U001997,C014,1990-03,24782.4,2026-08-09T16:21:14.604580
B001495,U000776,C016,2008-04,9724.02,2026-08-09T16:21:14.604597
B001496,U003063,C016,2021-05,2589.4,2026-08-09T16:21:14.604614
B001497,U004390,C015,2026-13,-4297.85,2026-08-09T16:21:14.604623
B001498,U000754,C002,,,2026-08-09T16:21:14.604648
B001499,U000851,C000,1992-03,24299.4,2026-08-09T16:21:14.604668
B001500,U004495,C014,2021-04,4874.92,2026-08-09T16:21:14.604686
B001501,U003320,C999,1988-06,26230.03,2026-08-09T16:21:14.604708
B001502,U001055,C010,1974-08,38051.69,2026-08-09T16:21:14.604726
B001503,U003330,C999,1979-09,27400.32,2026-08-09T16:21:14.604745
B001504,U001169,C013,1973-03,41100.19,2026-08-09T16:21:14.604763
B001505,U002002,C002,1998-04,18620.66,2026-08-09T16:21:14.604781
B001506,U001607,C000,1977-05,20218.18,2026-08-09T16:21:14.604799
B001507,U001599,C001,2026-13,Rs.47947.29,2026-08-09T16:21:14.604808
B001508,U002745,C000,1979-05,33767.25,2026-08-09T16:21:14.604826
B001509,U001131,C005,1977-09,14422.45,2026-08-09T16:21:14.604845
B001510,U002369,C004,2026-13,,2026-08-09T16:21:14.604853
B001511,U000617,C008,1987-08,15994.73,2026-08-09T16:21:14.604871
B001512,U001160,C000,2007-02,4781.47,2026-08-09T16:21:14.604889
B001513,U003476,C007,2021-10,10298.28,2026-08-09T16:21:14.604931
B001514,U001152,C004,1999-10,6792.82,2026-08-09T16:21:14.604969
B001515,U000306,C001,2019-08,49560.78,2026-08-09T16:21:14.604993
B001516,U004809,C004,1977-05,9217.62,2026-08-09T16:21:14.605014
B001517,U003051,C012,1985-09,7000.51,2026-08-09T16:21:14.605032
B001518,U000379,C002,2026-13,Rs.37910.65,2026-08-09T16:21:14.605042
B001519,U001831,C018,2002-12,5060.43,2026-08-09T16:21:14.605061
B001520,U001427,C011,1973-06,9084.96,2026-08-09T16:21:14.605079
B001521,U000956,C006,1989-10,7924.61,2026-08-09T16:21:14.605097
B001522,U002082,C010,2014-07,41621.87,2026-08-09T16:21:14.605115
B001523,U002320,C010,2005-11,6320.76,2026-08-09T16:21:14.605133
B001524,U004100,C012,1988-03,14927.07,2026-08-09T16:21:14.605151
B001525,U004992,C014,1991-02,21415.56,2026-08-09T16:21:14.605168
B001526,U002160,C018,Q1-2026,-21508.12,2026-08-09T16:21:14.605177
B001527,U000446,C018,1989-01,47538.27,2026-08-09T16:21:14.605195
B001528,U003717,C999,2015-05,33504.35,2026-08-09T16:21:14.605213
B001529,U001986,C008,2006-04,33096.93,2026-08-09T16:21:14.605231
B001530,U002953,C005,1996-08,31095.3,2026-08-09T16:21:14.605249
B001531,U002918,C012,1995-08,41743.61,2026-08-09T16:21:14.605266
B001532,U001454,C012,,Rs.18552.61,2026-08-09T16:21:14.605276
B001533,U002191,C015,2011-04,38203.89,2026-08-09T16:21:14.605293
B001534,U001291,C011,2003-06,39378.84,2026-08-09T16:21:14.605310
B001535,U004185,C001,1972-02,30983.23,2026-08-09T16:21:14.605328
B001536,U002458,C003,1995-04,13337.39,2026-08-09T16:21:14.605345
B001537,U003026,C007,2020-08,12468.19,2026-08-09T16:21:14.605362
B001538,U003038,C005,2022-02,14434.29,2026-08-09T16:21:14.605380
B001539,U002218,C012,2022-06,21720.77,2026-08-09T16:21:14.605398
B001540,U001911,C010,2013-10,10426.83,2026-08-09T16:21:14.605416
B001541,U003340,C004,1988-04,38096.85,2026-08-09T16:21:14.605433
B001542,U004723,C017,2020-09,44412.44,2026-08-09T16:21:14.605452
B001543,U001262,C009,1997-07,10135.37,2026-08-09T16:21:14.605469
B001544,U003180,C015,2018-08,46189.71,2026-08-09T16:21:14.605521
B001545,U000845,C010,2001-09,23746.31,2026-08-09T16:21:14.605552
B001546,U003749,C999,2012-06,34895.13,2026-08-09T16:21:14.605574
B001547,U001609,C999,2011-02,27357.14,2026-08-09T16:21:14.605595
B001548,U002223,C006,2011-03,47009.91,2026-08-09T16:21:14.605614
B001549,U004493,C010,2012-06,25015.56,2026-08-09T16:21:14.605632
B001550,U004732,C000,1988-09,20653.81,2026-08-09T16:21:14.605651
B001551,U004410,C004,1979-08,14808.79,2026-08-09T16:21:14.605668
B001552,U001936,C019,2023-05,30424.84,2026-08-09T16:21:14.605687
B001553,U004475,C002,2023-02,20769.88,2026-08-09T16:21:14.605705
B001554,U001839,C016,2012-02,4174.29,2026-08-09T16:21:14.605723
B001555,U004221,C999,2016-12,9844.74,2026-08-09T16:21:14.605741
B001556,U000239,C007,1993-09,1165.84,2026-08-09T16:21:14.605759
B001557,U003882,C004,2014-11,18983.18,2026-08-09T16:21:14.605777
B001558,U001360,C000,2017-11,47149.81,2026-08-09T16:21:14.605795
B001559,U003470,C015,1972-11,47946.7,2026-08-09T16:21:14.605813
B001560,U000156,C017,2007-05,44812.91,2026-08-09T16:21:14.605831
B001561,U002253,C018,2015-08,10408.24,2026-08-09T16:21:14.605849
B001562,U001003,C009,2013-09,19917.61,2026-08-09T16:21:14.605867
B001563,U002439,C014,2018-03,19849.06,2026-08-09T16:21:14.605885
B001564,U002277,C004,2018-03,37435.78,2026-08-09T16:21:14.605904
B001565,U001347,C012,2003-05,42123.97,2026-08-09T16:21:14.605961
B001566,U003321,C006,2005-12,45858.88,2026-08-09T16:21:14.605985
B001567,U000891,C014,1979-12,6943.34,2026-08-09T16:21:14.606005
B001568,U004822,C999,1985-06,44964.92,2026-08-09T16:21:14.606023
B001569,U003239,C018,,25286,2026-08-09T16:21:14.606033
B001570,U000899,C005,2008-10,32105.14,2026-08-09T16:21:14.606051
B001571,U003139,C009,2017-12,28362.18,2026-08-09T16:21:14.606070
B001572,U003358,C014,Q1-2026,1288,2026-08-09T16:21:14.606079
B001573,U001789,C010,1994-03,11041.48,2026-08-09T16:21:14.606097
B001574,U000859,C012,2019-08,5380.73,2026-08-09T16:21:14.606115
B001575,U004679,C000,1981-10,5688.29,2026-08-09T16:21:14.606133
B001576,U002022,C018,2005-05,30085.58,2026-08-09T16:21:14.606152
B001577,U000277,C002,1998-02,9742.42,2026-08-09T16:21:14.606170
B001578,U002227,C006,2008-05,23817.14,2026-08-09T16:21:14.606188
B001579,U003948,C006,2003-02,47850.3,2026-08-09T16:21:14.606206
B001580,U000822,C009,2022-12,2289.07,2026-08-09T16:21:14.606224
B001581,U002173,C002,2004-11,36421.24,2026-08-09T16:21:14.606242
B001582,U003556,C015,1978-01,30028.77,2026-08-09T16:21:14.606260
B001583,U002056,C017,2026-13,-5195.44,2026-08-09T16:21:14.606270
B001584,U004835,C002,2016-05,38585.24,2026-08-09T16:21:14.606288
B001585,U002552,C999,2026-13,-44682.67,2026-08-09T16:21:14.606301
B001586,U003417,C013,2007-08,46292.22,2026-08-09T16:21:14.606332
B001587,U004458,C001,1989-03,37402.01,2026-08-09T16:21:14.606359
B001588,U004933,C001,2026-13,-14605.98,2026-08-09T16:21:14.606372
B001589,U001643,C008,1972-02,25102.19,2026-08-09T16:21:14.606400
B001590,U002696,C009,1970-01,27680.33,2026-08-09T16:21:14.606431
B001591,U000490,C006,2001-09,15969.38,2026-08-09T16:21:14.606462
B001592,U000502,C015,Q1-2026,-49218.65,2026-08-09T16:21:14.606476
B001593,U004847,C003,2012-12,10278.39,2026-08-09T16:21:14.606499
B001594,U000481,C002,1989-05,16203.04,2026-08-09T16:21:14.606518
B001595,U000707,C015,2010-06,5809.15,2026-08-09T16:21:14.606539
B001596,U000800,C018,2023-04,34095.44,2026-08-09T16:21:14.606572
B001597,U000132,C004,1986-01,15179.72,2026-08-09T16:21:14.606609
B001598,U000035,C005,1993-06,48532.77,2026-08-09T16:21:14.606646
B001599,U000723,C009,2011-11,4609.86,2026-08-09T16:21:14.606679
B001600,U004371,C014,1996-08,42555.71,2026-08-09T16:21:14.606700
B001601,U001119,C015,1988-02,46694.99,2026-08-09T16:21:14.606809
B001602,U004977,C006,,,2026-08-09T16:21:14.606822
B001603,U002413,C013,2017-05,9384.24,2026-08-09T16:21:14.606849
B001604,U004539,C002,2026-13,,2026-08-09T16:21:14.606895
B001605,U000910,C012,2000-10,6114.49,2026-08-09T16:21:14.606954
B001606,U002345,C005,1973-12,12482.68,2026-08-09T16:21:14.606981
B001607,U002853,C009,2026-03,43850.16,2026-08-09T16:21:14.607002
B001608,U001945,C002,,-10897.57,2026-08-09T16:21:14.607012
B001609,U003549,C005,2008-04,19432.92,2026-08-09T16:21:14.607031
B001610,U002074,C011,2004-06,16863.39,2026-08-09T16:21:14.607050
B001611,U001437,C999,1997-04,24847.44,2026-08-09T16:21:14.607068
B001612,U000614,C000,2009-12,6955.14,2026-08-09T16:21:14.607087
B001613,U003985,C002,1988-11,46712.52,2026-08-09T16:21:14.607106
B001614,U004446,C019,2004-10,35242.28,2026-08-09T16:21:14.607124
B001615,U004306,C011,1993-08,21301.68,2026-08-09T16:21:14.607142
B001616,U004150,C018,1987-09,49098.92,2026-08-09T16:21:14.607160
B001617,U000478,C000,2010-12,18468.52,2026-08-09T16:21:14.607178
B001618,U002791,C013,2012-05,22576.37,2026-08-09T16:21:14.607196
B001619,U003292,C006,1971-03,18287.36,2026-08-09T16:21:14.607214
B001620,U002426,C004,1973-05,42588.37,2026-08-09T16:21:14.607232
B001621,U000707,C014,1990-01,7811.55,2026-08-09T16:21:14.607251
B001622,U002962,C012,1971-04,18354.25,2026-08-09T16:21:14.607269
B001623,U000065,C015,2014-10,1137.54,2026-08-09T16:21:14.607352
B001624,U002408,C999,,-5570.47,2026-08-09T16:21:14.607365
B001625,U003097,C016,1981-07,32417.62,2026-08-09T16:21:14.607388
B001626,U001474,C008,2020-02,2035.86,2026-08-09T16:21:14.607408
B001627,U003646,C003,1974-04,43848.67,2026-08-09T16:21:14.607427
B001628,U003373,C013,Q1-2026,29979,2026-08-09T16:21:14.607437
B001629,U000821,C015,1999-11,6787.42,2026-08-09T16:21:14.607455
B001630,U003864,C013,1998-03,8433.34,2026-08-09T16:21:14.607473
B001631,U000911,C003,1998-01,17565.21,2026-08-09T16:21:14.607491
B001632,U001321,C004,1995-05,11476.13,2026-08-09T16:21:14.607509
B001633,U001482,C005,1999-07,27807.76,2026-08-09T16:21:14.607528
B001634,U004391,C008,2006-11,23557.41,2026-08-09T16:21:14.607546
B001635,U004309,C006,2021-01,17902.21,2026-08-09T16:21:14.607564
B001636,U004878,C009,2026-05,1607.17,2026-08-09T16:21:14.607582
B001637,U000319,C017,2020-07,13406.15,2026-08-09T16:21:14.607601
B001638,U000948,C007,1980-09,18657.56,2026-08-09T16:21:14.607619
B001639,U000945,C007,1982-05,17357.99,2026-08-09T16:21:14.607637
B001640,U002575,C006,,48359.43,2026-08-09T16:21:14.607646
B001641,U001349,C999,1998-09,26535.32,2026-08-09T16:21:14.607664
B001642,U000062,C013,1986-03,14470.52,2026-08-09T16:21:14.607682
B001643,U002944,C015,2010-04,27830.66,2026-08-09T16:21:14.607700
B001644,U003804,C016,2026-13,1470.24,2026-08-09T16:21:14.607709
B001645,U000596,C000,,Rs.5125.31,2026-08-09T16:21:14.607717
B001646,U002698,C007,2004-09,15071.1,2026-08-09T16:21:14.607735
B001647,U001034,C016,1997-03,38049.91,2026-08-09T16:21:14.607753
B001648,U002151,C009,,27787.95,2026-08-09T16:21:14.607762
B001649,U001055,C017,2015-07,1830.27,2026-08-09T16:21:14.607779
B001650,U000069,C017,Q1-2026,Rs.11171.4,2026-08-09T16:21:14.607788
B001651,U004077,C017,2015-08,32127.35,2026-08-09T16:21:14.607807
B001652,U001862,C014,1972-09,27919.97,2026-08-09T16:21:14.607824
B001653,U001195,C003,1983-11,11103.71,2026-08-09T16:21:14.607843
B001654,U003642,C008,2025-10,46558.84,2026-08-09T16:21:14.607860
B001655,U003297,C019,2011-10,28789.69,2026-08-09T16:21:14.607879
B001656,U002719,C017,2008-05,16164.91,2026-08-09T16:21:14.607896
B001657,U004038,C011,1973-06,29621.9,2026-08-09T16:21:14.607960
B001658,U000170,C017,2016-02,37980.43,2026-08-09T16:21:14.607990
B001659,U000005,C013,1986-07,30141.11,2026-08-09T16:21:14.608012
B001660,U000400,C009,1974-12,17970.71,2026-08-09T16:21:14.608032
B001661,U004978,C017,2006-10,21463.25,2026-08-09T16:21:14.608051
B001662,U000397,C012,1984-02,16584.66,2026-08-09T16:21:14.608069
B001663,U001913,C014,2006-12,37809.74,2026-08-09T16:21:14.608087
B001664,U000354,C002,2018-12,19959.67,2026-08-09T16:21:14.608105
B001665,U003394,C002,1973-01,46322.91,2026-08-09T16:21:14.608122
B001666,U004588,C002,1980-03,14949.06,2026-08-09T16:21:14.608140
B001667,U000479,C004,1970-11,17892.14,2026-08-09T16:21:14.608157
B001668,U004194,C008,2004-03,9730.62,2026-08-09T16:21:14.608175
B001669,U001316,C999,1981-04,30647.35,2026-08-09T16:21:14.608193
B001670,U000276,C009,1982-08,22997.0,2026-08-09T16:21:14.608211
B001671,U001477,C010,2021-07,40137.34,2026-08-09T16:21:14.608229
B001672,U004354,C009,2000-08,33768.85,2026-08-09T16:21:14.608247
B001673,U001153,C008,2011-05,8713.7,2026-08-09T16:21:14.608264
B001674,U000039,C001,2008-09,13702.59,2026-08-09T16:21:14.608282
B001675,U001032,C009,1973-10,5539.44,2026-08-09T16:21:14.608300
B001676,U002020,C012,2002-11,30021.63,2026-08-09T16:21:14.608318
B001677,U002769,C010,2022-08,22932.21,2026-08-09T16:21:14.608335
B001678,U004791,C000,1997-06,19214.79,2026-08-09T16:21:14.608353
B001679,U004612,C012,2025-04,757.17,2026-08-09T16:21:14.608371
B001680,U003022,C014,2022-09,3081.09,2026-08-09T16:21:14.608388
B001681,U001744,C007,1998-03,32861.38,2026-08-09T16:21:14.608406
B001682,U002768,C019,1995-11,14562.92,2026-08-09T16:21:14.608424
B001683,U001820,C002,1996-04,16114.7,2026-08-09T16:21:14.608441
B001684,U001141,C016,1983-08,19349.87,2026-08-09T16:21:14.608459
B001685,U000079,C004,Q1-2026,-21759.82,2026-08-09T16:21:14.608468
B001686,U004915,C002,1993-07,22136.67,2026-08-09T16:21:14.608486
B001687,U002420,C005,Q1-2026,-6950.34,2026-08-09T16:21:14.608495
B001688,U003336,C014,2013-04,27083.29,2026-08-09T16:21:14.608513
B001689,U000976,C011,1995-10,34228.01,2026-08-09T16:21:14.608530
B001690,U003326,C012,1987-08,30210.14,2026-08-09T16:21:14.608548
B001691,U000040,C012,1989-09,11072.33,2026-08-09T16:21:14.608566
B001692,U002907,C001,1988-09,48559.11,2026-08-09T16:21:14.608583
B001693,U001889,C018,2020-02,7853.0,2026-08-09T16:21:14.608601
B001694,U004355,C011,2026-13,-9255.48,2026-08-09T16:21:14.608610
B001695,U004792,C001,2026-13,N/A,2026-08-09T16:21:14.608618
B001696,U001848,C015,1981-10,30213.72,2026-08-09T16:21:14.608635
B001697,U000287,C000,2026-13,-32309.92,2026-08-09T16:21:14.608644
B001698,U002798,C013,2020-12,4981.51,2026-08-09T16:21:14.608661
B001699,U002789,C012,1998-07,35779.95,2026-08-09T16:21:14.608680
B001700,U004032,C002,2004-09,25711.0,2026-08-09T16:21:14.608698
B001701,U004912,C009,2015-08,132.84,2026-08-09T16:21:14.608715
B001702,U001168,C007,2009-05,33.52,2026-08-09T16:21:14.608733
B001703,U002819,C006,1981-06,6844.45,2026-08-09T16:21:14.608751
B001704,U003154,C999,2013-09,31379.96,2026-08-09T16:21:14.608768
B001705,U004378,C002,2010-11,14250.34,2026-08-09T16:21:14.608786
B001706,U003613,C009,1976-02,41894.96,2026-08-09T16:21:14.608804
B001707,U000968,C019,1972-11,14792.46,2026-08-09T16:21:14.608822
B001708,U001604,C019,1991-08,34967.99,2026-08-09T16:21:14.608840
B001709,U000657,C014,1981-07,48702.01,2026-08-09T16:21:14.608857
B001710,U003446,C013,1987-11,17005.67,2026-08-09T16:21:14.608875
B001711,U003857,C999,1981-08,44817.57,2026-08-09T16:21:14.608892
B001712,U001024,C000,2016-07,39189.84,2026-08-09T16:21:14.608933
B001713,U000708,C999,2000-06,16064.4,2026-08-09T16:21:14.608968
B001714,U003332,C002,2011-05,39859.71,2026-08-09T16:21:14.608990
B001715,U001276,C004,1977-08,12302.86,2026-08-09T16:21:14.609009
B001716,U003201,C015,2009-02,31306.92,2026-08-09T16:21:14.609027
B001717,U003619,C000,1980-09,19325.24,2026-08-09T16:21:14.609045
B001718,U003502,C006,2023-07,16771.63,2026-08-09T16:21:14.609063
B001719,U001625,C015,1974-08,6163.98,2026-08-09T16:21:14.609081
B001720,U001272,C002,1990-09,43451.54,2026-08-09T16:21:14.609099
B001721,U004233,C009,2012-03,32359.61,2026-08-09T16:21:14.609118
B001722,U001807,C015,1973-12,4198.56,2026-08-09T16:21:14.609135
B001723,U001247,C019,2025-02,15585.34,2026-08-09T16:21:14.609153
B001724,U000236,C007,,41510.6,2026-08-09T16:21:14.609163
B001725,U004406,C018,1999-06,45394.11,2026-08-09T16:21:14.609181
B001726,U001993,C002,1989-01,10366.88,2026-08-09T16:21:14.609198
B001727,U002822,C019,2014-06,32938.69,2026-08-09T16:21:14.609216
B001728,U003113,C012,1996-04,30634.16,2026-08-09T16:21:14.609234
B001729,U003921,C017,1978-02,35683.14,2026-08-09T16:21:14.609251
B001730,U004536,C006,1984-03,40074.35,2026-08-09T16:21:14.609269
B001731,U002805,C018,1994-06,3588.2,2026-08-09T16:21:14.609286
B001732,U001722,C016,2015-04,6981.66,2026-08-09T16:21:14.609304
B001733,U002251,C000,,-40193.38,2026-08-09T16:21:14.609313
B001734,U002398,C005,1993-12,21559.82,2026-08-09T16:21:14.609331
B001735,U001804,C011,1991-10,3190.05,2026-08-09T16:21:14.609349
B001736,U001499,C008,1985-12,15802.97,2026-08-09T16:21:14.609367
B001737,U002039,C015,1976-01,47509.61,2026-08-09T16:21:14.609384
B001738,U003213,C010,2005-10,46518.31,2026-08-09T16:21:14.609402
B001739,U003844,C013,1976-12,13016.28,2026-08-09T16:21:14.609420
B001740,U002404,C018,2016-09,21298.77,2026-08-09T16:21:14.609437
B001741,U004732,C009,1987-04,35410.81,2026-08-09T16:21:14.609455
B001742,U000177,C009,1998-09,20345.73,2026-08-09T16:21:14.609472
B001743,U000047,C013,1994-09,28933.94,2026-08-09T16:21:14.609528
B001744,U003430,C010,1976-01,19160.04,2026-08-09T16:21:14.609556
B001745,U000899,C004,2022-12,40922.99,2026-08-09T16:21:14.609578
B001746,U003454,C004,,43792,2026-08-09T16:21:14.609587
B001747,U001895,C010,2025-05,35110.65,2026-08-09T16:21:14.609606
B001748,U004786,C006,2024-04,12877.46,2026-08-09T16:21:14.609644
B001749,U001134,C002,2001-11,6558.21,2026-08-09T16:21:14.609663
B001750,U003580,C011,1983-11,45052.71,2026-08-09T16:21:14.609682
B001751,U001604,C009,2025-12,44650.05,2026-08-09T16:21:14.609700
B001752,U000051,C009,2007-05,45536.28,2026-08-09T16:21:14.609718
B001753,U004646,C014,1995-08,42899.9,2026-08-09T16:21:14.609737
B001754,U000952,C016,2019-09,14572.42,2026-08-09T16:21:14.609755
B001755,U003759,C000,2020-06,10188.55,2026-08-09T16:21:14.609773
B001756,U004339,C004,1995-09,4689.43,2026-08-09T16:21:14.609791
B001757,U001179,C007,1973-02,9661.46,2026-08-09T16:21:14.609809
B001758,U001278,C001,2003-01,46323.98,2026-08-09T16:21:14.609827
B001759,U002209,C010,1973-01,3210.92,2026-08-09T16:21:14.609844
B001760,U003999,C012,2002-01,38299.21,2026-08-09T16:21:14.609862
B001761,U003239,C006,2016-09,20355.74,2026-08-09T16:21:14.609879
B001762,U001151,C016,2021-12,21322.66,2026-08-09T16:21:14.609897
B001763,U000551,C004,2026-13,1363.06,2026-08-09T16:21:14.609906
B001764,U004243,C009,Q1-2026,-45906.11,2026-08-09T16:21:14.609965
B001765,U004449,C006,1989-07,10237.59,2026-08-09T16:21:14.609997
B001766,U003464,C014,2007-09,33788.0,2026-08-09T16:21:14.610020
B001767,U004173,C005,1978-12,46925.85,2026-08-09T16:21:14.610040
B001768,U004958,C012,2011-12,24943.28,2026-08-09T16:21:14.610059
B001769,U000702,C006,2013-11,19065.72,2026-08-09T16:21:14.610078
B001770,U002074,C019,1990-06,45868.55,2026-08-09T16:21:14.610096
B001771,U004910,C004,2005-02,1211.1,2026-08-09T16:21:14.610114
B001772,U003434,C008,1995-09,28417.28,2026-08-09T16:21:14.610133
B001773,U000931,C006,2013-06,7287.11,2026-08-09T16:21:14.610151
B001774,U000766,C018,1979-02,46527.12,2026-08-09T16:21:14.610169
B001775,U000007,C002,2000-12,5422.98,2026-08-09T16:21:14.610188
B001776,U003207,C003,2000-05,23764.92,2026-08-09T16:21:14.610205
B001777,U004346,C999,2000-01,3010.12,2026-08-09T16:21:14.610223
B001778,U001775,C016,2013-05,36690.08,2026-08-09T16:21:14.610241
B001779,U000292,C009,2004-02,12771.49,2026-08-09T16:21:14.610259
B001780,U002308,C001,,Rs.12107.09,2026-08-09T16:21:14.610268
B001781,U004169,C010,1974-10,3801.63,2026-08-09T16:21:14.610285
B001782,U002704,C006,2007-12,26126.81,2026-08-09T16:21:14.610303
B001783,U002248,C016,2016-10,32289.85,2026-08-09T16:21:14.610321
B001784,U003752,C010,2003-05,17619.66,2026-08-09T16:21:14.610338
B001785,U000344,C019,Q1-2026,610.99,2026-08-09T16:21:14.610347
B001786,U002603,C012,2024-05,14098.79,2026-08-09T16:21:14.610364
B001787,U003692,C017,2016-12,13120.58,2026-08-09T16:21:14.610382
B001788,U004982,C001,2026-13,44429.98,2026-08-09T16:21:14.610391
B001789,U003316,C019,1990-04,26360.49,2026-08-09T16:21:14.610408
B001790,U001672,C015,1974-09,35089.32,2026-08-09T16:21:14.610426
B001791,U000874,C011,2008-06,25802.69,2026-08-09T16:21:14.610443
B001792,U004238,C013,1988-11,5650.01,2026-08-09T16:21:14.610461
B001793,U003850,C012,2002-12,21932.65,2026-08-09T16:21:14.610478
B001794,U004270,C006,2012-05,33203.14,2026-08-09T16:21:14.610496
B001795,U000537,C015,2009-08,43490.56,2026-08-09T16:21:14.610513
B001796,U000230,C010,1985-08,48482.63,2026-08-09T16:21:14.610531
B001797,U003071,C006,2017-05,12786.61,2026-08-09T16:21:14.610548
B001798,U000548,C018,1992-04,17395.4,2026-08-09T16:21:14.610565
B001799,U001228,C017,2026-08,18487.18,2026-08-09T16:21:14.610583
B001800,U001961,C007,2026-07,28929.34,2026-08-09T16:21:14.610601
B001801,U004171,C005,1994-06,14121.61,2026-08-09T16:21:14.610618
B001802,U001163,C003,2013-06,23411.55,2026-08-09T16:21:14.610636
B001803,U003948,C010,1978-03,27982.31,2026-08-09T16:21:14.610653
B001804,U002705,C017,,Rs.46452.24,2026-08-09T16:21:14.610662
B001805,U001704,C000,2016-09,40741.21,2026-08-09T16:21:14.610679
B001806,U000052,C004,1970-05,39436.77,2026-08-09T16:21:14.610697
B001807,U001290,C014,1984-08,8946.69,2026-08-09T16:21:14.610714
B001808,U003522,C018,2024-10,28013.18,2026-08-09T16:21:14.610731
B001809,U002089,C010,1979-08,3490.92,2026-08-09T16:21:14.610749
B001810,U000501,C005,2019-06,16003.56,2026-08-09T16:21:14.610766
B001811,U003036,C009,2025-05,21329.19,2026-08-09T16:21:14.610784
B001812,U000036,C017,2019-10,23361.12,2026-08-09T16:21:14.610802
B001813,U000062,C017,2011-09,45805.71,2026-08-09T16:21:14.610820
B001814,U001024,C000,1991-04,31949.04,2026-08-09T16:21:14.610837
B001815,U001833,C017,2000-06,43252.81,2026-08-09T16:21:14.610855
B001816,U003963,C015,1988-09,23462.44,2026-08-09T16:21:14.610873
B001817,U000949,C003,1997-12,43942.2,2026-08-09T16:21:14.610890
B001818,U001148,C010,1970-07,6422.3,2026-08-09T16:21:14.610928
B001819,U004128,C012,1973-11,9928.99,2026-08-09T16:21:14.610965
B001820,U000503,C000,2003-04,22134.84,2026-08-09T16:21:14.610989
B001821,U000049,C001,2026-13,Rs.35819.24,2026-08-09T16:21:14.610999
B001822,U002377,C015,2013-02,10838.15,2026-08-09T16:21:14.611019
B001823,U000424,C011,2003-11,36945.58,2026-08-09T16:21:14.611038
B001824,U003662,C015,1989-08,4705.84,2026-08-09T16:21:14.611057
B001825,U003499,C003,1972-07,33896.01,2026-08-09T16:21:14.611075
B001826,U003889,C003,2020-07,18816.15,2026-08-09T16:21:14.611093
B001827,U003559,C011,1987-01,38596.32,2026-08-09T16:21:14.611111
B001828,U003729,C013,1995-07,14806.82,2026-08-09T16:21:14.611129
B001829,U003093,C016,1972-06,42736.17,2026-08-09T16:21:14.611146
B001830,U002179,C000,2022-10,883.1,2026-08-09T16:21:14.611164
B001831,U001247,C005,2008-06,46809.09,2026-08-09T16:21:14.611182
B001832,U001133,C012,1982-12,34110.72,2026-08-09T16:21:14.611199
B001833,U003759,C019,1997-09,10022.53,2026-08-09T16:21:14.611217
B001834,U001041,C002,2012-12,28976.98,2026-08-09T16:21:14.611234
B001835,U001997,C019,2023-12,35173.99,2026-08-09T16:21:14.611252
B001836,U000651,C009,2021-02,23917.26,2026-08-09T16:21:14.611270
B001837,U000410,C003,2012-01,16735.4,2026-08-09T16:21:14.611287
B001838,U004806,C003,2021-05,4139.98,2026-08-09T16:21:14.611305
B001839,U000304,C003,2009-06,2202.37,2026-08-09T16:21:14.611323
B001840,U001240,C013,1973-03,455.58,2026-08-09T16:21:14.611341
B001841,U001102,C012,2009-02,17438.97,2026-08-09T16:21:14.611359
B001842,U001711,C008,2007-09,42236.33,2026-08-09T16:21:14.611376
B001843,U004897,C014,1996-02,43177.22,2026-08-09T16:21:14.611394
B001844,U001665,C007,2020-12,15939.04,2026-08-09T16:21:14.611411
B001845,U001695,C011,1971-11,24604.91,2026-08-09T16:21:14.611429
B001846,U001531,C003,,,2026-08-09T16:21:14.611437
B001847,U002065,C012,2026-13,48515,2026-08-09T16:21:14.611445
B001848,U003173,C009,2005-12,33942.15,2026-08-09T16:21:14.611463
B001849,U001276,C000,1983-08,43831.05,2026-08-09T16:21:14.611480
B001850,U004053,C004,Q1-2026,Rs.20389.33,2026-08-09T16:21:14.611490
B001851,U001163,C009,2009-09,19648.34,2026-08-09T16:21:14.611507
B001852,U004851,C005,1993-12,49425.18,2026-08-09T16:21:14.611525
B001853,U001052,C009,2008-02,140.66,2026-08-09T16:21:14.611542
B001854,U001157,C000,1975-12,27309.76,2026-08-09T16:21:14.611560
B001855,U000707,C009,1975-07,33330.32,2026-08-09T16:21:14.611577
B001856,U000143,C010,2007-07,4309.96,2026-08-09T16:21:14.611595
B001857,U002768,C008,2026-13,,2026-08-09T16:21:14.611604
B001858,U001662,C001,1970-09,43956.62,2026-08-09T16:21:14.611621
B001859,U001623,C007,1997-08,16020.21,2026-08-09T16:21:14.611639
B001860,U001778,C012,2004-12,29917.65,2026-08-09T16:21:14.611657
B001861,U001644,C000,2015-05,4479.56,2026-08-09T16:21:14.611674
B001862,U000308,C018,2026-13,N/A,2026-08-09T16:21:14.611683
B001863,U004530,C014,2012-03,26056.85,2026-08-09T16:21:14.611700
B001864,U002537,C017,1991-10,48359.15,2026-08-09T16:21:14.611718
B001865,U001889,C010,1985-03,34954.03,2026-08-09T16:21:14.611735
B001866,U002745,C017,1997-04,44040.25,2026-08-09T16:21:14.611753
B001867,U001472,C019,2017-09,34150.31,2026-08-09T16:21:14.611771
B001868,U001885,C001,1997-08,46173.89,2026-08-09T16:21:14.611789
B001869,U003633,C013,1986-05,21240.63,2026-08-09T16:21:14.611806
B001870,U003420,C012,1980-02,8527.98,2026-08-09T16:21:14.611824
B001871,U000202,C016,1998-06,39445.59,2026-08-09T16:21:14.611842
B001872,U001123,C999,,Rs.26000.44,2026-08-09T16:21:14.611852
B001873,U004686,C009,2022-03,38992.69,2026-08-09T16:21:14.611889
B001874,U002100,C014,2019-06,42341.74,2026-08-09T16:21:14.611931
B001875,U001804,C002,2019-03,49675.47,2026-08-09T16:21:14.611968
B001876,U000723,C001,2013-01,48974.11,2026-08-09T16:21:14.611992
B001877,U001737,C007,2012-09,428.27,2026-08-09T16:21:14.612013
B001878,U004073,C006,1997-09,30236.97,2026-08-09T16:21:14.612032
B001879,U002377,C004,2020-11,4742.28,2026-08-09T16:21:14.612051
B001880,U001022,C009,1989-02,7005.14,2026-08-09T16:21:14.612069
B001881,U001906,C015,1975-02,49934.92,2026-08-09T16:21:14.612087
B001882,U002916,C999,1990-02,1448.79,2026-08-09T16:21:14.612105
B001883,U003322,C015,1972-12,21362.77,2026-08-09T16:21:14.612123
B001884,U000805,C016,2021-05,24767.03,2026-08-09T16:21:14.612141
B001885,U001026,C016,1992-02,27139.21,2026-08-09T16:21:14.612158
B001886,U003351,C007,2022-12,21627.79,2026-08-09T16:21:14.612176
B001887,U002928,C000,1973-12,4398.2,2026-08-09T16:21:14.612194
B001888,U001322,C014,1990-04,46216.68,2026-08-09T16:21:14.612212
B001889,U001301,C005,1996-06,21261.46,2026-08-09T16:21:14.612229
B001890,U004216,C016,2009-03,569.54,2026-08-09T16:21:14.612247
B001891,U001595,C014,1990-08,32182.63,2026-08-09T16:21:14.612265
B001892,U003237,C010,2026-13,9371.19,2026-08-09T16:21:14.612273
B001893,U004405,C019,1993-07,43.78,2026-08-09T16:21:14.612291
B001894,U004781,C007,1993-07,40423.09,2026-08-09T16:21:14.612308
B001895,U000869,C004,2018-08,16179.71,2026-08-09T16:21:14.612325
B001896,U003934,C014,1993-06,7623.17,2026-08-09T16:21:14.612342
B001897,U004941,C015,2025-10,19015.29,2026-08-09T16:21:14.612360
B001898,U001539,C017,,,2026-08-09T16:21:14.612369
B001899,U000593,C009,2020-06,6248.67,2026-08-09T16:21:14.612386
B001900,U003174,C010,2025-06,24147.47,2026-08-09T16:21:14.612407
B001901,U004683,C002,2002-01,47670.34,2026-08-09T16:21:14.612426
B001902,U002887,C012,1993-10,17552.43,2026-08-09T16:21:14.612443
B001903,U004365,C014,2026-13,32417.88,2026-08-09T16:21:14.612452
B001904,U003510,C001,2012-03,2813.56,2026-08-09T16:21:14.612469
B001905,U000357,C000,1991-12,35922.78,2026-08-09T16:21:14.612487
B001906,U002209,C019,1993-01,35203.26,2026-08-09T16:21:14.612504
B001907,U003663,C017,1970-10,41765.18,2026-08-09T16:21:14.612522
B001908,U003793,C001,2002-03,31326.7,2026-08-09T16:21:14.612539
B001909,U001157,C018,1990-12,9816.89,2026-08-09T16:21:14.612556
B001910,U001228,C010,1976-10,31684.67,2026-08-09T16:21:14.612574
B001911,U004154,C012,Q1-2026,Rs.1816.08,2026-08-09T16:21:14.612583
B001912,U000188,C012,1993-05,33081.77,2026-08-09T16:21:14.612600
B001913,U001222,C005,2018-11,8110.93,2026-08-09T16:21:14.612618
B001914,U003342,C019,1974-01,10548.92,2026-08-09T16:21:14.612635
B001915,U004594,C000,1981-09,19228.24,2026-08-09T16:21:14.612653
B001916,U000111,C015,1988-12,31950.54,2026-08-09T16:21:14.612670
B001917,U001114,C008,2026-13,45235,2026-08-09T16:21:14.612679
B001918,U002126,C018,2025-09,22567.1,2026-08-09T16:21:14.612697
B001919,U002361,C000,1980-08,34867.34,2026-08-09T16:21:14.612715
B001920,U000753,C999,1984-10,38134.38,2026-08-09T16:21:14.612732
B001921,U004895,C011,1991-01,45065.56,2026-08-09T16:21:14.612750
B001922,U004063,C008,1974-03,2494.49,2026-08-09T16:21:14.612767
B001923,U004038,C006,1978-05,18100.73,2026-08-09T16:21:14.612784
B001924,U003052,C007,1992-05,12726.75,2026-08-09T16:21:14.612802
B001925,U002299,C012,1992-11,32769.27,2026-08-09T16:21:14.612819
B001926,U004394,C013,2003-08,17703.25,2026-08-09T16:21:14.612837
B001927,U001627,C008,1974-08,25338.76,2026-08-09T16:21:14.612854
B001928,U004600,C007,1978-03,33070.91,2026-08-09T16:21:14.612872
B001929,U004481,C013,2010-02,31502.75,2026-08-09T16:21:14.612889
B001930,U004051,C006,2021-02,21714.49,2026-08-09T16:21:14.612930
B001931,U002455,C016,1995-07,15666.36,2026-08-09T16:21:14.612966
B001932,U003774,C015,2011-11,18252.28,2026-08-09T16:21:14.612989
B001933,U004160,C019,1987-08,14543.48,2026-08-09T16:21:14.613008
B001934,U003346,C019,2017-07,28047.03,2026-08-09T16:21:14.613027
B001935,U002062,C009,2009-08,12200.31,2026-08-09T16:21:14.613045
B001936,U003527,C019,1991-12,34528.54,2026-08-09T16:21:14.613063
B001937,U000259,C011,1997-07,1198.72,2026-08-09T16:21:14.613081
B001938,U002503,C010,1987-03,39987.5,2026-08-09T16:21:14.613099
B001939,U000261,C019,1997-04,8751.67,2026-08-09T16:21:14.613116
B001940,U003796,C005,2012-08,36643.49,2026-08-09T16:21:14.613134
B001941,U003750,C006,,8619.04,2026-08-09T16:21:14.613143
B001942,U001606,C018,1998-09,2293.46,2026-08-09T16:21:14.613161
B001943,U001861,C015,2004-05,45350.2,2026-08-09T16:21:14.613179
B001944,U004835,C010,1993-02,13489.36,2026-08-09T16:21:14.613196
B001945,U002829,C999,1981-03,48474.99,2026-08-09T16:21:14.613214
B001946,U004605,C000,2026-13,Rs.21091.29,2026-08-09T16:21:14.613223
B001947,U000900,C011,2002-05,1932.19,2026-08-09T16:21:14.613241
B001948,U000039,C009,2022-08,49622.93,2026-08-09T16:21:14.613259
B001949,U001515,C017,2026-13,Rs.15589.48,2026-08-09T16:21:14.613268
B001950,U001140,C014,1973-04,29835.29,2026-08-09T16:21:14.613286
B001951,U001904,C007,1979-03,37532.33,2026-08-09T16:21:14.613304
B001952,U002708,C006,2005-06,3942.68,2026-08-09T16:21:14.613322
B001953,U000823,C003,1984-09,7120.39,2026-08-09T16:21:14.613340
B001954,U004719,C000,1981-08,13745.81,2026-08-09T16:21:14.613358
B001955,U003285,C011,2002-04,9240.68,2026-08-09T16:21:14.613375
B001956,U002164,C004,2017-01,27572.52,2026-08-09T16:21:14.613393
B001957,U003115,C005,1980-05,40308.16,2026-08-09T16:21:14.613410
B001958,U000418,C016,2013-02,18180.23,2026-08-09T16:21:14.613428
B001959,U001576,C017,2016-01,35748.47,2026-08-09T16:21:14.613446
B001960,U002396,C010,2011-06,47728.45,2026-08-09T16:21:14.613463
B001961,U003533,C001,1993-11,39911.33,2026-08-09T16:21:14.613481
B001962,U000662,C018,1977-07,11615.19,2026-08-09T16:21:14.613543
B001963,U003904,C009,,Rs.41441.58,2026-08-09T16:21:14.613554
B001964,U003717,C001,1970-03,46191.08,2026-08-09T16:21:14.613575
B001965,U003882,C005,1976-10,27195.38,2026-08-09T16:21:14.613595
B001966,U003732,C006,1997-04,12380.06,2026-08-09T16:21:14.613613
B001967,U000782,C004,1992-12,42294.34,2026-08-09T16:21:14.613632
B001968,U003896,C011,2021-11,48166.5,2026-08-09T16:21:14.613650
B001969,U001366,C013,2013-05,12873.83,2026-08-09T16:21:14.613669
B001970,U003475,C000,1976-04,25689.64,2026-08-09T16:21:14.613687
B001971,U004187,C999,1992-02,22109.35,2026-08-09T16:21:14.613705
B001972,U004826,C019,2025-01,46646.14,2026-08-09T16:21:14.613723
B001973,U001917,C002,2012-08,30179.33,2026-08-09T16:21:14.613741
B001974,U000079,C007,1975-02,46148.13,2026-08-09T16:21:14.613760
B001975,U000604,C013,2016-09,37239.13,2026-08-09T16:21:14.613778
B001976,U002545,C010,2018-10,1633.98,2026-08-09T16:21:14.613796
B001977,U004834,C017,1983-10,7150.51,2026-08-09T16:21:14.613814
B001978,U003430,C014,2026-05,11385.93,2026-08-09T16:21:14.613832
B001979,U001419,C006,2006-11,14027.05,2026-08-09T16:21:14.613851
B001980,U004350,C017,2017-05,26534.33,2026-08-09T16:21:14.613869
B001981,U004113,C011,2026-13,32881,2026-08-09T16:21:14.613878
B001982,U003025,C019,2026-13,Rs.20042.89,2026-08-09T16:21:14.613887
B001983,U001185,C017,1990-07,8793.45,2026-08-09T16:21:14.613905
B001984,U000721,C007,1989-07,12775.03,2026-08-09T16:21:14.613961
B001985,U003039,C014,2015-12,18936.05,2026-08-09T16:21:14.613985
B001986,U004994,C002,1970-04,5518.85,2026-08-09T16:21:14.614005
B001987,U004837,C000,2014-08,37426.86,2026-08-09T16:21:14.614024
B001988,U001589,C002,1979-11,26071.65,2026-08-09T16:21:14.614043
B001989,U002450,C007,1970-09,21799.57,2026-08-09T16:21:14.614061
B001990,U001843,C002,1980-09,44331.07,2026-08-09T16:21:14.614079
B001991,U001284,C018,1993-08,24195.61,2026-08-09T16:21:14.614097
B001992,U000878,C010,1981-08,799.82,2026-08-09T16:21:14.614115
B001993,U003661,C003,2011-09,47436.7,2026-08-09T16:21:14.614133
B001994,U004955,C004,1997-10,19497.44,2026-08-09T16:21:14.614151
B001995,U002783,C002,1991-02,45486.0,2026-08-09T16:21:14.614168
B001996,U001324,C016,2005-02,5586.02,2026-08-09T16:21:14.614186
B001997,U000683,C001,1986-05,36560.4,2026-08-09T16:21:14.614204
B001998,U001274,C005,2013-05,4906.53,2026-08-09T16:21:14.614243
B001999,U003252,C018,1999-06,44995.63,2026-08-09T16:21:14.614261
B002000,U003626,C006,2015-04,33973.08,2026-08-09T16:21:14.614279
B002001,U003965,C003,1970-02,38646.07,2026-08-09T16:21:14.614296
B002002,U004627,C016,1986-11,34125.41,2026-08-09T16:21:14.614314
B002003,U003621,C999,1970-06,14607.96,2026-08-09T16:21:14.614331
B002004,U000663,C011,2025-02,43170.8,2026-08-09T16:21:14.614350
B002005,U002245,C010,2026-13,527.51,2026-08-09T16:21:14.614358
B002006,U003090,C016,2026-13,N/A,2026-08-09T16:21:14.614367
B002007,U001745,C009,Q1-2026,-17317.54,2026-08-09T16:21:14.614375
B002008,U004120,C012,1972-01,22634.93,2026-08-09T16:21:14.614393
B002009,U001947,C999,2018-05,38957.78,2026-08-09T16:21:14.614411
B002010,U004952,C006,1979-01,13664.39,2026-08-09T16:21:14.614428
B002011,U003762,C011,1981-07,14886.9,2026-08-09T16:21:14.614445
B002012,U001197,C007,,-27089.76,2026-08-09T16:21:14.614455
B002013,U001995,C017,Q1-2026,-6616.8,2026-08-09T16:21:14.614463
B002014,U002568,C003,2026-13,Rs.12235.91,2026-08-09T16:21:14.614472
B002015,U002543,C005,1982-05,7453.37,2026-08-09T16:21:14.614489
B002016,U004386,C017,2026-13,-18089.49,2026-08-09T16:21:14.614498
B002017,U004507,C006,Q1-2026,36562.89,2026-08-09T16:21:14.614506
B002018,U004284,C003,1977-03,36186.0,2026-08-09T16:21:14.614523
B002019,U001820,C013,2013-06,42056.39,2026-08-09T16:21:14.614540
B002020,U004631,C002,1979-11,32429.16,2026-08-09T16:21:14.614558
B002021,U002011,C012,1995-02,30015.63,2026-08-09T16:21:14.614575
B002022,U004180,C018,2018-12,35324.48,2026-08-09T16:21:14.614593
B002023,U003509,C015,2025-11,9217.52,2026-08-09T16:21:14.614610
B002024,U002896,C004,2026-13,12856,2026-08-09T16:21:14.614619
B002025,U003882,C000,1981-09,22843.03,2026-08-09T16:21:14.614636
B002026,U002203,C017,2014-12,18265.54,2026-08-09T16:21:14.614654
B002027,U004367,C019,1977-03,16038.84,2026-08-09T16:21:14.614671
B002028,U003758,C000,2011-01,26459.03,2026-08-09T16:21:14.614688
B002029,U000902,C018,2026-13,31114.57,2026-08-09T16:21:14.614700
B002030,U002126,C011,2014-07,21021.58,2026-08-09T16:21:14.614718
B002031,U003239,C011,2017-06,16928.19,2026-08-09T16:21:14.614736
B002032,U004915,C005,1974-07,22681.44,2026-08-09T16:21:14.614753
B002033,U001935,C014,2001-07,22312.9,2026-08-09T16:21:14.614770
B002034,U000952,C016,2009-01,25028.79,2026-08-09T16:21:14.614787
B002035,U003486,C007,1978-07,29236.87,2026-08-09T16:21:14.614805
B002036,U001101,C012,2024-08,38247.97,2026-08-09T16:21:14.614823
B002037,U003609,C017,2017-04,10945.75,2026-08-09T16:21:14.614841
B002038,U002977,C015,2026-13,-22943.73,2026-08-09T16:21:14.614850
B002039,U004298,C015,2000-07,37374.51,2026-08-09T16:21:14.614867
B002040,U000381,C005,2008-11,36474.64,2026-08-09T16:21:14.614884
B002041,U002364,C012,1994-04,48071.13,2026-08-09T16:21:14.614902
B002042,U003202,C012,2016-08,8803.68,2026-08-09T16:21:14.614958
B002043,U001789,C000,2009-10,14849.87,2026-08-09T16:21:14.614983
B002044,U000586,C014,2002-12,20810.64,2026-08-09T16:21:14.615003
B002045,U002442,C005,Q1-2026,Rs.33550.41,2026-08-09T16:21:14.615013
B002046,U001857,C003,1998-08,30052.26,2026-08-09T16:21:14.615031
B002047,U003452,C006,2025-10,44359.88,2026-08-09T16:21:14.615050
B002048,U003925,C000,2024-09,42087.53,2026-08-09T16:21:14.615068
B002049,U003089,C017,2007-06,48848.1,2026-08-09T16:21:14.615086
B002050,U004182,C015,2001-10,46349.36,2026-08-09T16:21:14.615104
B002051,U004323,C017,1981-04,38972.69,2026-08-09T16:21:14.615122
B002052,U000231,C008,2006-10,27068.77,2026-08-09T16:21:14.615140
B002053,U004942,C999,2007-08,11399.59,2026-08-09T16:21:14.615158
B002054,U000645,C011,1973-08,28836.89,2026-08-09T16:21:14.615177
B002055,U001187,C019,1975-10,5689.6,2026-08-09T16:21:14.615195
B002056,U003953,C001,2007-02,19171.26,2026-08-09T16:21:14.615212
B002057,U002295,C002,1979-04,2193.61,2026-08-09T16:21:14.615229
B002058,U003089,C004,2013-02,28954.68,2026-08-09T16:21:14.615247
B002059,U003700,C005,2026-13,Rs.25683.01,2026-08-09T16:21:14.615256
B002060,U001577,C000,1996-05,4384.38,2026-08-09T16:21:14.615273
B002061,U004779,C012,2015-01,32603.66,2026-08-09T16:21:14.615291
B002062,U003935,C010,1971-09,33860.49,2026-08-09T16:21:14.615309
B002063,U004265,C999,2023-03,12609.7,2026-08-09T16:21:14.615327
B002064,U002333,C018,2006-02,30718.88,2026-08-09T16:21:14.615345
B002065,U000465,C010,1993-12,8069.88,2026-08-09T16:21:14.615362
B002066,U000872,C015,1992-04,6220.7,2026-08-09T16:21:14.615380
B002067,U003352,C010,1992-03,49392.36,2026-08-09T16:21:14.615397
B002068,U000777,C017,2010-10,30994.35,2026-08-09T16:21:14.615415
B002069,U000077,C013,2004-11,3857.7,2026-08-09T16:21:14.615432
B002070,U002567,C013,1997-03,43079.91,2026-08-09T16:21:14.615450
B002071,U003341,C006,2026-13,,2026-08-09T16:21:14.615458
B002072,U002886,C014,1998-09,40900.63,2026-08-09T16:21:14.615475
B002073,U003394,C003,2006-10,20933.44,2026-08-09T16:21:14.615493
B002074,U003362,C006,1978-12,24405.3,2026-08-09T16:21:14.615510
B002075,U000581,C002,2023-11,28702.2,2026-08-09T16:21:14.615528
B002076,U004305,C018,1988-06,32417.03,2026-08-09T16:21:14.615545
B002077,U000438,C012,1999-03,26524.76,2026-08-09T16:21:14.615562
B002078,U000387,C003,1989-01,38182.85,2026-08-09T16:21:14.615580
B002079,U000106,C015,1980-11,3852.22,2026-08-09T16:21:14.615597
B002080,U000885,C006,2025-04,39769.28,2026-08-09T16:21:14.615614
B002081,U000941,C012,1997-10,11097.95,2026-08-09T16:21:14.615632
B002082,U001593,C013,1972-10,46046.95,2026-08-09T16:21:14.615649
B002083,U001983,C002,1979-10,23515.62,2026-08-09T16:21:14.615667
B002084,U002698,C008,2007-08,28924.0,2026-08-09T16:21:14.615684
B002085,U000371,C009,1985-09,34465.46,2026-08-09T16:21:14.615701
B002086,U001987,C015,2026-03,33631.04,2026-08-09T16:21:14.615719
B002087,U002423,C011,2017-02,25799.27,2026-08-09T16:21:14.615736
B002088,U001842,C010,1997-10,34745.28,2026-08-09T16:21:14.615753
B002089,U001920,C019,1982-05,45854.29,2026-08-09T16:21:14.615770
B002090,U001013,C004,2005-10,24096.64,2026-08-09T16:21:14.615788
B002091,U001784,C019,1981-03,31609.56,2026-08-09T16:21:14.615806
B002092,U002639,C010,2012-01,5301.01,2026-08-09T16:21:14.615823
B002093,U000571,C019,2007-05,35031.19,2026-08-09T16:21:14.615841
B002094,U004568,C002,1978-10,31471.22,2026-08-09T16:21:14.615858
B002095,U002081,C015,1984-03,43383.64,2026-08-09T16:21:14.615876
B002096,U000870,C005,1989-05,35336.35,2026-08-09T16:21:14.615893
B002097,U000305,C003,2017-11,34813.71,2026-08-09T16:21:14.615940
B002098,U004681,C019,1995-05,13063.4,2026-08-09T16:21:14.615980
B002099,U001703,C017,2008-12,12591.94,2026-08-09T16:21:14.616003
B002100,U002571,C012,1993-06,10889.23,2026-08-09T16:21:14.616023
B002101,U001985,C000,,,2026-08-09T16:21:14.616032
B002102,U000377,C999,2017-01,29361.29,2026-08-09T16:21:14.616051
B002103,U002505,C011,2002-12,44097.64,2026-08-09T16:21:14.616069
B002104,U003807,C004,1989-05,31485.59,2026-08-09T16:21:14.616087
B002105,U000263,C017,2016-01,49263.72,2026-08-09T16:21:14.616105
B002106,U001440,C003,2016-11,23050.5,2026-08-09T16:21:14.616125
B002107,U001383,C010,2011-05,32546.02,2026-08-09T16:21:14.616143
B002108,U000761,C013,1973-02,20029.0,2026-08-09T16:21:14.616161
B002109,U000305,C006,Q1-2026,23528.72,2026-08-09T16:21:14.616170
B002110,U003917,C004,1992-10,6059.98,2026-08-09T16:21:14.616187
B002111,U000263,C000,1995-09,35320.3,2026-08-09T16:21:14.616205
B002112,U001086,C999,1973-06,8590.83,2026-08-09T16:21:14.616223
B002113,U002214,C003,2014-09,34420.39,2026-08-09T16:21:14.616241
B002114,U001880,C001,1977-02,20595.62,2026-08-09T16:21:14.616259
B002115,U001514,C007,2018-07,21699.64,2026-08-09T16:21:14.616277
B002116,U000118,C003,1992-07,44579.09,2026-08-09T16:21:14.616294
B002117,U002539,C009,,8418.11,2026-08-09T16:21:14.616303
B002118,U002217,C004,1978-08,33473.41,2026-08-09T16:21:14.616321
B002119,U001288,C008,2018-01,12240.09,2026-08-09T16:21:14.616339
B002120,U003013,C000,2005-03,34888.36,2026-08-09T16:21:14.616357
B002121,U003369,C011,2015-01,35080.57,2026-08-09T16:21:14.616374
B002122,U000966,C016,2004-03,21295.58,2026-08-09T16:21:14.616392
B002123,U002755,C013,,413.14,2026-08-09T16:21:14.616419
B002124,U002530,C015,1998-05,17584.13,2026-08-09T16:21:14.616438
B002125,U000532,C006,1979-01,23378.23,2026-08-09T16:21:14.616456
B002126,U000571,C009,2010-12,41940.15,2026-08-09T16:21:14.616474
B002127,U000457,C016,2024-02,45465.83,2026-08-09T16:21:14.616492
B002128,U000623,C002,1983-06,1367.8,2026-08-09T16:21:14.616510
B002129,U003140,C010,1998-06,30828.98,2026-08-09T16:21:14.616528
B002130,U004734,C018,1979-08,49503.93,2026-08-09T16:21:14.616545
B002131,U001429,C007,,Rs.19117.73,2026-08-09T16:21:14.616555
B002132,U003468,C019,1970-03,8671.72,2026-08-09T16:21:14.616572
B002133,U002842,C007,2010-05,11593.32,2026-08-09T16:21:14.616590
B002134,U004658,C008,1988-07,4652.33,2026-08-09T16:21:14.616607
B002135,U004291,C006,Q1-2026,33843.6,2026-08-09T16:21:14.616616
B002136,U002503,C004,1985-08,14029.33,2026-08-09T16:21:14.616633
B002137,U001218,C009,1996-06,120.01,2026-08-09T16:21:14.616651
B002138,U001455,C016,1998-02,37236.55,2026-08-09T16:21:14.616668
B002139,U001567,C006,1985-03,40299.61,2026-08-09T16:21:14.616686
B002140,U004413,C019,1975-01,11511.31,2026-08-09T16:21:14.616703
B002141,U001709,C015,1992-08,18552.64,2026-08-09T16:21:14.616720
B002142,U004315,C012,1974-10,21814.64,2026-08-09T16:21:14.616738
B002143,U000305,C016,2018-07,21738.54,2026-08-09T16:21:14.616755
B002144,U002359,C005,1994-12,14221.1,2026-08-09T16:21:14.616773
B002145,U001446,C012,2017-07,47189.39,2026-08-09T16:21:14.616790
B002146,U003794,C010,1977-10,17182.84,2026-08-09T16:21:14.616808
B002147,U001672,C010,2021-01,41061.41,2026-08-09T16:21:14.616826
B002148,U002845,C005,Q1-2026,31683.74,2026-08-09T16:21:14.616835
B002149,U003057,C019,1979-06,13606.25,2026-08-09T16:21:14.616852
B002150,U003928,C999,1977-07,43282.78,2026-08-09T16:21:14.616869
B002151,U003497,C019,2023-08,43682.49,2026-08-09T16:21:14.616887
B002152,U002676,C006,2012-07,16142.57,2026-08-09T16:21:14.616904
B002153,U003852,C012,,,2026-08-09T16:21:14.616944
B002154,U004284,C006,1976-02,236.47,2026-08-09T16:21:14.616977
B002155,U004822,C010,2002-02,13705.7,2026-08-09T16:21:14.616999
B002156,U003730,C006,1988-07,46728.73,2026-08-09T16:21:14.617020
B002157,U003292,C012,1985-03,25822.08,2026-08-09T16:21:14.617039
B002158,U003686,C018,2022-08,26949.31,2026-08-09T16:21:14.617058
B002159,U003743,C000,2007-09,20435.06,2026-08-09T16:21:14.617076
B002160,U000182,C013,1971-05,29216.26,2026-08-09T16:21:14.617095
B002161,U002136,C019,,-45410.17,2026-08-09T16:21:14.617104
B002162,U001760,C016,2018-07,13042.89,2026-08-09T16:21:14.617122
B002163,U003670,C003,1977-06,16842.75,2026-08-09T16:21:14.617141
B002164,U002936,C013,1987-04,21612.43,2026-08-09T16:21:14.617159
B002165,U002774,C002,2018-06,27145.55,2026-08-09T16:21:14.617177
B002166,U000163,C003,2002-11,19224.13,2026-08-09T16:21:14.617195
B002167,U002136,C018,1986-10,44342.05,2026-08-09T16:21:14.617212
B002168,U001674,C009,2007-12,34717.77,2026-08-09T16:21:14.617230
B002169,U003014,C019,2012-02,44380.72,2026-08-09T16:21:14.617248
B002170,U004714,C016,1984-06,16390.03,2026-08-09T16:21:14.617266
B002171,U002279,C010,2018-08,37975.84,2026-08-09T16:21:14.617283
B002172,U002745,C013,,N/A,2026-08-09T16:21:14.617292
B002173,U003968,C010,1995-12,15550.22,2026-08-09T16:21:14.617309
B002174,U002165,C005,2017-03,39772.29,2026-08-09T16:21:14.617327
B002175,U003863,C017,2025-11,29395.49,2026-08-09T16:21:14.617345
B002176,U003651,C003,2018-11,15040.13,2026-08-09T16:21:14.617363
B002177,U001065,C010,2026-13,49017,2026-08-09T16:21:14.617371
B002178,U002651,C015,1974-05,21397.35,2026-08-09T16:21:14.617389
B002179,U003083,C009,2019-11,25712.97,2026-08-09T16:21:14.617407
B002180,U003369,C007,2021-12,25869.92,2026-08-09T16:21:14.617425
B002181,U002002,C013,2000-05,42973.98,2026-08-09T16:21:14.617442
B002182,U003156,C006,1994-09,16160.58,2026-08-09T16:21:14.617460
B002183,U000155,C002,2005-05,1096.57,2026-08-09T16:21:14.617477
B002184,U001157,C014,Q1-2026,N/A,2026-08-09T16:21:14.617518
B002185,U001707,C000,,,2026-08-09T16:21:14.617532
B002186,U004011,C014,1970-12,17520.4,2026-08-09T16:21:14.617560
B002187,U003889,C001,2011-09,44577.76,2026-08-09T16:21:14.617582
B002188,U003399,C004,2019-11,2589.76,2026-08-09T16:21:14.617601
B002189,U003460,C006,1971-12,12693.93,2026-08-09T16:21:14.617620
B002190,U001730,C999,2020-08,29760.72,2026-08-09T16:21:14.617639
B002191,U004896,C012,2018-02,37362.95,2026-08-09T16:21:14.617657
B002192,U001905,C003,2009-06,26865.48,2026-08-09T16:21:14.617675
B002193,U001233,C006,2003-08,11125.29,2026-08-09T16:21:14.617693
B002194,U003454,C002,2010-10,23844.12,2026-08-09T16:21:14.617711
B002195,U000391,C014,2012-02,44140.94,2026-08-09T16:21:14.617728
B002196,U003657,C009,1999-03,14004.22,2026-08-09T16:21:14.617746
B002197,U003781,C013,1978-01,8661.24,2026-08-09T16:21:14.617764
B002198,U001113,C012,1981-10,12257.7,2026-08-09T16:21:14.617782
B002199,U004408,C010,2009-06,34834.05,2026-08-09T16:21:14.617800
B002200,U004540,C019,2025-01,24424.36,2026-08-09T16:21:14.617818
B002201,U004061,C011,2014-05,30667.65,2026-08-09T16:21:14.617837
B002202,U001961,C009,1990-08,41967.15,2026-08-09T16:21:14.617855
B002203,U001133,C018,2022-12,17713.54,2026-08-09T16:21:14.617872
B002204,U003765,C008,2003-06,43910.1,2026-08-09T16:21:14.617890
B002205,U001966,C015,1980-08,19470.78,2026-08-09T16:21:14.617932
B002206,U003893,C009,2015-09,1260.86,2026-08-09T16:21:14.617968
B002207,U000184,C015,2022-04,21068.31,2026-08-09T16:21:14.617990
B002208,U002524,C019,2002-10,22263.16,2026-08-09T16:21:14.618010
B002209,U000723,C002,1986-02,15861.33,2026-08-09T16:21:14.618028
B002210,U001701,C999,1978-09,38850.02,2026-08-09T16:21:14.618046
B002211,U004819,C001,2026-13,-32171.05,2026-08-09T16:21:14.618056
B002212,U000274,C013,1996-01,18636.31,2026-08-09T16:21:14.618073
B002213,U004147,C004,1993-06,12115.99,2026-08-09T16:21:14.618091
B002214,U002157,C010,1976-01,12215.87,2026-08-09T16:21:14.618108
B002215,U002732,C999,2013-11,32864.68,2026-08-09T16:21:14.618127
B002216,U002801,C005,2008-01,45690.27,2026-08-09T16:21:14.618145
B002217,U001066,C013,1993-03,21497.57,2026-08-09T16:21:14.618162
B002218,U000110,C001,,23326.09,2026-08-09T16:21:14.618171
B002219,U000644,C002,2009-12,3005.9,2026-08-09T16:21:14.618189
B002220,U002520,C018,1997-11,49480.1,2026-08-09T16:21:14.618207
B002221,U003452,C002,1972-05,3942.43,2026-08-09T16:21:14.618224
B002222,U004897,C016,2022-12,28389.15,2026-08-09T16:21:14.618242
B002223,U002575,C002,1977-09,4347.31,2026-08-09T16:21:14.618260
B002224,U002607,C016,2007-11,10759.67,2026-08-09T16:21:14.618278
B002225,U002266,C012,1971-08,21325.0,2026-08-09T16:21:14.618295
B002226,U002510,C015,2018-07,22439.38,2026-08-09T16:21:14.618313
B002227,U004183,C999,1982-08,38208.1,2026-08-09T16:21:14.618330
B002228,U003988,C000,2005-11,14040.4,2026-08-09T16:21:14.618348
B002229,U004780,C013,1982-02,20000.77,2026-08-09T16:21:14.618365
B002230,U003140,C017,2023-03,44273.05,2026-08-09T16:21:14.618383
B002231,U000129,C011,1975-09,35603.62,2026-08-09T16:21:14.618401
B002232,U002810,C019,1973-10,29312.48,2026-08-09T16:21:14.618418
B002233,U000555,C008,Q1-2026,-8211.92,2026-08-09T16:21:14.618428
B002234,U001478,C018,1970-08,35221.54,2026-08-09T16:21:14.618445
B002235,U002341,C000,2021-09,15784.13,2026-08-09T16:21:14.618463
B002236,U001982,C019,2004-12,26756.15,2026-08-09T16:21:14.618480
B002237,U001274,C002,1992-06,12676.31,2026-08-09T16:21:14.618498
B002238,U001264,C002,1996-12,26601.39,2026-08-09T16:21:14.618515
B002239,U002525,C015,2025-05,15383.34,2026-08-09T16:21:14.618532
B002240,U001746,C017,1995-01,29543.13,2026-08-09T16:21:14.618550
B002241,U003717,C016,,,2026-08-09T16:21:14.618558
B002242,U001050,C000,2023-06,9407.0,2026-08-09T16:21:14.618576
B002243,U002310,C003,1981-04,844.18,2026-08-09T16:21:14.618593
B002244,U001363,C007,1995-02,39156.72,2026-08-09T16:21:14.618610
B002245,U001848,C011,1986-09,49605.69,2026-08-09T16:21:14.618628
B002246,U003328,C013,1984-03,15511.59,2026-08-09T16:21:14.618645
B002247,U004070,C015,1982-09,15129.29,2026-08-09T16:21:14.618663
B002248,U001667,C011,2020-09,3826.98,2026-08-09T16:21:14.618709
B002249,U000070,C004,1990-06,17773.52,2026-08-09T16:21:14.618743
B002250,U002191,C013,1997-05,38624.58,2026-08-09T16:21:14.618779
B002251,U000643,C011,1996-01,10509.77,2026-08-09T16:21:14.618816
B002252,U004319,C017,1975-09,18240.35,2026-08-09T16:21:14.618852
B002253,U000974,C015,2005-08,27523.36,2026-08-09T16:21:14.618888
B002254,U000474,C018,1970-02,26130.5,2026-08-09T16:21:14.618937
B002255,U000622,C005,1992-12,48556.57,2026-08-09T16:21:14.618972
B002256,U003072,C010,2018-07,18056.69,2026-08-09T16:21:14.618995
B002257,U000906,C012,1997-10,23041.17,2026-08-09T16:21:14.619014
B002258,U001456,C006,1986-03,26906.47,2026-08-09T16:21:14.619033
B002259,U000795,C018,2018-10,11024.76,2026-08-09T16:21:14.619051
B002260,U004685,C002,1980-12,27391.11,2026-08-09T16:21:14.619069
B002261,U000336,C001,1993-02,49637.7,2026-08-09T16:21:14.619087
B002262,U000532,C008,1997-01,43308.77,2026-08-09T16:21:14.619104
B002263,U001041,C019,1987-12,49101.66,2026-08-09T16:21:14.619122
B002264,U001286,C003,1992-02,34459.98,2026-08-09T16:21:14.619140
B002265,U004704,C014,1995-07,37230.69,2026-08-09T16:21:14.619158
B002266,U000426,C018,2004-01,36777.92,2026-08-09T16:21:14.619176
B002267,U000518,C016,1974-04,15726.6,2026-08-09T16:21:14.619195
B002268,U001582,C009,1984-03,4542.99,2026-08-09T16:21:14.619212
B002269,U003289,C002,2026-13,Rs.12480.43,2026-08-09T16:21:14.619222
B002270,U002969,C006,2003-10,42450.25,2026-08-09T16:21:14.619240
B002271,U002627,C007,2003-06,1959.18,2026-08-09T16:21:14.619258
B002272,U002517,C009,2026-13,,2026-08-09T16:21:14.619266
B002273,U000817,C001,2012-01,30835.78,2026-08-09T16:21:14.619284
B002274,U003336,C011,1989-05,30699.43,2026-08-09T16:21:14.619302
B002275,U002562,C010,2025-11,22836.36,2026-08-09T16:21:14.619319
B002276,U003540,C007,2020-08,37468.13,2026-08-09T16:21:14.619337
B002277,U002486,C003,2007-01,39156.44,2026-08-09T16:21:14.619355
B002278,U001505,C019,1998-01,29554.7,2026-08-09T16:21:14.619372
B002279,U004898,C008,2024-09,17068.75,2026-08-09T16:21:14.619391
B002280,U002513,C002,Q1-2026,45868.88,2026-08-09T16:21:14.619400
B002281,U000857,C012,Q1-2026,N/A,2026-08-09T16:21:14.619408
B002282,U004312,C999,2026-13,Rs.8010.26,2026-08-09T16:21:14.619418
B002283,U000454,C012,2010-09,26782.01,2026-08-09T16:21:14.619436
B002284,U004124,C004,1972-11,7605.73,2026-08-09T16:21:14.619453
B002285,U004089,C011,Q1-2026,20111,2026-08-09T16:21:14.619463
B002286,U004656,C012,1990-01,47730.63,2026-08-09T16:21:14.619480
B002287,U001585,C999,,24833.5,2026-08-09T16:21:14.619489
B002288,U000031,C000,2024-10,17269.68,2026-08-09T16:21:14.619507
B002289,U002881,C015,1994-04,6484.02,2026-08-09T16:21:14.619525
B002290,U003734,C001,1977-01,35175.92,2026-08-09T16:21:14.619543
B002291,U000249,C001,2018-02,48008.55,2026-08-09T16:21:14.619562
B002292,U002189,C017,1988-09,16986.62,2026-08-09T16:21:14.619580
B002293,U001055,C008,2025-07,40255.02,2026-08-09T16:21:14.619598
B002294,U001000,C004,1977-09,30506.91,2026-08-09T16:21:14.619615
B002295,U002741,C005,Q1-2026,Rs.40571.99,2026-08-09T16:21:14.619624
B002296,U000188,C004,2003-05,45677.24,2026-08-09T16:21:14.619642
B002297,U003272,C000,1979-12,40302.62,2026-08-09T16:21:14.619660
B002298,U004525,C000,2026-13,39566.83,2026-08-09T16:21:14.619669
B002299,U003428,C011,2017-07,42361.45,2026-08-09T16:21:14.619686
B002300,U002158,C014,1993-10,47731.42,2026-08-09T16:21:14.619704
B002301,U004972,C010,1987-11,2092.49,2026-08-09T16:21:14.619722
B002302,U002106,C002,2025-09,31731.87,2026-08-09T16:21:14.619739
B002303,U004787,C016,2014-01,16530.8,2026-08-09T16:21:14.619757
B002304,U002126,C006,2020-08,1773.51,2026-08-09T16:21:14.619775
B002305,U002697,C999,2008-11,42051.47,2026-08-09T16:21:14.619792
B002306,U001102,C007,2001-11,25746.02,2026-08-09T16:21:14.619810
B002307,U004166,C016,1999-03,22145.45,2026-08-09T16:21:14.619827
B002308,U002847,C013,1987-04,34865.88,2026-08-09T16:21:14.619844
B002309,U001946,C002,2018-01,10308.12,2026-08-09T16:21:14.619862
B002310,U000429,C013,2014-02,32361.24,2026-08-09T16:21:14.619880
B002311,U001130,C018,1991-11,1161.27,2026-08-09T16:21:14.619897
B002312,U000800,C006,Q1-2026,19115.71,2026-08-09T16:21:14.619928
B002313,U004826,C008,2017-02,33273.8,2026-08-09T16:21:14.619964
B002314,U000652,C018,2004-06,30773.78,2026-08-09T16:21:14.619987
B002315,U000136,C006,1996-06,16470.26,2026-08-09T16:21:14.620007
B002316,U002100,C016,2011-07,29347.3,2026-08-09T16:21:14.620026
B002317,U002643,C007,1972-04,28010.37,2026-08-09T16:21:14.620044
B002318,U004665,C009,1973-12,15408.91,2026-08-09T16:21:14.620062
B002319,U000999,C008,2002-10,22985.48,2026-08-09T16:21:14.620079
B002320,U000391,C011,1973-02,11675.59,2026-08-09T16:21:14.620097
B002321,U004594,C007,2020-04,29430.31,2026-08-09T16:21:14.620115
B002322,U003349,C015,1971-12,10760.49,2026-08-09T16:21:14.620133
B002323,U004623,C010,Q1-2026,11060,2026-08-09T16:21:14.620142
B002324,U000064,C017,1981-11,12799.82,2026-08-09T16:21:14.620160
B002325,U004235,C012,1998-09,40736.48,2026-08-09T16:21:14.620177
B002326,U003390,C010,1988-02,19006.09,2026-08-09T16:21:14.620195
B002327,U004857,C005,1992-03,18384.32,2026-08-09T16:21:14.620213
B002328,U004381,C005,2021-12,43633.15,2026-08-09T16:21:14.620230
B002329,U001349,C017,2010-02,45054.5,2026-08-09T16:21:14.620248
B002330,U000907,C016,2005-09,10924.51,2026-08-09T16:21:14.620266
B002331,U001717,C001,2011-03,21845.11,2026-08-09T16:21:14.620284
B002332,U002808,C013,1986-01,26763.54,2026-08-09T16:21:14.620301
B002333,U003460,C015,2017-10,45333.33,2026-08-09T16:21:14.620319
B002334,U004115,C000,2012-08,30544.48,2026-08-09T16:21:14.620336
B002335,U002653,C017,1983-02,10948.36,2026-08-09T16:21:14.620354
B002336,U002299,C018,2002-06,16279.43,2026-08-09T16:21:14.620372
B002337,U002742,C004,2024-11,3976.68,2026-08-09T16:21:14.620389
B002338,U001643,C002,2001-05,46882.04,2026-08-09T16:21:14.620406
B002339,U002823,C010,1985-08,29989.02,2026-08-09T16:21:14.620424
B002340,U004120,C019,1981-12,24432.35,2026-08-09T16:21:14.620442
B002341,U003746,C008,2002-07,4358.41,2026-08-09T16:21:14.620459
B002342,U002384,C016,1987-12,19294.73,2026-08-09T16:21:14.620477
B002343,U001281,C013,2002-07,22193.7,2026-08-09T16:21:14.620494
B002344,U000965,C019,1998-03,30944.74,2026-08-09T16:21:14.620511
B002345,U002741,C007,1999-08,13418.36,2026-08-09T16:21:14.620528
B002346,U002607,C002,1978-02,38377.48,2026-08-09T16:21:14.620546
B002347,U003570,C009,1981-05,44337.16,2026-08-09T16:21:14.620563
B002348,U003609,C016,1970-10,29946.6,2026-08-09T16:21:14.620580
B002349,U000065,C001,1986-08,28290.57,2026-08-09T16:21:14.620597
B002350,U004131,C005,2022-10,3060.67,2026-08-09T16:21:14.620615
B002351,U001570,C001,2000-08,4302.22,2026-08-09T16:21:14.620632
B002352,U004715,C015,1984-04,32613.86,2026-08-09T16:21:14.620650
B002353,U002300,C004,2014-11,6321.37,2026-08-09T16:21:14.620667
B002354,U004435,C006,1979-12,15272.43,2026-08-09T16:21:14.620685
B002355,U001371,C015,2005-09,19084.7,2026-08-09T16:21:14.620703
B002356,U004650,C999,1975-11,25999.8,2026-08-09T16:21:14.620720
B002357,U000403,C002,2024-09,40225.17,2026-08-09T16:21:14.620738
B002358,U000275,C008,2002-12,415.25,2026-08-09T16:21:14.620755
B002359,U002457,C017,1972-05,260.35,2026-08-09T16:21:14.620773
B002360,U002733,C007,2012-10,21937.29,2026-08-09T16:21:14.620790
B002361,U004317,C012,2004-01,20018.25,2026-08-09T16:21:14.620808
B002362,U000854,C011,2018-09,16321.54,2026-08-09T16:21:14.620825
B002363,U000129,C011,1970-10,12259.97,2026-08-09T16:21:14.620843
B002364,U003219,C001,1986-08,30756.56,2026-08-09T16:21:14.620860
B002365,U002189,C012,2007-06,31653.27,2026-08-09T16:21:14.620877
B002366,U001114,C001,1986-01,31460.03,2026-08-09T16:21:14.620894
B002367,U003236,C009,2016-09,31206.3,2026-08-09T16:21:14.620948
B002368,U004909,C004,Q1-2026,26540.47,2026-08-09T16:21:14.620962
B002369,U001257,C016,1987-09,18227.89,2026-08-09T16:21:14.620988
B002370,U000700,C011,,36135.52,2026-08-09T16:21:14.620998
B002371,U001781,C017,1995-05,12302.55,2026-08-09T16:21:14.621019
B002372,U004072,C014,,,2026-08-09T16:21:14.621047
B002373,U001300,C012,2026-13,-20845.08,2026-08-09T16:21:14.621056
B002374,U003257,C015,2005-05,32070.97,2026-08-09T16:21:14.621077
B002375,U003239,C000,2016-06,22296.09,2026-08-09T16:21:14.621096
B002376,U000183,C015,1972-01,41508.5,2026-08-09T16:21:14.621114
B002377,U004608,C018,2026-13,-30361.42,2026-08-09T16:21:14.621123
B002378,U003033,C002,2008-09,7667.31,2026-08-09T16:21:14.621141
B002379,U002271,C009,2013-01,4807.91,2026-08-09T16:21:14.621160
B002380,U001353,C010,1977-11,10308.37,2026-08-09T16:21:14.621178
B002381,U002257,C019,2001-07,27079.47,2026-08-09T16:21:14.621196
B002382,U002003,C016,2010-03,39033.37,2026-08-09T16:21:14.621214
B002383,U004672,C015,2008-06,13612.94,2026-08-09T16:21:14.621231
B002384,U002871,C012,2025-11,39008.8,2026-08-09T16:21:14.621249
B002385,U000300,C015,1992-01,946.92,2026-08-09T16:21:14.621267
B002386,U002157,C999,1994-05,39691.64,2026-08-09T16:21:14.621285
B002387,U002506,C007,2026-04,49199.69,2026-08-09T16:21:14.621302
B002388,U003856,C015,1991-12,5101.41,2026-08-09T16:21:14.621320
B002389,U004617,C005,1979-05,47537.96,2026-08-09T16:21:14.621338
B002390,U004769,C008,2011-03,38386.41,2026-08-09T16:21:14.621355
B002391,U000440,C015,2002-09,20251.72,2026-08-09T16:21:14.621373
B002392,U001974,C009,1988-02,43257.8,2026-08-09T16:21:14.621390
B002393,U002948,C018,2026-05,23196.01,2026-08-09T16:21:14.621408
B002394,U000417,C001,1974-01,5498.39,2026-08-09T16:21:14.621425
B002395,U002066,C014,1981-06,22748.16,2026-08-09T16:21:14.621442
B002396,U002357,C019,2023-09,48047.45,2026-08-09T16:21:14.621460
B002397,U000587,C008,1987-07,34714.78,2026-08-09T16:21:14.621478
B002398,U001416,C011,2006-08,47129.79,2026-08-09T16:21:14.621540
B002399,U004099,C010,2001-12,20070.53,2026-08-09T16:21:14.621564
B002400,U002806,C008,2016-04,32411.41,2026-08-09T16:21:14.621584
B002401,U003996,C009,1996-08,4770.58,2026-08-09T16:21:14.621602
B002402,U003064,C014,1982-05,10707.69,2026-08-09T16:21:14.621621
B002403,U000451,C007,1996-02,43036.56,2026-08-09T16:21:14.621638
B002404,U003054,C011,1986-06,27638.86,2026-08-09T16:21:14.621656
B002405,U004768,C011,2009-08,24304.36,2026-08-09T16:21:14.621674
B002406,U003996,C011,1981-01,46399.02,2026-08-09T16:21:14.621692
B002407,U003348,C012,2026-13,7777.64,2026-08-09T16:21:14.621701
B002408,U002150,C999,1999-11,32017.35,2026-08-09T16:21:14.621718
B002409,U003363,C005,1998-11,11924.42,2026-08-09T16:21:14.621736
B002410,U002473,C014,1993-01,104.03,2026-08-09T16:21:14.621753
B002411,U000403,C008,,40345.12,2026-08-09T16:21:14.621762
B002412,U000786,C008,1979-02,36479.37,2026-08-09T16:21:14.621780
B002413,U004832,C015,2012-10,36021.01,2026-08-09T16:21:14.621798
B002414,U002011,C009,2007-08,6233.03,2026-08-09T16:21:14.621815
B002415,U002616,C018,2005-11,17008.88,2026-08-09T16:21:14.621833
B002416,U001775,C015,,18649.44,2026-08-09T16:21:14.621842
B002417,U003780,C000,2026-13,Rs.30428.07,2026-08-09T16:21:14.621850
B002418,U003769,C011,Q1-2026,33893,2026-08-09T16:21:14.621859
B002419,U000859,C014,Q1-2026,Rs.1772.94,2026-08-09T16:21:14.621867
B002420,U002209,C018,2019-05,1681.84,2026-08-09T16:21:14.621885
B002421,U004893,C005,2016-05,47208.52,2026-08-09T16:21:14.621903
B002422,U000801,C012,2009-12,45194.23,2026-08-09T16:21:14.621960
B002423,U002991,C018,1980-03,40523.01,2026-08-09T16:21:14.621983
B002424,U004502,C018,2012-07,21216.78,2026-08-09T16:21:14.622003
B002425,U002047,C011,1983-09,49910.74,2026-08-09T16:21:14.622021
B002426,U003987,C007,1979-06,18407.04,2026-08-09T16:21:14.622039
B002427,U002916,C016,1970-04,29721.37,2026-08-09T16:21:14.622057
B002428,U000473,C014,2026-13,,2026-08-09T16:21:14.622066
B002429,U000699,C006,1976-12,11531.89,2026-08-09T16:21:14.622084
B002430,U000872,C006,2022-11,30608.47,2026-08-09T16:21:14.622102
B002431,U001552,C001,Q1-2026,23410.1,2026-08-09T16:21:14.622111
B002432,U002537,C019,2001-08,11343.28,2026-08-09T16:21:14.622129
B002433,U001843,C010,2001-03,23994.41,2026-08-09T16:21:14.622146
B002434,U004651,C013,1976-08,22087.06,2026-08-09T16:21:14.622164
B002435,U000512,C008,1982-08,26012.8,2026-08-09T16:21:14.622181
B002436,U000090,C001,,-33680.49,2026-08-09T16:21:14.622191
B002437,U003579,C011,2019-01,28040.38,2026-08-09T16:21:14.622209
B002438,U000206,C016,1974-05,8713.57,2026-08-09T16:21:14.622227
B002439,U001486,C013,1996-08,11871.86,2026-08-09T16:21:14.622245
B002440,U004843,C008,1993-06,35380.02,2026-08-09T16:21:14.622263
B002441,U001159,C016,1989-04,43200.53,2026-08-09T16:21:14.622281
B002442,U003515,C018,2016-12,5193.27,2026-08-09T16:21:14.622299
B002443,U001052,C006,1992-12,39840.23,2026-08-09T16:21:14.622316
B002444,U002161,C999,1995-08,32887.16,2026-08-09T16:21:14.622334
B002445,U001303,C012,1974-01,4139.59,2026-08-09T16:21:14.622352
B002446,U003032,C999,1977-09,27332.25,2026-08-09T16:21:14.622369
B002447,U001202,C010,2009-11,40502.5,2026-08-09T16:21:14.622388
B002448,U003230,C010,2019-06,22580.73,2026-08-09T16:21:14.622406
B002449,U002235,C012,2007-08,45736.53,2026-08-09T16:21:14.622424
B002450,U001481,C011,2001-04,34325.18,2026-08-09T16:21:14.622441
B002451,U002346,C002,1977-08,5477.68,2026-08-09T16:21:14.622459
B002452,U004360,C010,2026-13,10699.32,2026-08-09T16:21:14.622468
B002453,U000149,C010,1971-11,7227.78,2026-08-09T16:21:14.622497
B002454,U004422,C003,1982-11,34503.94,2026-08-09T16:21:14.622520
B002455,U003513,C016,2022-03,15052.4,2026-08-09T16:21:14.622538
B002456,U002289,C015,2026-13,13015,2026-08-09T16:21:14.622547
B002457,U000610,C008,2000-01,33097.17,2026-08-09T16:21:14.622565
B002458,U001990,C010,2025-08,13355.48,2026-08-09T16:21:14.622582
B002459,U000798,C003,2026-13,,2026-08-09T16:21:14.622591
B002460,U000093,C006,1995-02,90.96,2026-08-09T16:21:14.622608
B002461,U003234,C009,2015-07,23440.95,2026-08-09T16:21:14.622626
B002462,U004694,C000,1985-04,49569.31,2026-08-09T16:21:14.622644
B002463,U003958,C013,1990-03,5429.28,2026-08-09T16:21:14.622661
B002464,U003809,C012,2005-05,7227.62,2026-08-09T16:21:14.622680
B002465,U000021,C015,2021-05,21059.18,2026-08-09T16:21:14.622697
B002466,U000538,C999,1983-06,20807.64,2026-08-09T16:21:14.622715
B002467,U004087,C004,2017-04,2099.41,2026-08-09T16:21:14.622732
B002468,U004228,C012,1981-11,28050.1,2026-08-09T16:21:14.622750
B002469,U000843,C016,1970-09,19502.65,2026-08-09T16:21:14.622767
B002470,U000366,C007,1994-10,44303.55,2026-08-09T16:21:14.622785
B002471,U003171,C009,1999-12,32720.52,2026-08-09T16:21:14.622802
B002472,U002102,C019,1976-04,21475.69,2026-08-09T16:21:14.622820
B002473,U004823,C019,2019-05,4174.89,2026-08-09T16:21:14.622837
B002474,U001889,C019,Q1-2026,1031.45,2026-08-09T16:21:14.622897
B002475,U004662,C001,1979-08,48263.15,2026-08-09T16:21:14.622973
B002476,U003985,C999,2012-12,783.14,2026-08-09T16:21:14.622998
B002477,U002754,C003,1996-09,35261.33,2026-08-09T16:21:14.623018
B002478,U000434,C003,2022-07,27620.05,2026-08-09T16:21:14.623037
B002479,U003061,C017,1991-05,28697.67,2026-08-09T16:21:14.623056
B002480,U004463,C004,1989-05,28983.06,2026-08-09T16:21:14.623075
B002481,U000088,C014,2019-11,13870.83,2026-08-09T16:21:14.623291
B002482,U002720,C007,1973-08,3358.57,2026-08-09T16:21:14.623317
B002483,U003260,C004,2022-04,39050.13,2026-08-09T16:21:14.623337
B002484,U001407,C012,1985-12,39796.56,2026-08-09T16:21:14.623357
B002485,U000926,C013,2017-08,28573.62,2026-08-09T16:21:14.623423
B002486,U000205,C017,1996-12,35394.87,2026-08-09T16:21:14.623450
B002487,U002263,C016,1984-08,533.12,2026-08-09T16:21:14.623470
B002488,U004943,C007,1990-07,9957.35,2026-08-09T16:21:14.623489
B002489,U004466,C007,2009-04,37802.71,2026-08-09T16:21:14.623508
B002490,U001573,C019,1987-07,31942.53,2026-08-09T16:21:14.623526
B002491,U002966,C014,2026-13,Rs.44270.62,2026-08-09T16:21:14.623536
B002492,U002551,C010,,-18875.32,2026-08-09T16:21:14.623545
B002493,U002827,C003,1982-12,1309.66,2026-08-09T16:21:14.623563
B002494,U000667,C009,1990-03,2363.77,2026-08-09T16:21:14.623581
B002495,U000724,C004,1980-01,45545.0,2026-08-09T16:21:14.623598
B002496,U000710,C018,1995-02,16527.65,2026-08-09T16:21:14.623653
B002497,U004775,C015,1987-01,28317.41,2026-08-09T16:21:14.623702
B002498,U001806,C010,Q1-2026,,2026-08-09T16:21:14.623713
B002499,U003980,C000,2015-09,9620.36,2026-08-09T16:21:14.623733
B002500,U004098,C014,2008-05,45378.66,2026-08-09T16:21:14.623752
B002501,U002485,C002,2023-09,6487.18,2026-08-09T16:21:14.623771
B002502,U003129,C000,1999-05,16504.68,2026-08-09T16:21:14.623790
B002503,U002075,C017,1978-04,40459.48,2026-08-09T16:21:14.623808
B002504,U004548,C018,2018-06,16044.8,2026-08-09T16:21:14.623826
B002505,U003155,C017,1977-11,12950.79,2026-08-09T16:21:14.623845
B002506,U003715,C012,1993-09,22880.68,2026-08-09T16:21:14.623863
B002507,U003568,C001,2017-10,479.4,2026-08-09T16:21:14.623881
B002508,U002540,C010,2004-03,47087.7,2026-08-09T16:21:14.623899
B002509,U004809,C014,2024-09,33819.35,2026-08-09T16:21:14.624066
B002510,U001910,C002,2010-01,31956.25,2026-08-09T16:21:14.624095
B002511,U001936,C001,2016-03,11390.05,2026-08-09T16:21:14.624115
B002512,U004752,C013,1990-09,37423.36,2026-08-09T16:21:14.624135
B002513,U003696,C010,1975-11,45621.32,2026-08-09T16:21:14.624153
B002514,U002162,C010,2022-05,5824.36,2026-08-09T16:21:14.624172
B002515,U004446,C008,Q1-2026,N/A,2026-08-09T16:21:14.624181
B002516,U003594,C006,2016-05,42186.43,2026-08-09T16:21:14.624200
B002517,U002821,C012,1987-10,986.49,2026-08-09T16:21:14.624218
B002518,U002371,C005,1994-07,24187.6,2026-08-09T16:21:14.624236
B002519,U004781,C011,2020-07,40883.25,2026-08-09T16:21:14.624255
B002520,U001886,C015,2014-07,20683.69,2026-08-09T16:21:14.624273
B002521,U000880,C001,2000-10,24211.0,2026-08-09T16:21:14.624291
B002522,U003872,C012,1989-06,15340.6,2026-08-09T16:21:14.624309
B002523,U002375,C011,1988-02,20922.2,2026-08-09T16:21:14.624327
B002524,U004192,C018,1994-03,39514.54,2026-08-09T16:21:14.624345
B002525,U003173,C018,2011-08,10512.31,2026-08-09T16:21:14.624363
B002526,U002198,C000,1997-12,37913.01,2026-08-09T16:21:14.624381
B002527,U004987,C016,1972-02,12898.48,2026-08-09T16:21:14.624399
B002528,U004328,C011,1990-11,37084.73,2026-08-09T16:21:14.624417
B002529,U003554,C012,Q1-2026,N/A,2026-08-09T16:21:14.624425
B002530,U003340,C002,2007-06,10932.01,2026-08-09T16:21:14.624444
B002531,U003356,C017,2012-07,23823.13,2026-08-09T16:21:14.624462
B002532,U003627,C014,2017-11,44519.63,2026-08-09T16:21:14.624480
B002533,U003068,C014,2000-02,2053.6,2026-08-09T16:21:14.624498
B002534,U004665,C018,2024-12,44655.07,2026-08-09T16:21:14.624516
B002535,U003082,C007,2000-10,24855.15,2026-08-09T16:21:14.624534
B002536,U003637,C002,1998-07,33507.3,2026-08-09T16:21:14.624552
B002537,U003586,C007,,N/A,2026-08-09T16:21:14.624561
B002538,U001535,C001,1981-11,20349.26,2026-08-09T16:21:14.624578
B002539,U001375,C009,1973-10,10093.79,2026-08-09T16:21:14.624596
B002540,U001981,C001,2002-12,39391.8,2026-08-09T16:21:14.624614
B002541,U004828,C007,1984-09,12619.04,2026-08-09T16:21:14.624632
B002542,U003286,C000,1988-04,41727.58,2026-08-09T16:21:14.624650
B002543,U003095,C018,1973-06,49245.68,2026-08-09T16:21:14.624708
B002544,U001856,C000,2012-12,19947.34,2026-08-09T16:21:14.624740
B002545,U001069,C006,1988-02,17057.77,2026-08-09T16:21:14.624762
B002546,U003209,C010,2023-12,38928.62,2026-08-09T16:21:14.624782
B002547,U000740,C004,1972-12,25297.36,2026-08-09T16:21:14.624801
B002548,U000397,C001,2022-03,39275.64,2026-08-09T16:21:14.624820
B002549,U002170,C008,1986-12,26557.82,2026-08-09T16:21:14.624838
B002550,U002755,C009,2012-03,26590.09,2026-08-09T16:21:14.624856
B002551,U002790,C007,1989-06,5340.62,2026-08-09T16:21:14.624874
B002552,U004262,C000,1981-06,12803.69,2026-08-09T16:21:14.624892
B002553,U002547,C004,1983-08,26475.07,2026-08-09T16:21:14.624940
B002554,U002028,C014,,Rs.38009.03,2026-08-09T16:21:14.624959
B002555,U002728,C000,1981-09,23988.77,2026-08-09T16:21:14.624985
B002556,U003475,C017,2000-08,26506.4,2026-08-09T16:21:14.625006
B002557,U004459,C012,1978-07,1380.38,2026-08-09T16:21:14.625025
B002558,U001714,C018,1987-01,47548.26,2026-08-09T16:21:14.625044
B002559,U002040,C002,2024-12,45853.49,2026-08-09T16:21:14.625062
B002560,U000762,C019,Q1-2026,N/A,2026-08-09T16:21:14.625071
B002561,U001710,C018,1990-05,38786.54,2026-08-09T16:21:14.625089
B002562,U004423,C015,1985-10,28297.36,2026-08-09T16:21:14.625107
B002563,U001306,C016,1988-03,24858.18,2026-08-09T16:21:14.625125
B002564,U000624,C008,1973-01,40073.92,2026-08-09T16:21:14.625143
B002565,U002784,C011,1974-05,39862.21,2026-08-09T16:21:14.625160
B002566,U000926,C015,2018-11,45786.52,2026-08-09T16:21:14.625178
B002567,U002537,C009,2019-06,5751.61,2026-08-09T16:21:14.625196
B002568,U001594,C005,Q1-2026,-27839.83,2026-08-09T16:21:14.625205
B002569,U002655,C002,Q1-2026,,2026-08-09T16:21:14.625213
B002570,U000649,C004,2010-11,46950.45,2026-08-09T16:21:14.625230
B002571,U001304,C999,2018-04,37609.7,2026-08-09T16:21:14.625248
B002572,U004006,C011,,Rs.18335.04,2026-08-09T16:21:14.625257
B002573,U004340,C015,2023-02,30979.5,2026-08-09T16:21:14.625276
B002574,U000558,C001,2006-02,43423.5,2026-08-09T16:21:14.625294
B002575,U003400,C004,1992-10,43723.56,2026-08-09T16:21:14.625311
B002576,U000146,C003,2000-04,17782.03,2026-08-09T16:21:14.625329
B002577,U004678,C014,1970-06,12650.59,2026-08-09T16:21:14.625348
B002578,U000416,C007,2006-03,43387.38,2026-08-09T16:21:14.625365
B002579,U003942,C017,2015-07,45428.3,2026-08-09T16:21:14.625383
B002580,U004447,C006,2024-06,10091.14,2026-08-09T16:21:14.625401
B002581,U003051,C016,2026-05,47617.84,2026-08-09T16:21:14.625419
B002582,U001948,C017,2011-10,10816.21,2026-08-09T16:21:14.625436
B002583,U000085,C013,2021-05,2458.23,2026-08-09T16:21:14.625454
B002584,U002126,C010,,-48891.38,2026-08-09T16:21:14.625463
B002585,U003976,C002,1996-04,13401.88,2026-08-09T16:21:14.625480
B002586,U002803,C016,1991-05,35187.7,2026-08-09T16:21:14.625539
B002587,U003770,C000,2007-08,4791.73,2026-08-09T16:21:14.625562
B002588,U000875,C018,,24822.61,2026-08-09T16:21:14.625571
B002589,U001083,C000,2012-04,30875.08,2026-08-09T16:21:14.625591
B002590,U004681,C004,1992-01,2320.55,2026-08-09T16:21:14.625610
B002591,U001267,C017,1979-02,36193.89,2026-08-09T16:21:14.625628
B002592,U001951,C007,2022-08,35254.55,2026-08-09T16:21:14.625645
B002593,U003686,C000,1998-12,41568.72,2026-08-09T16:21:14.625663
B002594,U001619,C015,2005-10,29278.67,2026-08-09T16:21:14.625681
B002595,U004861,C003,2002-10,17190.11,2026-08-09T16:21:14.625699
B002596,U003047,C010,1996-03,40529.6,2026-08-09T16:21:14.625717
B002597,U001728,C019,Q1-2026,Rs.22187.15,2026-08-09T16:21:14.625726
B002598,U000158,C014,2011-08,16719.0,2026-08-09T16:21:14.625744
B002599,U000499,C003,1997-04,49746.0,2026-08-09T16:21:14.625762
B002600,U001503,C009,2010-12,28068.81,2026-08-09T16:21:14.625780
B002601,U001951,C018,1980-03,20608.15,2026-08-09T16:21:14.625797
B002602,U002833,C019,2020-07,3995.62,2026-08-09T16:21:14.625815
B002603,U001947,C002,1982-03,8899.08,2026-08-09T16:21:14.625832
B002604,U003848,C014,1996-07,11789.37,2026-08-09T16:21:14.625850
B002605,U003557,C014,1981-11,24006.02,2026-08-09T16:21:14.625868
B002606,U002112,C009,2001-07,9571.55,2026-08-09T16:21:14.625885
B002607,U002806,C009,2006-11,31135.57,2026-08-09T16:21:14.625903
B002608,U004058,C005,1985-10,30184.03,2026-08-09T16:21:14.625961
B002609,U000651,C015,2001-09,5524.78,2026-08-09T16:21:14.625986
B002610,U002518,C007,1995-02,44717.41,2026-08-09T16:21:14.626006
B002611,U000352,C005,2019-04,30673.03,2026-08-09T16:21:14.626025
B002612,U001854,C008,1980-06,46405.51,2026-08-09T16:21:14.626043
B002613,U002431,C004,1999-10,14657.64,2026-08-09T16:21:14.626061
B002614,U003430,C001,2002-04,31327.95,2026-08-09T16:21:14.626080
B002615,U004649,C009,2019-02,484.09,2026-08-09T16:21:14.626097
B002616,U002902,C015,2026-13,-23899.33,2026-08-09T16:21:14.626107
B002617,U003321,C012,2021-12,34729.2,2026-08-09T16:21:14.626124
B002618,U001133,C004,2015-02,18304.71,2026-08-09T16:21:14.626142
B002619,U000270,C007,1978-10,20635.44,2026-08-09T16:21:14.626160
B002620,U000434,C019,2010-12,38026.13,2026-08-09T16:21:14.626178
B002621,U002198,C999,2023-11,48727.37,2026-08-09T16:21:14.626195
B002622,U002720,C004,1975-02,23343.38,2026-08-09T16:21:14.626234
B002623,U000931,C014,2014-12,9225.49,2026-08-09T16:21:14.626253
B002624,U002545,C002,2024-07,12938.65,2026-08-09T16:21:14.626271
B002625,U002689,C013,2022-10,28583.18,2026-08-09T16:21:14.626289
B002626,U000094,C999,2009-09,3298.11,2026-08-09T16:21:14.626307
B002627,U001824,C006,1977-11,48944.78,2026-08-09T16:21:14.626326
B002628,U002235,C014,2012-08,40058.36,2026-08-09T16:21:14.626344
B002629,U004712,C017,1970-01,31872.2,2026-08-09T16:21:14.626362
B002630,U002646,C019,2023-02,20868.64,2026-08-09T16:21:14.626380
B002631,U003942,C015,2026-07,39864.55,2026-08-09T16:21:14.626398
B002632,U002891,C007,Q1-2026,-1003.76,2026-08-09T16:21:14.626407
B002633,U001339,C009,1992-03,23254.02,2026-08-09T16:21:14.626425
B002634,U003298,C010,1989-09,539.78,2026-08-09T16:21:14.626442
B002635,U001173,C019,2008-10,28142.75,2026-08-09T16:21:14.626460
B002636,U000455,C013,1984-03,15037.69,2026-08-09T16:21:14.626478
B002637,U000553,C999,2011-06,15595.09,2026-08-09T16:21:14.626496
B002638,U004122,C015,2021-08,12478.48,2026-08-09T16:21:14.626514
B002639,U002661,C010,1990-05,12997.78,2026-08-09T16:21:14.626531
B002640,U002327,C005,1989-05,32068.47,2026-08-09T16:21:14.626549
B002641,U004036,C019,1985-09,7188.98,2026-08-09T16:21:14.626567
B002642,U000501,C013,2017-09,22149.3,2026-08-09T16:21:14.626585
B002643,U002192,C018,2004-09,11239.45,2026-08-09T16:21:14.626602
B002644,U001893,C018,1988-01,20018.27,2026-08-09T16:21:14.626620
B002645,U002617,C006,Q1-2026,N/A,2026-08-09T16:21:14.626628
B002646,U002840,C005,2020-10,25674.07,2026-08-09T16:21:14.626646
B002647,U001822,C010,2020-04,22839.11,2026-08-09T16:21:14.626664
B002648,U004185,C003,2021-11,44597.91,2026-08-09T16:21:14.626682
B002649,U003943,C007,1974-11,13868.94,2026-08-09T16:21:14.626699
B002650,U001705,C001,2013-05,9047.62,2026-08-09T16:21:14.626717
B002651,U002541,C003,1972-11,42258.24,2026-08-09T16:21:14.626734
B002652,U003896,C008,1983-02,1091.72,2026-08-09T16:21:14.626752
B002653,U003066,C006,1992-10,35731.82,2026-08-09T16:21:14.626770
B002654,U000450,C007,1971-08,11515.27,2026-08-09T16:21:14.626787
B002655,U000594,C012,2026-13,6284.42,2026-08-09T16:21:14.626796
B002656,U000232,C015,2021-03,35438.0,2026-08-09T16:21:14.626813
B002657,U002920,C010,1978-12,26720.73,2026-08-09T16:21:14.626831
B002658,U004814,C008,1978-07,31706.15,2026-08-09T16:21:14.626849
B002659,U002239,C004,1996-11,7624.11,2026-08-09T16:21:14.626866
B002660,U002450,C010,1988-06,19669.58,2026-08-09T16:21:14.626884
B002661,U004863,C019,2026-13,Rs.18573.07,2026-08-09T16:21:14.626893
B002662,U002627,C007,Q1-2026,-40041.21,2026-08-09T16:21:14.626902
B002663,U004234,C002,1987-02,29323.26,2026-08-09T16:21:14.626959
B002664,U002828,C000,2004-08,17471.33,2026-08-09T16:21:14.626983
B002665,U002540,C019,1987-06,48050.29,2026-08-09T16:21:14.627003
B002666,U000560,C019,1995-04,35650.4,2026-08-09T16:21:14.627022
B002667,U002729,C015,2016-01,42917.49,2026-08-09T16:21:14.627040
B002668,U004064,C003,2000-12,44707.88,2026-08-09T16:21:14.627058
B002669,U001889,C005,1991-07,47940.03,2026-08-09T16:21:14.627076
B002670,U001076,C008,1995-01,20484.88,2026-08-09T16:21:14.627095
B002671,U003527,C003,Q1-2026,20531.76,2026-08-09T16:21:14.627104
B002672,U004394,C011,Q1-2026,Rs.21634.44,2026-08-09T16:21:14.627113
B002673,U000006,C014,,Rs.46977.99,2026-08-09T16:21:14.627121
B002674,U000448,C010,1994-02,30359.6,2026-08-09T16:21:14.627140
B002675,U004103,C011,2014-11,33385.55,2026-08-09T16:21:14.627158
B002676,U003648,C014,2003-01,43864.45,2026-08-09T16:21:14.627175
B002677,U001767,C013,1994-09,1208.69,2026-08-09T16:21:14.627193
B002678,U000344,C018,1977-11,1906.72,2026-08-09T16:21:14.627211
B002679,U002330,C013,Q1-2026,-4811.39,2026-08-09T16:21:14.627220
B002680,U001218,C015,1981-01,41554.59,2026-08-09T16:21:14.627237
B002681,U004565,C003,2014-02,26901.97,2026-08-09T16:21:14.627255
B002682,U002302,C012,2014-12,32825.62,2026-08-09T16:21:14.627273
B002683,U001991,C017,1973-05,26154.91,2026-08-09T16:21:14.627290
B002684,U004163,C015,1993-08,35389.0,2026-08-09T16:21:14.627308
B002685,U000725,C016,2018-02,40866.84,2026-08-09T16:21:14.627325
B002686,U003444,C019,1993-01,2296.84,2026-08-09T16:21:14.627343
B002687,U000288,C018,2000-05,19096.65,2026-08-09T16:21:14.627361
B002688,U004561,C017,1991-11,37935.58,2026-08-09T16:21:14.627378
B002689,U001442,C016,2024-05,1723.4,2026-08-09T16:21:14.627396
B002690,U001278,C015,1981-11,7838.08,2026-08-09T16:21:14.627414
B002691,U004538,C003,Q1-2026,33441.54,2026-08-09T16:21:14.627423
B002692,U001582,C014,1994-10,10546.81,2026-08-09T16:21:14.627440
B002693,U000145,C014,1972-11,25793.09,2026-08-09T16:21:14.627458
B002694,U000235,C017,2008-06,11105.04,2026-08-09T16:21:14.627476
B002695,U004945,C014,2016-08,47615.48,2026-08-09T16:21:14.627494
B002696,U004902,C018,2023-05,31444.26,2026-08-09T16:21:14.627512
B002697,U000845,C999,1979-11,12772.61,2026-08-09T16:21:14.627529
B002698,U004977,C017,1971-02,10228.93,2026-08-09T16:21:14.627548
B002699,U000650,C008,1979-08,19382.54,2026-08-09T16:21:14.627565
B002700,U000289,C013,1990-06,18952.12,2026-08-09T16:21:14.627582
B002701,U003423,C014,1994-11,18634.99,2026-08-09T16:21:14.627600
B002702,U002765,C015,1999-06,44661.84,2026-08-09T16:21:14.627617
B002703,U002493,C011,,2281,2026-08-09T16:21:14.627626
B002704,U003294,C006,2014-10,49845.65,2026-08-09T16:21:14.627643
B002705,U000732,C016,2006-03,2450.24,2026-08-09T16:21:14.627661
B002706,U003595,C006,1992-05,29432.68,2026-08-09T16:21:14.627678
B002707,U000265,C004,2022-10,17481.0,2026-08-09T16:21:14.627696
B002708,U002835,C013,2007-08,16570.51,2026-08-09T16:21:14.627713
B002709,U001967,C015,1992-03,35178.26,2026-08-09T16:21:14.627731
B002710,U001982,C000,1974-06,33853.57,2026-08-09T16:21:14.627748
B002711,U004056,C017,,5422.19,2026-08-09T16:21:14.627756
B002712,U000882,C011,1981-06,14165.73,2026-08-09T16:21:14.627774
B002713,U001259,C000,1970-12,42607.17,2026-08-09T16:21:14.627791
B002714,U000471,C004,2001-05,47697.28,2026-08-09T16:21:14.627809
B002715,U002376,C010,1991-12,16069.28,2026-08-09T16:21:14.627826
B002716,U002802,C009,1975-11,29496.8,2026-08-09T16:21:14.627843
B002717,U000298,C018,Q1-2026,45920.95,2026-08-09T16:21:14.627852
B002718,U004063,C012,1978-12,31558.56,2026-08-09T16:21:14.627869
B002719,U000069,C015,1992-04,6763.88,2026-08-09T16:21:14.627886
B002720,U003209,C006,2020-07,669.35,2026-08-09T16:21:14.627922
B002721,U002310,C007,1999-02,26312.33,2026-08-09T16:21:14.627959
B002722,U000486,C000,1970-10,1505.13,2026-08-09T16:21:14.627983
B002723,U001830,C010,2026-13,N/A,2026-08-09T16:21:14.627992
B002724,U000145,C015,2023-06,34585.18,2026-08-09T16:21:14.628011
B002725,U000871,C014,2009-09,49579.57,2026-08-09T16:21:14.628030
B002726,U003381,C010,1992-12,49518.58,2026-08-09T16:21:14.628048
B002727,U003174,C004,2004-06,25604.11,2026-08-09T16:21:14.628066
B002728,U001594,C011,1999-03,4997.81,2026-08-09T16:21:14.628084
B002729,U003093,C005,2015-11,7272.15,2026-08-09T16:21:14.628102
B002730,U002681,C999,2014-04,20216.98,2026-08-09T16:21:14.628121
B002731,U001043,C007,2026-13,6490.67,2026-08-09T16:21:14.628130
B002732,U003049,C012,2007-10,37180.47,2026-08-09T16:21:14.628148
B002733,U000836,C005,1985-12,17977.69,2026-08-09T16:21:14.628166
B002734,U004248,C018,1974-07,36831.58,2026-08-09T16:21:14.628183
B002735,U000837,C016,1975-02,42543.52,2026-08-09T16:21:14.628201
B002736,U004152,C000,2015-09,16847.34,2026-08-09T16:21:14.628219
B002737,U003533,C001,1983-07,35484.8,2026-08-09T16:21:14.628237
B002738,U001472,C006,2018-04,28959.95,2026-08-09T16:21:14.628254
B002739,U004532,C009,2010-01,38568.49,2026-08-09T16:21:14.628272
B002740,U000275,C018,2018-08,27848.12,2026-08-09T16:21:14.628289
B002741,U003410,C002,2008-06,16325.99,2026-08-09T16:21:14.628307
B002742,U002645,C017,1982-12,40517.58,2026-08-09T16:21:14.628325
B002743,U002308,C009,1975-05,15153.52,2026-08-09T16:21:14.628342
B002744,U001311,C008,Q1-2026,Rs.27770.52,2026-08-09T16:21:14.628351
B002745,U003218,C006,2010-05,36212.1,2026-08-09T16:21:14.628369
B002746,U003780,C007,2009-01,23106.56,2026-08-09T16:21:14.628404
B002747,U000340,C007,1991-12,47151.67,2026-08-09T16:21:14.628422
B002748,U000900,C017,1983-04,1587.99,2026-08-09T16:21:14.628440
B002749,U003118,C999,1991-04,29362.15,2026-08-09T16:21:14.628458
B002750,U002159,C003,1980-02,30218.1,2026-08-09T16:21:14.628476
B002751,U004700,C013,2012-07,329.99,2026-08-09T16:21:14.628494
B002752,U002160,C014,2026-13,N/A,2026-08-09T16:21:14.628502
B002753,U000835,C018,1978-02,40213.83,2026-08-09T16:21:14.628520
B002754,U002583,C012,1985-07,47821.09,2026-08-09T16:21:14.628538
B002755,U001171,C009,2017-05,36316.79,2026-08-09T16:21:14.628556
B002756,U004523,C006,1987-04,14480.41,2026-08-09T16:21:14.628573
B002757,U001805,C008,1986-06,3933.81,2026-08-09T16:21:14.628591
B002758,U000571,C016,2026-13,5552.11,2026-08-09T16:21:14.628599
B002759,U000848,C009,1970-02,495.28,2026-08-09T16:21:14.628616
B002760,U000703,C007,2005-12,7837.05,2026-08-09T16:21:14.628634
B002761,U003644,C018,1995-09,33429.14,2026-08-09T16:21:14.628651
B002762,U003689,C001,2021-09,25121.38,2026-08-09T16:21:14.628669
B002763,U004690,C008,2018-04,39621.32,2026-08-09T16:21:14.628686
B002764,U003165,C014,1991-06,5013.37,2026-08-09T16:21:14.628704
B002765,U004123,C014,1979-03,26333.09,2026-08-09T16:21:14.628721
B002766,U001621,C003,,Rs.40468.12,2026-08-09T16:21:14.628730
B002767,U002226,C010,2002-07,23695.32,2026-08-09T16:21:14.628747
B002768,U001249,C014,1974-04,16412.83,2026-08-09T16:21:14.628765
B002769,U004912,C008,2017-05,39530.07,2026-08-09T16:21:14.628782
B002770,U002193,C000,2005-11,11131.98,2026-08-09T16:21:14.628800
B002771,U003684,C008,1998-12,12920.98,2026-08-09T16:21:14.628817
B002772,U004302,C014,1999-11,195.46,2026-08-09T16:21:14.628835
B002773,U002022,C019,1974-07,5336.07,2026-08-09T16:21:14.628853
B002774,U002366,C002,1991-08,9299.25,2026-08-09T16:21:14.628870
B002775,U002461,C002,2025-08,225.31,2026-08-09T16:21:14.628888
B002776,U001836,C005,1993-06,21337.1,2026-08-09T16:21:14.628926
B002777,U002872,C007,1972-06,47015.76,2026-08-09T16:21:14.628962
B002778,U004559,C001,2007-05,17390.67,2026-08-09T16:21:14.628986
B002779,U003248,C007,1973-05,4388.58,2026-08-09T16:21:14.629007
B002780,U000665,C000,2019-01,49822.58,2026-08-09T16:21:14.629026
B002781,U002722,C009,2020-06,20356.11,2026-08-09T16:21:14.629045
B002782,U002638,C007,,1882.22,2026-08-09T16:21:14.629054
B002783,U002301,C014,,Rs.47529.66,2026-08-09T16:21:14.629063
B002784,U004599,C012,1986-10,38747.12,2026-08-09T16:21:14.629081
B002785,U004250,C018,2003-06,13588.48,2026-08-09T16:21:14.629100
B002786,U000568,C014,2006-01,615.73,2026-08-09T16:21:14.629118
B002787,U003320,C003,1995-01,1277.4,2026-08-09T16:21:14.629136
B002788,U003735,C014,2026-13,Rs.37677.14,2026-08-09T16:21:14.629145
B002789,U001817,C999,2004-09,24028.77,2026-08-09T16:21:14.629163
B002790,U002539,C019,1988-12,9871.56,2026-08-09T16:21:14.629181
B002791,U000302,C014,1998-12,26394.98,2026-08-09T16:21:14.629198
B002792,U000605,C014,2005-11,5339.79,2026-08-09T16:21:14.629216
B002793,U003071,C001,1975-12,49635.1,2026-08-09T16:21:14.629234
B002794,U000193,C005,2016-07,46096.46,2026-08-09T16:21:14.629252
B002795,U000263,C002,1991-06,47241.21,2026-08-09T16:21:14.629269
B002796,U002737,C018,2016-06,21149.47,2026-08-09T16:21:14.629287
B002797,U001903,C007,2021-01,33282.51,2026-08-09T16:21:14.629305
B002798,U004625,C013,1985-09,49246.5,2026-08-09T16:21:14.629322
B002799,U003064,C005,2024-08,11448.3,2026-08-09T16:21:14.629340
B002800,U003932,C000,1993-07,40928.99,2026-08-09T16:21:14.629358
B002801,U002950,C007,2005-06,45344.51,2026-08-09T16:21:14.629375
B002802,U000453,C009,2000-11,30863.27,2026-08-09T16:21:14.629393
B002803,U004780,C005,1986-04,19242.49,2026-08-09T16:21:14.629411
B002804,U002850,C006,2025-11,35969.85,2026-08-09T16:21:14.629428
B002805,U003912,C999,2019-06,41575.27,2026-08-09T16:21:14.629446
B002806,U003722,C006,1982-07,48076.84,2026-08-09T16:21:14.629463
B002807,U003502,C004,2016-11,13659.58,2026-08-09T16:21:14.629481
B002808,U001247,C006,2021-06,39641.06,2026-08-09T16:21:14.629545
B002809,U002858,C016,1994-05,18812.03,2026-08-09T16:21:14.629568
B002810,U001995,C019,1973-03,7680.16,2026-08-09T16:21:14.629588
B002811,U003178,C017,1980-01,22667.22,2026-08-09T16:21:14.629607
B002812,U000640,C007,,28829.58,2026-08-09T16:21:14.629617
B002813,U003945,C019,2008-09,19531.94,2026-08-09T16:21:14.629635
B002814,U003526,C000,1978-08,18270.91,2026-08-09T16:21:14.629653
B002815,U000829,C015,1981-12,43636.95,2026-08-09T16:21:14.629671
B002816,U003788,C019,1999-09,6273.52,2026-08-09T16:21:14.629688
B002817,U000994,C012,1981-01,6821.01,2026-08-09T16:21:14.629706
B002818,U004812,C017,Q1-2026,9407.02,2026-08-09T16:21:14.629715
B002819,U003220,C009,1985-01,20038.2,2026-08-09T16:21:14.629732
B002820,U004383,C019,1984-05,22398.54,2026-08-09T16:21:14.629750
B002821,U002424,C999,2017-04,32297.95,2026-08-09T16:21:14.629768
B002822,U000040,C007,1996-02,29969.0,2026-08-09T16:21:14.629786
B002823,U001083,C015,2015-04,34783.55,2026-08-09T16:21:14.629804
B002824,U004431,C012,2006-05,19882.66,2026-08-09T16:21:14.629822
B002825,U001236,C011,1970-11,16114.49,2026-08-09T16:21:14.629839
B002826,U000448,C010,1996-04,1202.44,2026-08-09T16:21:14.629856
B002827,U003190,C001,1979-09,364.33,2026-08-09T16:21:14.629874
B002828,U000910,C001,1999-03,4167.38,2026-08-09T16:21:14.629891
B002829,U000604,C013,1971-05,3529.96,2026-08-09T16:21:14.629932
B002830,U001577,C017,1983-10,12903.57,2026-08-09T16:21:14.629966
B002831,U004212,C002,2007-04,6974.36,2026-08-09T16:21:14.629988
B002832,U001892,C000,2026-13,N/A,2026-08-09T16:21:14.629997
B002833,U001582,C016,2026-01,42686.18,2026-08-09T16:21:14.630016
B002834,U003075,C018,2006-02,31228.43,2026-08-09T16:21:14.630034
B002835,U004593,C012,2012-05,23908.78,2026-08-09T16:21:14.630052
B002836,U001786,C002,2017-07,3077.45,2026-08-09T16:21:14.630070
B002837,U004335,C003,1994-07,24694.57,2026-08-09T16:21:14.630088
B002838,U003819,C999,1975-05,12258.15,2026-08-09T16:21:14.630106
B002839,U002972,C010,2000-08,36234.72,2026-08-09T16:21:14.630124
B002840,U001134,C004,2026-13,,2026-08-09T16:21:14.630132
B002841,U001144,C000,1983-03,20538.93,2026-08-09T16:21:14.630149
B002842,U004311,C012,1982-08,41099.15,2026-08-09T16:21:14.630167
B002843,U003149,C002,1981-04,31907.37,2026-08-09T16:21:14.630185
B002844,U001829,C000,1976-11,7785.48,2026-08-09T16:21:14.630202
B002845,U000953,C999,2013-03,21823.73,2026-08-09T16:21:14.630220
B002846,U004151,C006,1984-06,15850.04,2026-08-09T16:21:14.630238
B002847,U004841,C002,2002-07,20697.22,2026-08-09T16:21:14.630255
B002848,U002243,C000,1987-12,41831.69,2026-08-09T16:21:14.630272
B002849,U004730,C002,1984-06,35653.72,2026-08-09T16:21:14.630290
B002850,U001471,C010,2015-11,7004.2,2026-08-09T16:21:14.630308
B002851,U001222,C999,1979-08,40254.01,2026-08-09T16:21:14.630325
B002852,U000403,C005,2022-01,19032.91,2026-08-09T16:21:14.630343
B002853,U003777,C018,2019-01,13009.24,2026-08-09T16:21:14.630360
B002854,U004650,C010,2009-05,42284.52,2026-08-09T16:21:14.630378
B002855,U001527,C010,1986-07,9258.6,2026-08-09T16:21:14.630395
B002856,U002107,C008,2012-12,15071.23,2026-08-09T16:21:14.630413
B002857,U002034,C999,1980-01,21465.94,2026-08-09T16:21:14.630431
B002858,U004441,C013,1970-04,25369.71,2026-08-09T16:21:14.630448
B002859,U000951,C002,2014-04,15462.42,2026-08-09T16:21:14.630466
B002860,U001808,C001,1998-09,21310.02,2026-08-09T16:21:14.630483
B002861,U004257,C000,,,2026-08-09T16:21:14.630491
B002862,U002599,C011,2008-01,29695.67,2026-08-09T16:21:14.630508
B002863,U000457,C999,2001-01,45493.22,2026-08-09T16:21:14.630526
B002864,U001367,C015,1990-03,26537.03,2026-08-09T16:21:14.630543
B002865,U000427,C005,2006-12,46115.49,2026-08-09T16:21:14.630561
B002866,U001244,C000,1972-09,35664.83,2026-08-09T16:21:14.630578
B002867,U003196,C007,2003-03,23403.42,2026-08-09T16:21:14.630595
B002868,U001462,C012,2026-07,19769.54,2026-08-09T16:21:14.630613
B002869,U001194,C006,,-25440.91,2026-08-09T16:21:14.630622
B002870,U001435,C019,1990-01,15980.55,2026-08-09T16:21:14.630639
B002871,U004828,C018,1976-04,47569.88,2026-08-09T16:21:14.630676
B002872,U001862,C014,1994-12,48508.87,2026-08-09T16:21:14.630694
B002873,U001602,C019,1992-03,41530.61,2026-08-09T16:21:14.630712
B002874,U004742,C010,1970-03,38184.41,2026-08-09T16:21:14.630730
B002875,U001196,C008,Q1-2026,22577,2026-08-09T16:21:14.630739
B002876,U003927,C006,,,2026-08-09T16:21:14.630747
B002877,U004322,C013,2025-01,7429.4,2026-08-09T16:21:14.630764
B002878,U003793,C013,1978-12,5212.61,2026-08-09T16:21:14.630782
B002879,U004551,C009,2004-05,36516.86,2026-08-09T16:21:14.630799
B002880,U001703,C000,1979-05,39826.17,2026-08-09T16:21:14.630817
B002881,U002961,C012,2024-08,47812.47,2026-08-09T16:21:14.630834
B002882,U004162,C004,Q1-2026,N/A,2026-08-09T16:21:14.630842
B002883,U004576,C004,2018-03,25568.71,2026-08-09T16:21:14.630860
B002884,U001403,C003,2012-12,1975.38,2026-08-09T16:21:14.630884
B002885,U004273,C016,1997-01,10144.11,2026-08-09T16:21:14.630942
B002886,U003615,C007,1982-11,35816.29,2026-08-09T16:21:14.630976
B002887,U002380,C017,2010-04,17453.3,2026-08-09T16:21:14.630998
B002888,U003866,C004,1985-10,339.11,2026-08-09T16:21:14.631017
B002889,U000184,C017,2021-12,14753.38,2026-08-09T16:21:14.631036
B002890,U002075,C002,1973-08,21848.31,2026-08-09T16:21:14.631055
B002891,U000765,C019,2020-03,34912.37,2026-08-09T16:21:14.631073
B002892,U001714,C999,1986-09,19784.04,2026-08-09T16:21:14.631091
B002893,U002680,C011,,4577,2026-08-09T16:21:14.631100
B002894,U002977,C002,2026-13,N/A,2026-08-09T16:21:14.631108
B002895,U002096,C004,1973-01,6449.78,2026-08-09T16:21:14.631126
B002896,U001703,C001,2016-04,653.12,2026-08-09T16:21:14.631144
B002897,U003701,C004,2008-12,6458.81,2026-08-09T16:21:14.631162
B002898,U001257,C999,1979-07,26452.07,2026-08-09T16:21:14.631180
B002899,U001559,C008,Q1-2026,7125.85,2026-08-09T16:21:14.631189
B002900,U003742,C010,1972-08,40345.86,2026-08-09T16:21:14.631206
B002901,U003561,C018,2012-10,7085.88,2026-08-09T16:21:14.631224
B002902,U000246,C019,1997-07,5601.74,2026-08-09T16:21:14.631242
B002903,U003247,C007,2003-12,6207.15,2026-08-09T16:21:14.631260
B002904,U003492,C019,2016-01,19281.49,2026-08-09T16:21:14.631277
B002905,U002503,C000,2014-08,12443.97,2026-08-09T16:21:14.631295
B002906,U002082,C011,1983-07,13929.62,2026-08-09T16:21:14.631313
B002907,U000154,C012,1983-01,4988.51,2026-08-09T16:21:14.631331
B002908,U004753,C014,2024-05,224.17,2026-08-09T16:21:14.631348
B002909,U002354,C009,1986-09,39441.06,2026-08-09T16:21:14.631366
B002910,U000225,C003,2012-12,16466.6,2026-08-09T16:21:14.631383
B002911,U004012,C013,2022-09,14973.19,2026-08-09T16:21:14.631401
B002912,U003382,C005,2025-01,25791.06,2026-08-09T16:21:14.631419
B002913,U002422,C003,2008-06,5959.57,2026-08-09T16:21:14.631437
B002914,U000148,C999,Q1-2026,Rs.48216.54,2026-08-09T16:21:14.631446
B002915,U003405,C003,1983-02,36543.09,2026-08-09T16:21:14.631464
B002916,U001000,C010,2006-05,41824.5,2026-08-09T16:21:14.631482
B002917,U003051,C005,1990-01,34909.56,2026-08-09T16:21:14.631500
B002918,U001090,C017,1981-11,46773.07,2026-08-09T16:21:14.631518
B002919,U004491,C006,2003-01,49205.46,2026-08-09T16:21:14.631535
B002920,U002491,C007,1985-01,17498.57,2026-08-09T16:21:14.631553
B002921,U000469,C009,2017-09,24852.23,2026-08-09T16:21:14.631571
B002922,U002784,C006,2001-10,29794.76,2026-08-09T16:21:14.631589
B002923,U000872,C002,2026-13,45732.63,2026-08-09T16:21:14.631597
B002924,U002616,C016,1990-03,34294.3,2026-08-09T16:21:14.631614
B002925,U003792,C014,1999-09,35209.18,2026-08-09T16:21:14.631632
B002926,U001451,C012,1980-10,2028.44,2026-08-09T16:21:14.631649
B002927,U003646,C008,Q1-2026,29382.18,2026-08-09T16:21:14.631658
B002928,U002473,C017,Q1-2026,359.58,2026-08-09T16:21:14.631666
B002929,U004452,C013,2025-10,3379.67,2026-08-09T16:21:14.631683
B002930,U002535,C004,1999-08,8912.76,2026-08-09T16:21:14.631701
B002931,U001803,C011,2006-04,47864.34,2026-08-09T16:21:14.631718
B002932,U002416,C011,2016-06,29816.9,2026-08-09T16:21:14.631736
B002933,U002670,C011,1986-04,28180.91,2026-08-09T16:21:14.631754
B002934,U003644,C015,1993-04,29983.22,2026-08-09T16:21:14.631771
B002935,U000723,C003,1983-11,34034.17,2026-08-09T16:21:14.631789
B002936,U004853,C017,1977-04,11182.75,2026-08-09T16:21:14.631806
B002937,U002714,C014,2006-09,20589.74,2026-08-09T16:21:14.631824
B002938,U002048,C010,1999-03,38355.04,2026-08-09T16:21:14.631841
B002939,U000718,C012,2015-12,38.11,2026-08-09T16:21:14.631859
B002940,U002921,C016,1988-10,28526.3,2026-08-09T16:21:14.631877
B002941,U000319,C003,1973-03,43910.94,2026-08-09T16:21:14.631894
B002942,U001375,C005,2016-12,5823.12,2026-08-09T16:21:14.631940
B002943,U003104,C016,2023-01,29759.68,2026-08-09T16:21:14.631972
B002944,U000063,C016,1998-12,9795.92,2026-08-09T16:21:14.631994
B002945,U000576,C004,1998-01,33584.23,2026-08-09T16:21:14.632014
B002946,U004228,C018,1975-12,30875.21,2026-08-09T16:21:14.632033
B002947,U004061,C008,2003-02,19526.89,2026-08-09T16:21:14.632052
B002948,U000957,C007,2017-05,36528.83,2026-08-09T16:21:14.632070
B002949,U003925,C018,1976-09,44194.0,2026-08-09T16:21:14.632088
B002950,U001037,C014,1977-02,5265.58,2026-08-09T16:21:14.632107
B002951,U002689,C012,1981-12,46752.71,2026-08-09T16:21:14.632124
B002952,U001804,C006,1997-08,26048.32,2026-08-09T16:21:14.632142
B002953,U004431,C016,1975-12,33834.54,2026-08-09T16:21:14.632159
B002954,U001192,C016,2004-10,18281.1,2026-08-09T16:21:14.632177
B002955,U004594,C019,1997-05,25609.97,2026-08-09T16:21:14.632195
B002956,U000859,C017,1986-05,38650.68,2026-08-09T16:21:14.632212
B002957,U001923,C018,1996-08,23375.91,2026-08-09T16:21:14.632229
B002958,U000419,C018,2009-02,437.56,2026-08-09T16:21:14.632247
B002959,U001943,C015,Q1-2026,N/A,2026-08-09T16:21:14.632256
B002960,U002434,C008,2002-02,15638.52,2026-08-09T16:21:14.632273
B002961,U002069,C009,2009-02,13862.42,2026-08-09T16:21:14.632291
B002962,U000354,C014,1996-09,20155.57,2026-08-09T16:21:14.632308
B002963,U001395,C013,1997-06,6780.53,2026-08-09T16:21:14.632326
B002964,U002812,C009,1984-03,32713.07,2026-08-09T16:21:14.632343
B002965,U003702,C011,2010-06,49675.79,2026-08-09T16:21:14.632361
B002966,U003203,C000,1971-09,46834.77,2026-08-09T16:21:14.632378
B002967,U002043,C010,2010-03,28991.16,2026-08-09T16:21:14.632396
B002968,U001714,C019,1990-03,25791.08,2026-08-09T16:21:14.632413
B002969,U004650,C001,1999-11,23108.44,2026-08-09T16:21:14.632430
B002970,U004688,C013,2020-05,18200.07,2026-08-09T16:21:14.632448
B002971,U003690,C016,2008-12,37818.83,2026-08-09T16:21:14.632465
B002972,U004070,C010,2021-10,20837.82,2026-08-09T16:21:14.632483
B002973,U004523,C002,1999-12,18927.05,2026-08-09T16:21:14.632500
B002974,U001786,C009,1988-08,33862.75,2026-08-09T16:21:14.632518
B002975,U001724,C001,2022-11,49803.97,2026-08-09T16:21:14.632536
B002976,U000801,C014,2012-09,23289.93,2026-08-09T16:21:14.632553
B002977,U001583,C010,1997-02,32882.87,2026-08-09T16:21:14.632571
B002978,U000021,C015,2014-03,25397.97,2026-08-09T16:21:14.632588
B002979,U004783,C005,2003-11,7439.13,2026-08-09T16:21:14.632606
B002980,U004104,C010,1992-12,14133.23,2026-08-09T16:21:14.632623
B002981,U001549,C013,2023-07,29086.33,2026-08-09T16:21:14.632640
B002982,U001064,C017,1995-01,16658.2,2026-08-09T16:21:14.632657
B002983,U001534,C007,1982-05,4359.05,2026-08-09T16:21:14.632675
B002984,U001132,C012,1991-06,15759.9,2026-08-09T16:21:14.632692
B002985,U001948,C010,1973-04,34720.84,2026-08-09T16:21:14.632709
B002986,U000973,C009,1986-07,31157.22,2026-08-09T16:21:14.632727
B002987,U004867,C001,2019-11,9426.84,2026-08-09T16:21:14.632744
B002988,U002012,C008,1996-08,24108.75,2026-08-09T16:21:14.632761
B002989,U003472,C019,,N/A,2026-08-09T16:21:14.632770
B002990,U002571,C011,1975-11,17240.38,2026-08-09T16:21:14.632786
B002991,U000343,C004,1970-05,1847.03,2026-08-09T16:21:14.632804
B002992,U003852,C008,1975-12,3691.41,2026-08-09T16:21:14.632821
B002993,U002532,C008,1970-02,46851.52,2026-08-09T16:21:14.632838
B002994,U004617,C008,1994-09,39968.04,2026-08-09T16:21:14.632855
B002995,U000910,C005,2003-08,5397.6,2026-08-09T16:21:14.632872
B002996,U004891,C002,1998-05,47828.03,2026-08-09T16:21:14.632931
B002997,U000116,C013,1978-09,16253.14,2026-08-09T16:21:14.632965
B002998,U002976,C003,2017-07,45307.28,2026-08-09T16:21:14.632988
B002999,U001224,C017,1977-07,32458.88,2026-08-09T16:21:14.633007
B003000,U000216,C011,2000-03,19316.3,2026-08-09T16:21:14.633026
B003001,U004566,C011,2023-06,12424.14,2026-08-09T16:21:14.633044
B003002,U002102,C011,,16198.86,2026-08-09T16:21:14.633053
B003003,U000418,C004,2005-05,48476.57,2026-08-09T16:21:14.633070
B003004,U002726,C013,1970-04,340.78,2026-08-09T16:21:14.633088
B003005,U004414,C019,1982-03,40102.48,2026-08-09T16:21:14.633106
B003006,U001772,C007,1983-12,32311.84,2026-08-09T16:21:14.633123
B003007,U001570,C018,1990-08,36161.51,2026-08-09T16:21:14.633141
B003008,U003367,C001,2026-13,25982,2026-08-09T16:21:14.633150
B003009,U003279,C018,1992-10,18857.71,2026-08-09T16:21:14.633167
B003010,U001164,C013,1977-09,44490.7,2026-08-09T16:21:14.633185
B003011,U001505,C005,2004-05,7491.84,2026-08-09T16:21:14.633202
B003012,U003068,C010,2010-02,33829.96,2026-08-09T16:21:14.633220
B003013,U003751,C019,1997-05,1865.94,2026-08-09T16:21:14.633237
B003014,U003786,C000,1994-12,45885.17,2026-08-09T16:21:14.633254
B003015,U002791,C003,2026-13,-1943.26,2026-08-09T16:21:14.633263
B003016,U002071,C009,1977-06,30583.95,2026-08-09T16:21:14.633280
B003017,U004908,C015,2021-12,44703.4,2026-08-09T16:21:14.633298
B003018,U003132,C005,1993-09,36408.51,2026-08-09T16:21:14.633315
B003019,U001586,C007,1986-05,37747.91,2026-08-09T16:21:14.633332
B003020,U004818,C999,2001-08,42759.87,2026-08-09T16:21:14.633350
B003021,U004884,C005,Q1-2026,45994.04,2026-08-09T16:21:14.633358
B003022,U000921,C000,1972-11,42506.54,2026-08-09T16:21:14.633375
B003023,U003935,C002,2007-09,7989.17,2026-08-09T16:21:14.633393
B003024,U000345,C001,1975-08,44886.8,2026-08-09T16:21:14.633410
B003025,U001190,C016,1981-02,11666.35,2026-08-09T16:21:14.633427
B003026,U002291,C005,1996-08,22706.96,2026-08-09T16:21:14.633465
B003027,U002343,C019,Q1-2026,16214,2026-08-09T16:21:14.633478
B003028,U003644,C005,1973-12,44534.3,2026-08-09T16:21:14.633538
B003029,U000509,C012,1987-11,9683.85,2026-08-09T16:21:14.633561
B003030,U004247,C000,1984-10,47999.69,2026-08-09T16:21:14.633581
B003031,U001371,C013,2006-08,48802.25,2026-08-09T16:21:14.633600
B003032,U002384,C008,1973-10,20803.7,2026-08-09T16:21:14.633618
B003033,U004122,C018,1989-02,16208.96,2026-08-09T16:21:14.633637
B003034,U002217,C015,1997-08,20423.51,2026-08-09T16:21:14.633655
B003035,U003415,C000,2020-03,32340.15,2026-08-09T16:21:14.633673
B003036,U002173,C014,1978-11,7790.02,2026-08-09T16:21:14.633691
B003037,U002806,C005,2016-12,18095.74,2026-08-09T16:21:14.633710
B003038,U004506,C014,2023-08,34746.89,2026-08-09T16:21:14.633728
B003039,U004484,C017,1983-01,13050.95,2026-08-09T16:21:14.633746
B003040,U004964,C008,2004-09,20834.54,2026-08-09T16:21:14.633764
B003041,U003753,C001,1970-08,49700.43,2026-08-09T16:21:14.633782
B003042,U004210,C016,Q1-2026,22693.48,2026-08-09T16:21:14.633791
B003043,U001270,C012,2024-02,26127.41,2026-08-09T16:21:14.633808
B003044,U000436,C016,2013-03,39834.48,2026-08-09T16:21:14.633826
B003045,U003285,C002,1990-04,35375.11,2026-08-09T16:21:14.633843
B003046,U002106,C003,2003-12,21882.97,2026-08-09T16:21:14.633861
B003047,U001604,C015,2026-13,32277.23,2026-08-09T16:21:14.633870
B003048,U003171,C012,Q1-2026,25770.4,2026-08-09T16:21:14.633878
B003049,U003288,C012,,49972.85,2026-08-09T16:21:14.633886
B003050,U003012,C999,1977-09,3214.56,2026-08-09T16:21:14.633923
B003051,U001566,C006,2009-07,44879.37,2026-08-09T16:21:14.633959
B003052,U002150,C004,2018-01,27836.65,2026-08-09T16:21:14.633983
B003053,U003056,C008,1972-05,4169.46,2026-08-09T16:21:14.634003
B003054,U000147,C002,2006-12,28844.28,2026-08-09T16:21:14.634021
B003055,U004557,C008,Q1-2026,Rs.995.83,2026-08-09T16:21:14.634031
B003056,U000970,C015,2025-07,68.72,2026-08-09T16:21:14.634049
B003057,U003279,C015,1980-08,43612.41,2026-08-09T16:21:14.634067
B003058,U001397,C001,2003-12,23982.13,2026-08-09T16:21:14.634085
B003059,U000449,C015,2001-08,41352.24,2026-08-09T16:21:14.634103
B003060,U001852,C007,,N/A,2026-08-09T16:21:14.634112
B003061,U004891,C012,1996-06,22656.06,2026-08-09T16:21:14.634129
B003062,U002405,C013,1983-05,4171.04,2026-08-09T16:21:14.634147
B003063,U000551,C002,2026-13,N/A,2026-08-09T16:21:14.634155
B003064,U003841,C001,2026-13,24823,2026-08-09T16:21:14.634163
B003065,U001446,C000,,Rs.2412.78,2026-08-09T16:21:14.634172
B003066,U003879,C005,2009-11,34307.02,2026-08-09T16:21:14.634190
B003067,U001881,C019,1971-09,8789.5,2026-08-09T16:21:14.634208
B003068,U001410,C019,,N/A,2026-08-09T16:21:14.634216
B003069,U002203,C999,1974-10,23041.01,2026-08-09T16:21:14.634233
B003070,U002734,C999,2005-01,11511.11,2026-08-09T16:21:14.634251
B003071,U000179,C019,2004-02,43354.74,2026-08-09T16:21:14.634269
B003072,U002533,C008,2017-04,41572.51,2026-08-09T16:21:14.634287
B003073,U001239,C012,1987-03,33158.7,2026-08-09T16:21:14.634305
B003074,U002112,C999,2025-05,8296.52,2026-08-09T16:21:14.634323
B003075,U003313,C009,1985-06,5659.16,2026-08-09T16:21:14.634340
B003076,U001730,C014,1997-09,14593.12,2026-08-09T16:21:14.634357
B003077,U003001,C002,2008-01,45023.83,2026-08-09T16:21:14.634375
B003078,U001143,C014,2007-01,46872.22,2026-08-09T16:21:14.634393
B003079,U001882,C014,2018-06,39472.84,2026-08-09T16:21:14.634410
B003080,U003239,C018,1972-02,38574.6,2026-08-09T16:21:14.634428
B003081,U003664,C012,2013-01,26683.32,2026-08-09T16:21:14.634445
B003082,U003086,C000,2023-12,41875.76,2026-08-09T16:21:14.634463
B003083,U004066,C002,1972-04,40418.64,2026-08-09T16:21:14.634480
B003084,U004904,C001,2025-08,39998.93,2026-08-09T16:21:14.634498
B003085,U003202,C016,1995-12,25461.91,2026-08-09T16:21:14.634515
B003086,U004818,C019,1973-11,1752.66,2026-08-09T16:21:14.634533
B003087,U002764,C016,,8554,2026-08-09T16:21:14.634542
B003088,U003638,C008,1987-07,13284.01,2026-08-09T16:21:14.634559
B003089,U004731,C017,,Rs.10462.9,2026-08-09T16:21:14.634568
B003090,U002599,C004,2016-07,48700.97,2026-08-09T16:21:14.634585
B003091,U000895,C003,1992-01,45069.1,2026-08-09T16:21:14.634602
B003092,U000464,C016,,40036.04,2026-08-09T16:21:14.634611
B003093,U002050,C013,2018-09,33874.63,2026-08-09T16:21:14.634628
B003094,U004994,C017,2002-07,33418.92,2026-08-09T16:21:14.634645
B003095,U004886,C007,2023-07,40927.14,2026-08-09T16:21:14.634663
B003096,U002924,C018,,5898,2026-08-09T16:21:14.634671
B003097,U003718,C006,Q1-2026,13757.16,2026-08-09T16:21:14.634679
B003098,U000326,C004,1983-03,7398.36,2026-08-09T16:21:14.634700
B003099,U002168,C004,1991-10,17314.81,2026-08-09T16:21:14.634718
B003100,U004057,C004,2014-02,442.51,2026-08-09T16:21:14.634735
B003101,U002428,C017,1971-10,41313.46,2026-08-09T16:21:14.634752
B003102,U004235,C015,1981-05,46070.21,2026-08-09T16:21:14.634770
B003103,U000835,C019,2008-11,7053.91,2026-08-09T16:21:14.634788
B003104,U002309,C015,Q1-2026,12776,2026-08-09T16:21:14.634797
B003105,U002498,C012,1971-03,255.94,2026-08-09T16:21:14.634814
B003106,U002030,C014,1996-08,47920.95,2026-08-09T16:21:14.634831
B003107,U004486,C008,2021-06,34112.82,2026-08-09T16:21:14.634849
B003108,U001476,C002,1992-09,13119.9,2026-08-09T16:21:14.634866
B003109,U001500,C015,,26771.41,2026-08-09T16:21:14.634875
B003110,U001180,C019,2021-03,41610.67,2026-08-09T16:21:14.634892
B003111,U003653,C013,2011-04,30987.48,2026-08-09T16:21:14.634933
B003112,U003727,C018,1975-06,49657.61,2026-08-09T16:21:14.634966
B003113,U003855,C010,1972-11,14666.77,2026-08-09T16:21:14.634989
B003114,U002113,C014,2018-12,37927.0,2026-08-09T16:21:14.635009
B003115,U001930,C008,1971-02,223.53,2026-08-09T16:21:14.635028
B003116,U001115,C018,2015-11,49556.32,2026-08-09T16:21:14.635047
B003117,U003407,C000,2009-12,34565.88,2026-08-09T16:21:14.635065
B003118,U003563,C005,1998-02,34772.02,2026-08-09T16:21:14.635083
B003119,U000524,C018,2020-01,10447.65,2026-08-09T16:21:14.635101
B003120,U002041,C016,1994-04,30144.5,2026-08-09T16:21:14.635119
B003121,U002283,C016,2006-03,14324.27,2026-08-09T16:21:14.635137
B003122,U004948,C007,2020-05,21102.4,2026-08-09T16:21:14.635178
B003123,U002862,C013,1971-10,5950.23,2026-08-09T16:21:14.635196
B003124,U002950,C013,2018-06,27723.68,2026-08-09T16:21:14.635214
B003125,U001083,C007,2021-08,43391.89,2026-08-09T16:21:14.635233
B003126,U003812,C000,Q1-2026,N/A,2026-08-09T16:21:14.635241
B003127,U002589,C007,2015-07,5115.88,2026-08-09T16:21:14.635259
B003128,U001069,C014,Q1-2026,-46190.92,2026-08-09T16:21:14.635268
B003129,U003604,C005,Q1-2026,35776.51,2026-08-09T16:21:14.635277
B003130,U003390,C999,Q1-2026,Rs.8105.93,2026-08-09T16:21:14.635286
B003131,U002884,C013,2020-10,9410.77,2026-08-09T16:21:14.635304
B003132,U000861,C004,Q1-2026,,2026-08-09T16:21:14.635312
B003133,U004460,C005,Q1-2026,,2026-08-09T16:21:14.635320
B003134,U003236,C013,1998-06,3887.94,2026-08-09T16:21:14.635337
B003135,U002447,C011,2014-11,31132.92,2026-08-09T16:21:14.635355
B003136,U004207,C012,1995-10,18841.68,2026-08-09T16:21:14.635373
B003137,U002671,C009,1995-09,4004.44,2026-08-09T16:21:14.635390
B003138,U001353,C999,1973-11,42727.17,2026-08-09T16:21:14.635408
B003139,U001441,C010,2010-09,6984.1,2026-08-09T16:21:14.635426
B003140,U004286,C017,2023-12,19067.47,2026-08-09T16:21:14.635444
B003141,U002589,C019,2002-08,13632.72,2026-08-09T16:21:14.635461
B003142,U004962,C016,1975-09,38061.38,2026-08-09T16:21:14.635479
B003143,U004108,C005,1988-02,49676.85,2026-08-09T16:21:14.635497
B003144,U002347,C014,1996-03,44172.58,2026-08-09T16:21:14.635514
B003145,U000364,C007,1983-02,3971.33,2026-08-09T16:21:14.635532
B003146,U001372,C019,1983-12,27024.3,2026-08-09T16:21:14.635549
B003147,U003770,C002,2013-03,39635.54,2026-08-09T16:21:14.635567
B003148,U001372,C006,1976-09,37292.15,2026-08-09T16:21:14.635584
B003149,U001703,C013,1984-12,47232.81,2026-08-09T16:21:14.635608
B003150,U002400,C004,2018-08,39384.53,2026-08-09T16:21:14.635639
B003151,U003936,C017,1994-11,19466.06,2026-08-09T16:21:14.635671
B003152,U004436,C010,2001-06,9315.77,2026-08-09T16:21:14.635703
B003153,U003605,C012,2010-05,49078.05,2026-08-09T16:21:14.635735
B003154,U001225,C000,1995-06,25295.89,2026-08-09T16:21:14.635772
B003155,U003676,C017,2021-09,11332.57,2026-08-09T16:21:14.635809
B003156,U000655,C000,2023-04,20340.93,2026-08-09T16:21:14.635845
B003157,U001864,C007,1991-10,13305.33,2026-08-09T16:21:14.635867
B003158,U003016,C015,2015-10,12143.47,2026-08-09T16:21:14.635885
B003159,U001421,C006,2009-04,47702.45,2026-08-09T16:21:14.635926
B003160,U003710,C015,2001-02,32219.39,2026-08-09T16:21:14.635965
B003161,U000458,C008,1973-10,16536.28,2026-08-09T16:21:14.635988
B003162,U002920,C018,2024-11,23496.11,2026-08-09T16:21:14.636009
B003163,U001030,C014,2026-13,37275,2026-08-09T16:21:14.636019
B003164,U004511,C011,2017-08,40792.58,2026-08-09T16:21:14.636037
B003165,U000185,C009,2003-03,35462.2,2026-08-09T16:21:14.636056
B003166,U000342,C004,1976-08,16560.06,2026-08-09T16:21:14.636074
B003167,U003363,C016,2018-02,30185.52,2026-08-09T16:21:14.636092
B003168,U001826,C018,2012-11,39790.23,2026-08-09T16:21:14.636110
B003169,U003753,C999,2005-04,1943.49,2026-08-09T16:21:14.636129
B003170,U003404,C015,2017-12,48553.59,2026-08-09T16:21:14.636147
B003171,U000566,C011,1998-10,39437.86,2026-08-09T16:21:14.636165
B003172,U002338,C012,2021-08,43473.56,2026-08-09T16:21:14.636183
B003173,U004322,C012,1979-04,42072.03,2026-08-09T16:21:14.636200
B003174,U002812,C012,2002-09,30440.02,2026-08-09T16:21:14.636218
B003175,U002281,C016,2008-02,33563.45,2026-08-09T16:21:14.636236
B003176,U003532,C015,1973-08,37308.08,2026-08-09T16:21:14.636254
B003177,U001460,C019,2019-10,42408.56,2026-08-09T16:21:14.636272
B003178,U001335,C009,1971-06,27222.71,2026-08-09T16:21:14.636289
B003179,U004379,C014,1999-12,45901.81,2026-08-09T16:21:14.636306
B003180,U000086,C013,1975-08,44559.47,2026-08-09T16:21:14.636324
B003181,U002144,C010,2009-05,29138.36,2026-08-09T16:21:14.636342
B003182,U002285,C005,2008-05,21093.07,2026-08-09T16:21:14.636359
B003183,U003379,C000,Q1-2026,Rs.27762.38,2026-08-09T16:21:14.636368
B003184,U001054,C001,2026-13,-42974.14,2026-08-09T16:21:14.636377
B003185,U000961,C007,2001-09,36069.82,2026-08-09T16:21:14.636394
B003186,U000746,C012,1988-12,7197.6,2026-08-09T16:21:14.636412
B003187,U002915,C013,1990-10,27490.69,2026-08-09T16:21:14.636430
B003188,U004490,C002,2026-13,-27046.5,2026-08-09T16:21:14.636439
B003189,U001789,C006,1996-05,22857.14,2026-08-09T16:21:14.636456
B003190,U001619,C010,1982-11,20190.97,2026-08-09T16:21:14.636474
B003191,U002201,C015,2026-13,,2026-08-09T16:21:14.636482
B003192,U003120,C011,2009-12,30411.57,2026-08-09T16:21:14.636500
B003193,U003015,C014,1985-09,34844.91,2026-08-09T16:21:14.636517
B003194,U002423,C011,1995-10,48036.11,2026-08-09T16:21:14.636535
B003195,U002811,C019,1993-07,28506.42,2026-08-09T16:21:14.636553
B003196,U000208,C010,1977-01,16217.27,2026-08-09T16:21:14.636570
B003197,U003168,C004,1988-02,28161.62,2026-08-09T16:21:14.636588
B003198,U003629,C003,2002-01,15025.12,2026-08-09T16:21:14.636605
B003199,U002344,C002,2024-12,27961.95,2026-08-09T16:21:14.636624
B003200,U001314,C010,1971-03,6557.76,2026-08-09T16:21:14.636641
B003201,U002521,C004,2016-07,40452.17,2026-08-09T16:21:14.636659
B003202,U003712,C016,Q1-2026,-48826.08,2026-08-09T16:21:14.636667
B003203,U003230,C999,1994-08,15673.62,2026-08-09T16:21:14.636685
B003204,U004999,C999,2005-03,35491.19,2026-08-09T16:21:14.636702
B003205,U003065,C015,,Rs.35529.52,2026-08-09T16:21:14.636712
B003206,U001675,C001,Q1-2026,N/A,2026-08-09T16:21:14.636720
B003207,U002146,C014,1984-06,10132.03,2026-08-09T16:21:14.636737
B003208,U004480,C004,2000-12,15016.27,2026-08-09T16:21:14.636755
B003209,U002968,C007,2026-13,-36177.54,2026-08-09T16:21:14.636764
B003210,U002330,C009,2022-03,490.25,2026-08-09T16:21:14.636781
B003211,U004773,C006,1975-05,49933.43,2026-08-09T16:21:14.636799
B003212,U002372,C999,2012-06,41776.47,2026-08-09T16:21:14.636816
B003213,U001371,C008,1970-02,4521.81,2026-08-09T16:21:14.636834
B003214,U000725,C017,1973-05,45059.9,2026-08-09T16:21:14.636852
B003215,U001349,C011,2011-07,23914.98,2026-08-09T16:21:14.636869
B003216,U004654,C001,1972-01,35373.03,2026-08-09T16:21:14.636886
B003217,U003919,C019,1995-03,45655.78,2026-08-09T16:21:14.636926
B003218,U001938,C004,,-15131.31,2026-08-09T16:21:14.636941
B003219,U004868,C002,1993-03,47741.04,2026-08-09T16:21:14.636974
B003220,U001670,C009,1978-06,37053.31,2026-08-09T16:21:14.636997
B003221,U001910,C008,2013-10,40054.22,2026-08-09T16:21:14.637017
B003222,U003874,C002,2026-04,10114.41,2026-08-09T16:21:14.637035
B003223,U003542,C005,1972-11,44625.76,2026-08-09T16:21:14.637053
B003224,U003407,C002,1993-12,9290.12,2026-08-09T16:21:14.637071
B003225,U001052,C003,2024-11,38402.48,2026-08-09T16:21:14.637089
B003226,U001355,C019,1972-04,4324.76,2026-08-09T16:21:14.637106
B003227,U001669,C016,2013-07,4188.31,2026-08-09T16:21:14.637124
B003228,U000755,C009,2004-05,29607.23,2026-08-09T16:21:14.637141
B003229,U000281,C005,1978-12,30907.27,2026-08-09T16:21:14.637158
B003230,U000415,C017,1993-04,27256.34,2026-08-09T16:21:14.637176
B003231,U000575,C018,2011-12,18998.51,2026-08-09T16:21:14.637194
B003232,U002952,C005,1979-12,9420.91,2026-08-09T16:21:14.637211
B003233,U000882,C018,2001-10,43444.29,2026-08-09T16:21:14.637229
B003234,U001262,C002,Q1-2026,Rs.10855.74,2026-08-09T16:21:14.637238
B003235,U001694,C003,2007-06,22119.01,2026-08-09T16:21:14.637256
B003236,U003531,C999,1988-09,19940.63,2026-08-09T16:21:14.637273
B003237,U002460,C002,,4262.96,2026-08-09T16:21:14.637282
B003238,U004488,C018,2014-10,4621.16,2026-08-09T16:21:14.637300
B003239,U004146,C015,1978-09,14535.2,2026-08-09T16:21:14.637317
B003240,U000247,C003,2022-04,11966.5,2026-08-09T16:21:14.637335
B003241,U001301,C000,2012-01,38174.49,2026-08-09T16:21:14.637352
B003242,U002231,C008,1984-08,29625.76,2026-08-09T16:21:14.637369
B003243,U004039,C002,2003-04,12812.53,2026-08-09T16:21:14.637386
B003244,U003201,C011,1997-06,2910.99,2026-08-09T16:21:14.637404
B003245,U003717,C011,2016-07,37558.95,2026-08-09T16:21:14.637421
B003246,U003762,C004,2003-12,11312.42,2026-08-09T16:21:14.637439
B003247,U001711,C003,2020-09,19724.75,2026-08-09T16:21:14.637477
B003248,U004075,C999,1991-03,25196.39,2026-08-09T16:21:14.637539
B003249,U000449,C010,Q1-2026,37754.61,2026-08-09T16:21:14.637552
B003250,U001539,C018,2015-02,30606.46,2026-08-09T16:21:14.637574
B003251,U001685,C001,2006-05,21232.03,2026-08-09T16:21:14.637594
B003252,U000186,C000,2003-10,17275.05,2026-08-09T16:21:14.637613
B003253,U003298,C019,2009-01,43134.5,2026-08-09T16:21:14.637631
B003254,U003253,C019,2015-12,12285.76,2026-08-09T16:21:14.637650
B003255,U002030,C006,1993-02,34504.19,2026-08-09T16:21:14.637668
B003256,U004039,C003,Q1-2026,,2026-08-09T16:21:14.637677
B003257,U000216,C018,,-43333.72,2026-08-09T16:21:14.637685
B003258,U004582,C013,2016-08,9903.06,2026-08-09T16:21:14.637703
B003259,U002443,C006,1988-03,42220.56,2026-08-09T16:21:14.637721
B003260,U003327,C010,1985-08,44478.72,2026-08-09T16:21:14.637739
B003261,U002401,C009,2011-06,44085.43,2026-08-09T16:21:14.637757
B003262,U004310,C017,1990-09,9642.97,2026-08-09T16:21:14.637774
B003263,U001401,C007,2021-01,23411.33,2026-08-09T16:21:14.637792
B003264,U000042,C018,1996-02,24649.45,2026-08-09T16:21:14.637810
B003265,U002662,C017,2001-09,41924.98,2026-08-09T16:21:14.637828
B003266,U003062,C017,2025-05,47278.07,2026-08-09T16:21:14.637845
B003267,U002916,C010,2007-10,49946.82,2026-08-09T16:21:14.637863
B003268,U000936,C018,2011-02,47741.22,2026-08-09T16:21:14.637881
B003269,U001759,C009,2024-01,25973.82,2026-08-09T16:21:14.637899
B003270,U001926,C013,1997-06,24785.5,2026-08-09T16:21:14.637953
B003271,U000305,C017,1973-10,35524.63,2026-08-09T16:21:14.637978
B003272,U004608,C999,1973-05,9633.5,2026-08-09T16:21:14.637999
B003273,U004357,C000,2009-09,1636.75,2026-08-09T16:21:14.638018
B003274,U003368,C008,1980-08,21954.4,2026-08-09T16:21:14.638036
B003275,U003385,C013,2003-03,44930.32,2026-08-09T16:21:14.638054
B003276,U003528,C015,2009-05,47187.07,2026-08-09T16:21:14.638072
B003277,U003218,C007,1990-01,24559.78,2026-08-09T16:21:14.638091
B003278,U000316,C012,2026-13,Rs.5291.4,2026-08-09T16:21:14.638100
B003279,U004711,C014,2010-05,24044.49,2026-08-09T16:21:14.638118
B003280,U002131,C011,Q1-2026,,2026-08-09T16:21:14.638127
B003281,U000276,C008,1973-02,39964.66,2026-08-09T16:21:14.638144
B003282,U001460,C017,1994-05,5645.86,2026-08-09T16:21:14.638162
B003283,U001754,C012,2015-08,44582.71,2026-08-09T16:21:14.638180
B003284,U004415,C012,2026-13,Rs.5107.85,2026-08-09T16:21:14.638189
B003285,U001624,C012,2026-13,N/A,2026-08-09T16:21:14.638197
B003286,U000181,C010,1996-01,17091.34,2026-08-09T16:21:14.638215
B003287,U002208,C012,2001-08,48567.66,2026-08-09T16:21:14.638233
B003288,U001437,C012,1981-01,25043.8,2026-08-09T16:21:14.638251
B003289,U004149,C008,1992-09,46245.72,2026-08-09T16:21:14.638269
B003290,U001896,C015,2013-06,22609.33,2026-08-09T16:21:14.638287
B003291,U000223,C006,1976-01,14510.49,2026-08-09T16:21:14.638304
B003292,U002233,C999,1986-05,34302.42,2026-08-09T16:21:14.638322
B003293,U002768,C018,1982-09,17715.07,2026-08-09T16:21:14.638340
B003294,U003473,C000,1971-02,453.25,2026-08-09T16:21:14.638358
B003295,U000706,C002,1973-06,30052.67,2026-08-09T16:21:14.638376
B003296,U001127,C004,2022-05,24832.19,2026-08-09T16:21:14.638394
B003297,U001806,C016,1989-10,18826.6,2026-08-09T16:21:14.638412
B003298,U002187,C004,2024-01,34526.37,2026-08-09T16:21:14.638430
B003299,U003645,C006,1973-05,19535.04,2026-08-09T16:21:14.638448
B003300,U004383,C011,1986-08,32909.43,2026-08-09T16:21:14.638465
B003301,U004758,C010,1981-05,41888.23,2026-08-09T16:21:14.638483
B003302,U000175,C018,1975-08,9692.0,2026-08-09T16:21:14.638501
B003303,U004952,C018,2026-13,20325.31,2026-08-09T16:21:14.638510
B003304,U004453,C003,2008-08,3490.96,2026-08-09T16:21:14.638527
B003305,U002126,C000,2017-12,12035.0,2026-08-09T16:21:14.638556
B003306,U002063,C017,1996-04,13607.79,2026-08-09T16:21:14.638589
B003307,U003881,C014,1978-05,1705.97,2026-08-09T16:21:14.638625
B003308,U001271,C015,2013-12,46398.35,2026-08-09T16:21:14.638662
B003309,U004721,C010,1970-01,43814.88,2026-08-09T16:21:14.638682
B003310,U001484,C019,1976-04,47733.22,2026-08-09T16:21:14.638700
B003311,U003171,C013,1978-10,28808.12,2026-08-09T16:21:14.638718
B003312,U000692,C015,1995-05,42130.05,2026-08-09T16:21:14.638736
B003313,U002897,C013,2026-03,6530.23,2026-08-09T16:21:14.638754
B003314,U004100,C000,2011-08,48361.78,2026-08-09T16:21:14.638772
B003315,U000547,C999,1996-07,49641.33,2026-08-09T16:21:14.638790
B003316,U002507,C014,1994-11,29002.12,2026-08-09T16:21:14.638807
B003317,U001137,C018,1982-01,9214.39,2026-08-09T16:21:14.638825
B003318,U000962,C013,2024-03,35582.82,2026-08-09T16:21:14.638843
B003319,U001329,C013,1970-07,13932.11,2026-08-09T16:21:14.638860
B003320,U004964,C015,2019-06,35924.41,2026-08-09T16:21:14.638878
B003321,U000378,C001,2013-01,4533.97,2026-08-09T16:21:14.638895
B003322,U004556,C003,2026-13,N/A,2026-08-09T16:21:14.638927
B003323,U002767,C014,1980-02,20257.73,2026-08-09T16:21:14.638967
B003324,U001961,C001,,43699.1,2026-08-09T16:21:14.638979
B003325,U002471,C017,2009-05,14099.26,2026-08-09T16:21:14.639001
B003326,U002362,C005,1978-11,31279.41,2026-08-09T16:21:14.639021
B003327,U002008,C010,2010-10,35684.51,2026-08-09T16:21:14.639040
B003328,U004291,C006,2021-11,31998.94,2026-08-09T16:21:14.639059
B003329,U004381,C015,2008-12,35649.96,2026-08-09T16:21:14.639077
B003330,U004029,C018,1981-12,49677.39,2026-08-09T16:21:14.639095
B003331,U001704,C001,2001-01,45916.02,2026-08-09T16:21:14.639112
B003332,U002668,C012,1975-09,13703.2,2026-08-09T16:21:14.639130
B003333,U003869,C003,2021-06,41398.66,2026-08-09T16:21:14.639148
B003334,U004590,C004,1993-01,44177.74,2026-08-09T16:21:14.639166
B003335,U000530,C016,1992-07,43266.58,2026-08-09T16:21:14.639183
B003336,U000307,C016,2022-10,39521.9,2026-08-09T16:21:14.639201
B003337,U000016,C015,1979-07,36388.79,2026-08-09T16:21:14.639220
B003338,U003412,C003,2020-01,3812.57,2026-08-09T16:21:14.639238
B003339,U002111,C008,1971-12,19097.42,2026-08-09T16:21:14.639256
B003340,U000844,C018,2011-10,42814.37,2026-08-09T16:21:14.639274
B003341,U004723,C014,1987-08,18168.41,2026-08-09T16:21:14.639291
B003342,U002473,C015,2023-10,10652.16,2026-08-09T16:21:14.639309
B003343,U004228,C017,1992-06,42900.35,2026-08-09T16:21:14.639326
B003344,U001513,C007,2025-09,24857.11,2026-08-09T16:21:14.639344
B003345,U003955,C009,1983-02,27982.8,2026-08-09T16:21:14.639361
B003346,U004059,C014,1973-10,246.55,2026-08-09T16:21:14.639379
B003347,U004591,C003,1998-11,31629.83,2026-08-09T16:21:14.639397
B003348,U001413,C010,2026-05,46571.76,2026-08-09T16:21:14.639414
B003349,U004545,C000,1985-06,27534.56,2026-08-09T16:21:14.639432
B003350,U001359,C012,1997-04,24158.71,2026-08-09T16:21:14.639449
B003351,U000494,C019,1988-12,20460.89,2026-08-09T16:21:14.639467
B003352,U000159,C004,1973-01,27061.72,2026-08-09T16:21:14.639484
B003353,U001665,C017,1986-01,49637.61,2026-08-09T16:21:14.639501
B003354,U002957,C014,2015-09,3168.23,2026-08-09T16:21:14.639519
B003355,U004338,C004,2025-12,48754.82,2026-08-09T16:21:14.639537
B003356,U000009,C000,1999-01,9453.71,2026-08-09T16:21:14.639555
B003357,U003869,C000,2025-07,41600.01,2026-08-09T16:21:14.639572
B003358,U000173,C014,1972-07,2341.69,2026-08-09T16:21:14.639590
B003359,U004261,C001,1981-07,26391.21,2026-08-09T16:21:14.639607
B003360,U003415,C013,2005-02,37575.49,2026-08-09T16:21:14.639625
B003361,U001841,C005,1992-02,1838.86,2026-08-09T16:21:14.639643
B003362,U000287,C018,2021-05,48195.48,2026-08-09T16:21:14.639660
B003363,U001921,C008,1988-02,25235.31,2026-08-09T16:21:14.639678
B003364,U003565,C015,2015-01,36129.59,2026-08-09T16:21:14.639696
B003365,U003353,C005,1989-11,30788.38,2026-08-09T16:21:14.639713
B003366,U003889,C009,2007-07,33663.15,2026-08-09T16:21:14.639731
B003367,U002787,C012,1980-06,15839.94,2026-08-09T16:21:14.639748
B003368,U003857,C012,2021-07,18028.93,2026-08-09T16:21:14.639766
B003369,U004899,C016,1983-06,8016.38,2026-08-09T16:21:14.639783
B003370,U004800,C008,1971-09,24925.61,2026-08-09T16:21:14.639800
B003371,U000028,C001,2005-04,9699.61,2026-08-09T16:21:14.639818
B003372,U001084,C004,2026-01,3059.9,2026-08-09T16:21:14.639955
B003373,U001470,C012,1982-10,30576.7,2026-08-09T16:21:14.640004
B003374,U000477,C006,2018-12,6259.12,2026-08-09T16:21:14.640042
B003375,U002094,C011,1978-10,8599.81,2026-08-09T16:21:14.640065
B003376,U003631,C007,2013-08,12083.69,2026-08-09T16:21:14.640097
B003377,U000270,C014,1973-02,37676.75,2026-08-09T16:21:14.640137
B003378,U000321,C012,2016-01,11362.74,2026-08-09T16:21:14.640175
B003379,U004218,C010,2026-13,Rs.32368.33,2026-08-09T16:21:14.640192
B003380,U003920,C011,1994-06,6117.36,2026-08-09T16:21:14.640223
B003381,U004570,C006,1994-11,24114.56,2026-08-09T16:21:14.640257
B003382,U004862,C000,1992-12,3101.82,2026-08-09T16:21:14.640296
B003383,U001719,C012,1988-04,36169.25,2026-08-09T16:21:14.640332
B003384,U004919,C006,2007-02,9714.19,2026-08-09T16:21:14.640365
B003385,U001888,C006,1988-05,49645.54,2026-08-09T16:21:14.640400
B003386,U004364,C011,2011-08,34860.63,2026-08-09T16:21:14.640439
B003387,U004256,C007,1980-02,23273.0,2026-08-09T16:21:14.640472
B003388,U001794,C015,1978-11,33711.73,2026-08-09T16:21:14.640504
B003389,U004749,C006,2024-12,5109.34,2026-08-09T16:21:14.640525
B003390,U001879,C015,1976-06,41229.36,2026-08-09T16:21:14.640543
B003391,U000435,C000,2018-10,27165.48,2026-08-09T16:21:14.640562
B003392,U001167,C999,2025-05,10388.74,2026-08-09T16:21:14.640579
B003393,U000278,C006,1985-09,37155.75,2026-08-09T16:21:14.640597
B003394,U001618,C006,2026-13,-44345.59,2026-08-09T16:21:14.640607
B003395,U004402,C016,1988-12,10535.0,2026-08-09T16:21:14.640625
B003396,U003265,C999,2009-09,38304.52,2026-08-09T16:21:14.640643
B003397,U002949,C999,,N/A,2026-08-09T16:21:14.640651
B003398,U003807,C007,,,2026-08-09T16:21:14.640659
B003399,U003044,C003,2023-06,23881.15,2026-08-09T16:21:14.640677
B003400,U003159,C017,1998-05,837.96,2026-08-09T16:21:14.640695
B003401,U003163,C009,1994-08,18482.76,2026-08-09T16:21:14.640712
B003402,U002516,C009,1974-02,36398.04,2026-08-09T16:21:14.640730
B003403,U000785,C011,2001-02,24478.49,2026-08-09T16:21:14.640748
B003404,U001822,C014,1970-09,31040.0,2026-08-09T16:21:14.640766
B003405,U002370,C000,2001-05,16167.21,2026-08-09T16:21:14.640783
B003406,U003688,C006,1973-11,32388.17,2026-08-09T16:21:14.640801
B003407,U004935,C013,2025-03,26124.51,2026-08-09T16:21:14.640818
B003408,U001672,C008,1999-05,36294.13,2026-08-09T16:21:14.640835
B003409,U004555,C006,2023-12,31786.6,2026-08-09T16:21:14.640853
B003410,U001810,C019,1995-08,22846.14,2026-08-09T16:21:14.640870
B003411,U003839,C016,1980-07,43126.8,2026-08-09T16:21:14.640888
B003412,U000657,C011,1982-08,1152.63,2026-08-09T16:21:14.640934
B003413,U004864,C016,2013-11,18712.8,2026-08-09T16:21:14.640971
B003414,U003445,C011,1995-02,39895.41,2026-08-09T16:21:14.640995
B003415,U000244,C004,2001-07,16587.77,2026-08-09T16:21:14.641016
B003416,U003558,C999,2022-12,26205.17,2026-08-09T16:21:14.641035
B003417,U000301,C012,2006-12,32315.16,2026-08-09T16:21:14.641054
B003418,U002438,C015,1991-10,20883.38,2026-08-09T16:21:14.641071
B003419,U002439,C018,Q1-2026,Rs.33930.21,2026-08-09T16:21:14.641081
B003420,U004780,C011,1990-03,36210.71,2026-08-09T16:21:14.641098
B003421,U000007,C007,Q1-2026,Rs.16754.1,2026-08-09T16:21:14.641108
B003422,U002284,C005,2017-02,7643.67,2026-08-09T16:21:14.641125
B003423,U004636,C012,1977-07,12108.25,2026-08-09T16:21:14.641143
B003424,U002416,C006,1976-03,28642.32,2026-08-09T16:21:14.641161
B003425,U001866,C019,1976-09,30189.83,2026-08-09T16:21:14.641179
B003426,U004886,C009,1994-12,371.06,2026-08-09T16:21:14.641196
B003427,U002849,C010,2026-03,39395.88,2026-08-09T16:21:14.641214
B003428,U002967,C013,1989-09,38936.97,2026-08-09T16:21:14.641231
B003429,U001625,C002,1990-09,23501.81,2026-08-09T16:21:14.641249
B003430,U001779,C001,1998-03,2688.23,2026-08-09T16:21:14.641266
B003431,U000745,C000,1990-08,33112.71,2026-08-09T16:21:14.641284
B003432,U003831,C006,2024-03,19014.67,2026-08-09T16:21:14.641302
B003433,U001374,C011,2005-04,36794.16,2026-08-09T16:21:14.641319
B003434,U003778,C006,1991-02,35993.62,2026-08-09T16:21:14.641337
B003435,U001392,C006,2001-10,14261.2,2026-08-09T16:21:14.641355
B003436,U002194,C018,2000-02,10699.22,2026-08-09T16:21:14.641373
B003437,U003490,C012,2020-05,264.37,2026-08-09T16:21:14.641391
B003438,U001014,C001,Q1-2026,,2026-08-09T16:21:14.641399
B003439,U000187,C014,1985-02,10401.56,2026-08-09T16:21:14.641417
B003440,U001263,C013,1975-03,15483.99,2026-08-09T16:21:14.641435
B003441,U003664,C017,2013-09,44329.54,2026-08-09T16:21:14.641453
B003442,U001619,C015,1989-06,25709.76,2026-08-09T16:21:14.641471
B003443,U002288,C002,2008-02,24222.35,2026-08-09T16:21:14.641527
B003444,U000477,C019,2002-12,33548.06,2026-08-09T16:21:14.641555
B003445,U004060,C003,2018-03,45923.67,2026-08-09T16:21:14.641577
B003446,U002996,C999,2009-07,47479.86,2026-08-09T16:21:14.641597
B003447,U002339,C011,2003-05,37563.84,2026-08-09T16:21:14.641615
B003448,U002227,C013,2007-02,21772.1,2026-08-09T16:21:14.641634
B003449,U002458,C008,2022-10,45709.19,2026-08-09T16:21:14.641652
B003450,U001915,C017,1987-12,22029.59,2026-08-09T16:21:14.641670
B003451,U000466,C010,1992-06,6547.09,2026-08-09T16:21:14.641688
B003452,U000245,C010,1978-07,19455.66,2026-08-09T16:21:14.641706
B003453,U000719,C017,1992-08,9577.21,2026-08-09T16:21:14.641723
B003454,U002481,C014,1987-10,22132.71,2026-08-09T16:21:14.641741
B003455,U004421,C016,1971-05,11827.11,2026-08-09T16:21:14.641758
B003456,U002011,C008,1991-09,17744.46,2026-08-09T16:21:14.641776
B003457,U003303,C016,1980-08,15952.38,2026-08-09T16:21:14.641793
B003458,U000332,C012,2007-09,7895.55,2026-08-09T16:21:14.641811
B003459,U001227,C007,1973-07,2263.49,2026-08-09T16:21:14.641828
B003460,U004847,C012,1974-12,14028.14,2026-08-09T16:21:14.641846
B003461,U001354,C008,2015-04,46517.64,2026-08-09T16:21:14.641863
B003462,U001902,C011,2023-11,12564.25,2026-08-09T16:21:14.641881
B003463,U002703,C005,2019-05,49837.33,2026-08-09T16:21:14.641898
B003464,U000836,C011,1995-04,19449.91,2026-08-09T16:21:14.641953
B003465,U004132,C014,2023-11,3184.25,2026-08-09T16:21:14.641977
B003466,U000368,C006,1974-04,16512.57,2026-08-09T16:21:14.641997
B003467,U002381,C012,2003-02,21364.06,2026-08-09T16:21:14.642016
B003468,U004812,C001,1996-11,10604.76,2026-08-09T16:21:14.642034
B003469,U003615,C008,1999-06,22983.2,2026-08-09T16:21:14.642052
B003470,U004774,C003,2003-04,32857.1,2026-08-09T16:21:14.642070
B003471,U003490,C002,1982-05,9321.27,2026-08-09T16:21:14.642088
B003472,U002769,C001,2017-04,49250.8,2026-08-09T16:21:14.642106
B003473,U004706,C012,1979-10,34940.64,2026-08-09T16:21:14.642124
B003474,U004323,C013,2015-06,35510.93,2026-08-09T16:21:14.642141
B003475,U000574,C999,1985-02,28155.82,2026-08-09T16:21:14.642159
B003476,U000347,C009,2019-02,6139.93,2026-08-09T16:21:14.642177
B003477,U001815,C006,2015-09,10841.58,2026-08-09T16:21:14.642195
B003478,U004454,C013,1988-12,35735.29,2026-08-09T16:21:14.642213
B003479,U000005,C003,2006-08,40747.97,2026-08-09T16:21:14.642230
B003480,U002585,C000,2007-11,38323.34,2026-08-09T16:21:14.642249
B003481,U004801,C010,,,2026-08-09T16:21:14.642258
B003482,U000255,C002,2005-05,9226.13,2026-08-09T16:21:14.642275
B003483,U002898,C014,1997-11,4742.9,2026-08-09T16:21:14.642293
B003484,U003070,C017,2008-12,2749.4,2026-08-09T16:21:14.642423
B003485,U000742,C019,1976-05,14767.23,2026-08-09T16:21:14.642463
B003486,U004738,C003,2023-02,9492.74,2026-08-09T16:21:14.642487
B003487,U003061,C001,1993-08,43855.59,2026-08-09T16:21:14.642507
B003488,U004715,C003,1975-01,33595.43,2026-08-09T16:21:14.642526
B003489,U004858,C007,1985-09,41667.38,2026-08-09T16:21:14.642545
B003490,U004360,C014,1991-04,4083.38,2026-08-09T16:21:14.642563
B003491,U004034,C002,1988-02,24156.53,2026-08-09T16:21:14.642581
B003492,U002549,C019,2023-02,47396.55,2026-08-09T16:21:14.642599
B003493,U001671,C005,2015-07,37563.17,2026-08-09T16:21:14.642617
B003494,U004575,C011,1994-06,873.46,2026-08-09T16:21:14.642636
B003495,U000830,C019,1988-12,21134.0,2026-08-09T16:21:14.642654
B003496,U004841,C007,1978-07,10384.71,2026-08-09T16:21:14.642672
B003497,U001595,C008,1977-12,28828.61,2026-08-09T16:21:14.642714
B003498,U001104,C001,2017-12,28131.25,2026-08-09T16:21:14.642732
B003499,U002172,C001,2014-10,33289.61,2026-08-09T16:21:14.642751
B003500,U001746,C015,2021-02,43640.38,2026-08-09T16:21:14.642769
B003501,U003859,C015,,Rs.26112.29,2026-08-09T16:21:14.642779
B003502,U003677,C008,2013-10,27049.66,2026-08-09T16:21:14.642796
B003503,U000870,C002,1972-03,34528.39,2026-08-09T16:21:14.642815
B003504,U001485,C013,2008-04,39451.77,2026-08-09T16:21:14.642832
B003505,U000268,C999,1975-05,11485.34,2026-08-09T16:21:14.642850
B003506,U003181,C018,,Rs.47160.19,2026-08-09T16:21:14.642859
B003507,U000764,C005,2026-01,5517.27,2026-08-09T16:21:14.642877
B003508,U000393,C999,1976-01,3182.98,2026-08-09T16:21:14.642895
B003509,U000994,C004,Q1-2026,35525.68,2026-08-09T16:21:14.642929
B003510,U004986,C007,1999-11,9791.4,2026-08-09T16:21:14.642980
B003511,U002925,C018,1976-02,43742.08,2026-08-09T16:21:14.643003
B003512,U004057,C018,2002-12,36034.96,2026-08-09T16:21:14.643023
B003513,U003515,C004,1995-01,11065.87,2026-08-09T16:21:14.643042
B003514,U002792,C019,2004-11,21529.44,2026-08-09T16:21:14.643061
B003515,U004136,C019,2000-04,49822.18,2026-08-09T16:21:14.643079
B003516,U000079,C018,1972-06,35197.6,2026-08-09T16:21:14.643098
B003517,U004675,C012,2017-07,43010.3,2026-08-09T16:21:14.643116
B003518,U002360,C011,2026-13,-17195.56,2026-08-09T16:21:14.643125
B003519,U000401,C006,2004-01,39632.4,2026-08-09T16:21:14.643143
B003520,U001003,C012,,38800.94,2026-08-09T16:21:14.643151
B003521,U000109,C008,2024-10,12762.89,2026-08-09T16:21:14.643170
B003522,U003334,C001,1984-03,43823.37,2026-08-09T16:21:14.643187
B003523,U004092,C003,1995-04,12840.15,2026-08-09T16:21:14.643205
B003524,U004520,C007,2014-10,13666.03,2026-08-09T16:21:14.643223
B003525,U002159,C008,1987-02,28306.3,2026-08-09T16:21:14.643241
B003526,U003309,C000,2007-09,29535.22,2026-08-09T16:21:14.643259
B003527,U002723,C016,2021-12,1746.23,2026-08-09T16:21:14.643277
B003528,U003741,C008,2006-09,17030.61,2026-08-09T16:21:14.643295
B003529,U004567,C007,2016-05,34216.01,2026-08-09T16:21:14.643313
B003530,U002853,C018,2019-11,32696.52,2026-08-09T16:21:14.643331
B003531,U001160,C019,2015-10,49140.27,2026-08-09T16:21:14.643349
B003532,U001172,C019,Q1-2026,N/A,2026-08-09T16:21:14.643357
B003533,U003629,C013,2020-08,8965.29,2026-08-09T16:21:14.643375
B003534,U004371,C009,1999-03,22712.43,2026-08-09T16:21:14.643392
B003535,U004954,C002,1997-08,43908.08,2026-08-09T16:21:14.643410
B003536,U001599,C001,2022-05,4795.35,2026-08-09T16:21:14.643427
B003537,U002340,C015,1984-02,6957.81,2026-08-09T16:21:14.643445
B003538,U003283,C003,2011-03,23475.97,2026-08-09T16:21:14.643462
B003539,U003074,C016,1999-07,16015.24,2026-08-09T16:21:14.643479
B003540,U001103,C012,1971-01,6482.57,2026-08-09T16:21:14.643497
B003541,U003179,C002,1999-02,6056.78,2026-08-09T16:21:14.643514
B003542,U001123,C017,2015-08,19956.88,2026-08-09T16:21:14.643532
B003543,U001553,C009,Q1-2026,Rs.26109.45,2026-08-09T16:21:14.643541
B003544,U004492,C019,2004-06,45875.3,2026-08-09T16:21:14.643558
B003545,U003383,C015,1970-09,32526.84,2026-08-09T16:21:14.643576
B003546,U003027,C012,2018-04,7878.49,2026-08-09T16:21:14.643593
B003547,U004022,C009,2021-06,2249.81,2026-08-09T16:21:14.643611
B003548,U002981,C015,2026-13,10322,2026-08-09T16:21:14.643620
B003549,U001212,C008,1998-10,8973.78,2026-08-09T16:21:14.643637
B003550,U001240,C010,2000-12,41391.91,2026-08-09T16:21:14.643654
B003551,U000277,C000,1985-02,26054.73,2026-08-09T16:21:14.643672
B003552,U004280,C019,1980-11,15451.9,2026-08-09T16:21:14.643689
B003553,U000512,C014,1985-12,8995.84,2026-08-09T16:21:14.643706
B003554,U000463,C010,2017-07,38638.01,2026-08-09T16:21:14.643724
B003555,U002948,C007,,-9968.91,2026-08-09T16:21:14.643733
B003556,U004219,C008,1989-03,18579.63,2026-08-09T16:21:14.643750
B003557,U002698,C019,1971-11,48034.39,2026-08-09T16:21:14.643767
B003558,U002360,C004,2017-06,12117.6,2026-08-09T16:21:14.643785
B003559,U001012,C000,1976-05,30230.53,2026-08-09T16:21:14.643802
B003560,U004740,C008,2010-11,45821.69,2026-08-09T16:21:14.643820
B003561,U001853,C003,1972-09,39643.59,2026-08-09T16:21:14.643837
B003562,U000615,C008,1991-04,43107.36,2026-08-09T16:21:14.643855
B003563,U004409,C015,2023-09,25604.57,2026-08-09T16:21:14.643872
B003564,U001612,C999,1982-07,23284.16,2026-08-09T16:21:14.643890
B003565,U004847,C017,2024-03,7565.01,2026-08-09T16:21:14.643933
B003566,U000369,C004,1999-05,4842.48,2026-08-09T16:21:14.643967
B003567,U004349,C004,2016-08,11412.02,2026-08-09T16:21:14.643989
B003568,U004635,C016,1994-06,4049.71,2026-08-09T16:21:14.644010
B003569,U000126,C001,2015-05,40202.88,2026-08-09T16:21:14.644029
B003570,U001233,C009,2003-06,8139.62,2026-08-09T16:21:14.644047
B003571,U003794,C016,2005-12,38620.12,2026-08-09T16:21:14.644066
B003572,U003565,C006,2024-06,33967.34,2026-08-09T16:21:14.644084
B003573,U003878,C014,2014-01,48620.46,2026-08-09T16:21:14.644103
B003574,U002841,C004,2026-08,20856.41,2026-08-09T16:21:14.644121
B003575,U002461,C016,1975-07,26138.7,2026-08-09T16:21:14.644139
B003576,U001600,C015,2009-09,41200.01,2026-08-09T16:21:14.644157
B003577,U002546,C009,2002-03,37395.12,2026-08-09T16:21:14.644174
B003578,U002637,C006,1993-08,16353.51,2026-08-09T16:21:14.644192
B003579,U003816,C016,Q1-2026,-27859.36,2026-08-09T16:21:14.644202
B003580,U000377,C007,,-16827.11,2026-08-09T16:21:14.644210
B003581,U001529,C016,2020-05,48109.55,2026-08-09T16:21:14.644228
B003582,U002146,C014,2024-05,19841.54,2026-08-09T16:21:14.644246
B003583,U003103,C001,1974-04,26618.52,2026-08-09T16:21:14.644264
B003584,U004056,C009,2021-08,16054.44,2026-08-09T16:21:14.644281
B003585,U004100,C014,2019-10,3960.73,2026-08-09T16:21:14.644299
B003586,U000455,C999,2021-04,23637.18,2026-08-09T16:21:14.644317
B003587,U001762,C012,2024-07,27776.71,2026-08-09T16:21:14.644335
B003588,U000841,C011,2016-12,38859.01,2026-08-09T16:21:14.644353
B003589,U003245,C004,2013-11,4773.14,2026-08-09T16:21:14.644371
B003590,U003938,C009,1978-03,35596.5,2026-08-09T16:21:14.644389
B003591,U002104,C008,1976-06,11001.19,2026-08-09T16:21:14.644407
B003592,U000997,C000,2009-12,40265.42,2026-08-09T16:21:14.644425
B003593,U002344,C011,2026-13,29548.14,2026-08-09T16:21:14.644433
B003594,U002505,C011,2010-12,35394.29,2026-08-09T16:21:14.644451
B003595,U001677,C006,1989-08,3465.69,2026-08-09T16:21:14.644468
B003596,U003922,C003,1999-08,40540.6,2026-08-09T16:21:14.644486
B003597,U002968,C007,1980-10,11361.81,2026-08-09T16:21:14.644503
B003598,U002266,C018,2013-12,46642.52,2026-08-09T16:21:14.644521
B003599,U003540,C019,1972-12,23375.48,2026-08-09T16:21:14.644539
B003600,U000374,C006,Q1-2026,Rs.15134.2,2026-08-09T16:21:14.644548
B003601,U004065,C011,2016-04,36947.26,2026-08-09T16:21:14.644566
B003602,U002915,C017,1985-02,35849.89,2026-08-09T16:21:14.644584
B003603,U004347,C016,1998-10,25334.35,2026-08-09T16:21:14.644601
B003604,U003900,C016,2001-09,20179.51,2026-08-09T16:21:14.644618
B003605,U001071,C003,2017-07,18324.14,2026-08-09T16:21:14.644637
B003606,U004088,C019,2003-02,12763.8,2026-08-09T16:21:14.644654
B003607,U001798,C016,2009-01,6386.9,2026-08-09T16:21:14.644672
B003608,U004778,C001,1988-03,47629.38,2026-08-09T16:21:14.644690
B003609,U000962,C005,1974-03,8377.28,2026-08-09T16:21:14.644711
B003610,U004932,C010,1979-09,13209.29,2026-08-09T16:21:14.644729
B003611,U003596,C000,,22528,2026-08-09T16:21:14.644738
B003612,U004303,C006,1970-04,39879.81,2026-08-09T16:21:14.644756
B003613,U002536,C014,2002-10,23585.22,2026-08-09T16:21:14.644773
B003614,U002095,C000,1970-01,22957.54,2026-08-09T16:21:14.644791
B003615,U003153,C013,1982-09,42982.82,2026-08-09T16:21:14.644808
B003616,U002893,C012,2010-12,635.96,2026-08-09T16:21:14.644826
B003617,U003680,C012,1984-09,48118.13,2026-08-09T16:21:14.644844
B003618,U004502,C004,1994-06,6016.11,2026-08-09T16:21:14.644862
B003619,U004413,C004,1993-08,6054.9,2026-08-09T16:21:14.644879
B003620,U001741,C016,2008-11,20772.75,2026-08-09T16:21:14.644897
B003621,U001351,C015,1998-01,27784.29,2026-08-09T16:21:14.644949
B003622,U003607,C004,2021-01,21338.82,2026-08-09T16:21:14.644994
B003623,U001765,C019,1976-10,10307.46,2026-08-09T16:21:14.645015
B003624,U002452,C011,1993-10,32195.91,2026-08-09T16:21:14.645035
B003625,U003529,C018,1990-01,8313.33,2026-08-09T16:21:14.645053
B003626,U003295,C012,2018-02,33010.04,2026-08-09T16:21:14.645072
B003627,U002237,C017,2022-01,17622.2,2026-08-09T16:21:14.645090
B003628,U001488,C006,2005-10,12626.2,2026-08-09T16:21:14.645108
B003629,U001684,C010,1981-12,26057.35,2026-08-09T16:21:14.645127
B003630,U004737,C017,1986-02,4587.7,2026-08-09T16:21:14.645144
B003631,U002533,C013,2002-07,17580.69,2026-08-09T16:21:14.645162
B003632,U001903,C005,1989-07,5926.4,2026-08-09T16:21:14.645180
B003633,U001925,C014,1973-03,27870.94,2026-08-09T16:21:14.645197
B003634,U000155,C009,Q1-2026,35518.96,2026-08-09T16:21:14.645206
B003635,U002067,C999,1983-04,47485.03,2026-08-09T16:21:14.645223
B003636,U003365,C010,Q1-2026,Rs.17487.14,2026-08-09T16:21:14.645232
B003637,U004525,C999,1998-05,35490.41,2026-08-09T16:21:14.645250
B003638,U002113,C005,2008-03,3671.84,2026-08-09T16:21:14.645268
B003639,U004700,C006,1992-06,46070.59,2026-08-09T16:21:14.645286
B003640,U003359,C006,2006-10,45480.4,2026-08-09T16:21:14.645303
B003641,U004720,C015,1992-07,8871.53,2026-08-09T16:21:14.645321
B003642,U003503,C016,1989-11,24623.62,2026-08-09T16:21:14.645342
B003643,U004652,C006,1999-11,18050.39,2026-08-09T16:21:14.645359
B003644,U000589,C006,1978-02,41674.12,2026-08-09T16:21:14.645377
B003645,U003977,C008,2010-12,49921.0,2026-08-09T16:21:14.645394
B003646,U000042,C007,Q1-2026,,2026-08-09T16:21:14.645403
B003647,U002439,C005,2022-10,21623.33,2026-08-09T16:21:14.645421
B003648,U001067,C006,2019-09,10032.2,2026-08-09T16:21:14.645438
B003649,U000765,C012,1980-10,5757.92,2026-08-09T16:21:14.645456
B003650,U000271,C003,2020-03,3759.04,2026-08-09T16:21:14.645473
B003651,U000870,C010,2013-07,15404.33,2026-08-09T16:21:14.645530
B003652,U002521,C009,2017-12,9179.6,2026-08-09T16:21:14.645558
B003653,U002057,C015,1971-04,30927.54,2026-08-09T16:21:14.645580
B003654,U002142,C018,2026-05,30189.41,2026-08-09T16:21:14.645600
B003655,U004297,C012,2026-13,Rs.40013.4,2026-08-09T16:21:14.645610
B003656,U002048,C014,2026-03,35204.75,2026-08-09T16:21:14.645629
B003657,U004938,C018,2026-13,17137.93,2026-08-09T16:21:14.645638
B003658,U000219,C012,2020-07,22714.93,2026-08-09T16:21:14.645656
B003659,U003120,C014,2025-06,33318.67,2026-08-09T16:21:14.645674
B003660,U001486,C001,2001-04,29205.83,2026-08-09T16:21:14.645692
B003661,U000369,C005,1997-09,38086.16,2026-08-09T16:21:14.645710
B003662,U003541,C009,1984-06,11193.81,2026-08-09T16:21:14.645727
B003663,U002980,C016,2021-11,39923.95,2026-08-09T16:21:14.645745
B003664,U003594,C005,1993-05,44791.3,2026-08-09T16:21:14.645763
B003665,U003841,C003,2020-07,33232.01,2026-08-09T16:21:14.645780
B003666,U002982,C011,2007-11,45751.12,2026-08-09T16:21:14.645798
B003667,U001601,C005,2002-03,38413.36,2026-08-09T16:21:14.645815
B003668,U000058,C003,2016-02,5790.42,2026-08-09T16:21:14.645833
B003669,U000785,C014,2022-10,33799.61,2026-08-09T16:21:14.645851
B003670,U001498,C013,1990-07,240.07,2026-08-09T16:21:14.645869
B003671,U003473,C016,1984-03,17023.18,2026-08-09T16:21:14.645886
B003672,U004391,C999,2000-10,34336.49,2026-08-09T16:21:14.645925
B003673,U000514,C001,1976-09,46395.59,2026-08-09T16:21:14.645962
B003674,U004955,C015,2012-03,10031.32,2026-08-09T16:21:14.645985
B003675,U003100,C015,2008-12,43101.0,2026-08-09T16:21:14.646005
B003676,U004842,C009,2018-05,41465.57,2026-08-09T16:21:14.646024
B003677,U001593,C013,1981-04,13697.59,2026-08-09T16:21:14.646043
B003678,U000418,C005,1983-11,19140.11,2026-08-09T16:21:14.646061
B003679,U003240,C015,2020-01,32896.07,2026-08-09T16:21:14.646079
B003680,U002872,C019,1972-01,19691.47,2026-08-09T16:21:14.646097
B003681,U002161,C010,1982-05,25916.95,2026-08-09T16:21:14.646114
B003682,U003172,C012,1985-05,30954.83,2026-08-09T16:21:14.646132
B003683,U002171,C014,2016-03,37231.63,2026-08-09T16:21:14.646150
B003684,U001954,C008,1985-10,42684.9,2026-08-09T16:21:14.646168
B003685,U002619,C999,1977-12,1813.58,2026-08-09T16:21:14.646186
B003686,U002074,C000,2006-03,38734.89,2026-08-09T16:21:14.646204
B003687,U004056,C005,1999-02,30029.78,2026-08-09T16:21:14.646222
B003688,U002235,C016,Q1-2026,19924.21,2026-08-09T16:21:14.646231
B003689,U002119,C010,1989-12,43877.69,2026-08-09T16:21:14.646249
B003690,U002862,C008,2000-11,27702.74,2026-08-09T16:21:14.646266
B003691,U003948,C016,1998-11,374.5,2026-08-09T16:21:14.646284
B003692,U001768,C006,2003-05,36472.56,2026-08-09T16:21:14.646302
B003693,U003300,C018,1970-11,9432.56,2026-08-09T16:21:14.646319
B003694,U000990,C007,2004-08,20360.02,2026-08-09T16:21:14.646337
B003695,U004299,C001,1991-02,34834.41,2026-08-09T16:21:14.646355
B003696,U000239,C015,2004-09,11078.33,2026-08-09T16:21:14.646373
B003697,U002251,C002,1980-01,17593.89,2026-08-09T16:21:14.646390
B003698,U003164,C006,2007-08,8842.13,2026-08-09T16:21:14.646408
B003699,U002109,C000,2003-11,15718.16,2026-08-09T16:21:14.646426
B003700,U001156,C013,,25831.1,2026-08-09T16:21:14.646435
B003701,U004763,C013,2015-11,10306.71,2026-08-09T16:21:14.646452
B003702,U003232,C014,2023-11,14063.82,2026-08-09T16:21:14.646470
B003703,U003228,C013,1994-08,37280.89,2026-08-09T16:21:14.646487
B003704,U001118,C015,1979-03,9836.34,2026-08-09T16:21:14.646505
B003705,U003887,C008,1983-08,5581.85,2026-08-09T16:21:14.646523
B003706,U000439,C018,2000-07,14191.02,2026-08-09T16:21:14.646540
B003707,U000437,C002,1974-09,1067.2,2026-08-09T16:21:14.646558
B003708,U003573,C001,1979-11,24152.11,2026-08-09T16:21:14.646575
B003709,U000287,C010,1989-04,5758.08,2026-08-09T16:21:14.646593
B003710,U004241,C008,2021-04,29599.04,2026-08-09T16:21:14.646610
B003711,U004634,C999,1976-12,23471.94,2026-08-09T16:21:14.646628
B003712,U001933,C000,1981-08,21361.54,2026-08-09T16:21:14.646645
B003713,U001760,C010,2011-11,22364.89,2026-08-09T16:21:14.646663
B003714,U002208,C015,2009-11,26409.96,2026-08-09T16:21:14.646681
B003715,U002796,C000,2026-07,47292.4,2026-08-09T16:21:14.646698
B003716,U001502,C013,2024-08,1594.9,2026-08-09T16:21:14.646716
B003717,U000237,C012,2005-12,43037.26,2026-08-09T16:21:14.646734
B003718,U003544,C015,1996-08,3032.52,2026-08-09T16:21:14.646751
B003719,U004291,C003,2026-13,-29989.71,2026-08-09T16:21:14.646760
B003720,U000777,C006,2001-10,28503.57,2026-08-09T16:21:14.646778
B003721,U004030,C014,2012-05,12685.14,2026-08-09T16:21:14.646795
B003722,U004818,C016,2023-10,48269.97,2026-08-09T16:21:14.646812
B003723,U000839,C006,1979-02,45462.24,2026-08-09T16:21:14.646830
B003724,U003368,C016,2024-06,22300.25,2026-08-09T16:21:14.646847
B003725,U004137,C000,2022-07,24469.05,2026-08-09T16:21:14.646865
B003726,U000367,C999,,Rs.42252.66,2026-08-09T16:21:14.646874
B003727,U003500,C008,2018-02,2051.05,2026-08-09T16:21:14.646891
B003728,U003727,C016,2026-13,38069,2026-08-09T16:21:14.646900
B003729,U004349,C008,1977-08,25619.39,2026-08-09T16:21:14.646953
B003730,U000087,C007,1999-02,12722.72,2026-08-09T16:21:14.646977
B003731,U002877,C014,1974-12,10661.21,2026-08-09T16:21:14.646998
B003732,U002691,C009,1995-09,34508.1,2026-08-09T16:21:14.647017
B003733,U002384,C008,Q1-2026,-6473.52,2026-08-09T16:21:14.647026
B003734,U000081,C006,2026-13,N/A,2026-08-09T16:21:14.647035
B003735,U002005,C012,1974-07,40181.4,2026-08-09T16:21:14.647053
B003736,U000677,C013,2025-01,24627.47,2026-08-09T16:21:14.647071
B003737,U004117,C008,1993-10,47408.78,2026-08-09T16:21:14.647218
B003738,U000341,C017,2001-12,28102.79,2026-08-09T16:21:14.647260
B003739,U002584,C018,1990-07,10788.45,2026-08-09T16:21:14.647319
B003740,U001525,C999,2021-09,1693.38,2026-08-09T16:21:14.647346
B003741,U003045,C013,1977-07,263.89,2026-08-09T16:21:14.647367
B003742,U002803,C004,1991-11,21172.04,2026-08-09T16:21:14.647385
B003743,U000443,C003,2012-12,37163.43,2026-08-09T16:21:14.647404
B003744,U000309,C004,1986-03,30356.51,2026-08-09T16:21:14.647422
B003745,U003294,C012,1995-09,9799.72,2026-08-09T16:21:14.647441
B003746,U004918,C005,2026-13,17917.24,2026-08-09T16:21:14.647450
B003747,U000026,C007,2013-12,1477.29,2026-08-09T16:21:14.647490
B003748,U004859,C003,2007-10,40164.26,2026-08-09T16:21:14.647509
B003749,U000492,C005,1985-09,34134.04,2026-08-09T16:21:14.647528
B003750,U001338,C000,2026-04,5882.58,2026-08-09T16:21:14.647546
B003751,U004991,C011,2017-06,10757.94,2026-08-09T16:21:14.647564
B003752,U002673,C000,1985-12,1109.36,2026-08-09T16:21:14.647582
B003753,U000642,C017,1983-12,7010.18,2026-08-09T16:21:14.647600
B003754,U003149,C016,2026-13,-40389.31,2026-08-09T16:21:14.647610
B003755,U001019,C001,1974-02,28335.11,2026-08-09T16:21:14.647628
B003756,U000458,C011,2012-01,14873.11,2026-08-09T16:21:14.647646
B003757,U003672,C006,1980-07,45761.89,2026-08-09T16:21:14.647664
B003758,U003976,C019,1983-06,22359.07,2026-08-09T16:21:14.647682
B003759,U003797,C004,2009-08,13552.05,2026-08-09T16:21:14.647699
B003760,U002682,C007,2016-10,26318.07,2026-08-09T16:21:14.647717
B003761,U000693,C017,1994-05,7849.13,2026-08-09T16:21:14.647735
B003762,U001538,C016,2007-07,43518.29,2026-08-09T16:21:14.647753
B003763,U002248,C004,1994-03,29348.21,2026-08-09T16:21:14.647770
B003764,U000806,C016,1996-07,17171.33,2026-08-09T16:21:14.647788
B003765,U002991,C999,2002-06,23357.23,2026-08-09T16:21:14.647805
B003766,U004324,C016,1972-10,33072.56,2026-08-09T16:21:14.647823
B003767,U002772,C018,2026-13,12191.48,2026-08-09T16:21:14.647832
B003768,U003467,C019,1994-01,16423.96,2026-08-09T16:21:14.647849
B003769,U004110,C014,2006-03,19390.15,2026-08-09T16:21:14.647867
B003770,U002773,C000,2024-04,41229.61,2026-08-09T16:21:14.647885
B003771,U004198,C017,1984-07,14093.43,2026-08-09T16:21:14.647930
B003772,U002665,C000,1997-04,25525.95,2026-08-09T16:21:14.647968
B003773,U001527,C009,2005-12,20367.02,2026-08-09T16:21:14.647991
B003774,U001944,C010,2012-07,1347.84,2026-08-09T16:21:14.648011
B003775,U003383,C019,2010-04,46514.74,2026-08-09T16:21:14.648030
B003776,U002886,C019,1975-07,34891.48,2026-08-09T16:21:14.648048
B003777,U001723,C011,2007-06,43048.53,2026-08-09T16:21:14.648066
B003778,U000637,C001,1973-06,25394.4,2026-08-09T16:21:14.648084
B003779,U001249,C014,1970-02,21937.58,2026-08-09T16:21:14.648102
B003780,U003662,C014,1983-01,31382.99,2026-08-09T16:21:14.648119
B003781,U002224,C011,1984-03,28725.45,2026-08-09T16:21:14.648137
B003782,U002325,C003,2011-12,6318.29,2026-08-09T16:21:14.648155
B003783,U001215,C009,2017-11,36835.67,2026-08-09T16:21:14.648173
B003784,U002034,C015,1979-10,29810.79,2026-08-09T16:21:14.648191
B003785,U000139,C015,1971-01,3115.59,2026-08-09T16:21:14.648208
B003786,U002711,C011,1974-10,29996.27,2026-08-09T16:21:14.648226
B003787,U002543,C018,2000-12,34402.57,2026-08-09T16:21:14.648244
B003788,U002172,C003,1996-07,21824.48,2026-08-09T16:21:14.648262
B003789,U004617,C010,1996-12,39406.72,2026-08-09T16:21:14.648280
B003790,U004002,C003,2005-02,7710.36,2026-08-09T16:21:14.648297
B003791,U001810,C010,1989-07,45082.88,2026-08-09T16:21:14.648315
B003792,U003689,C013,1982-07,22343.11,2026-08-09T16:21:14.648332
B003793,U000170,C012,2019-01,15063.28,2026-08-09T16:21:14.648350
B003794,U001253,C015,2012-04,7384.79,2026-08-09T16:21:14.648368
B003795,U002952,C006,1985-12,40265.41,2026-08-09T16:21:14.648385
B003796,U003013,C003,1977-07,34674.6,2026-08-09T16:21:14.648403
B003797,U000845,C015,1981-12,45321.04,2026-08-09T16:21:14.648420
B003798,U000404,C001,1982-10,16955.85,2026-08-09T16:21:14.648438
B003799,U002755,C017,2004-11,12040.58,2026-08-09T16:21:14.648456
B003800,U002913,C019,1977-08,48171.66,2026-08-09T16:21:14.648474
B003801,U002978,C013,1977-04,40072.99,2026-08-09T16:21:14.648491
B003802,U003473,C017,2020-02,47816.01,2026-08-09T16:21:14.648509
B003803,U001667,C011,1997-11,39718.66,2026-08-09T16:21:14.648526
B003804,U003962,C013,1995-07,20743.91,2026-08-09T16:21:14.648544
B003805,U002917,C000,,49425,2026-08-09T16:21:14.648553
B003806,U004118,C013,Q1-2026,-2550.25,2026-08-09T16:21:14.648562
B003807,U003035,C010,1980-04,34027.82,2026-08-09T16:21:14.648579
B003808,U001299,C002,1995-10,31291.1,2026-08-09T16:21:14.648597
B003809,U004776,C007,1990-07,11161.15,2026-08-09T16:21:14.648614
B003810,U000378,C019,2008-03,34085.66,2026-08-09T16:21:14.648632
B003811,U000561,C013,1972-09,1811.98,2026-08-09T16:21:14.648650
B003812,U004240,C016,2026-04,27320.62,2026-08-09T16:21:14.648668
B003813,U000200,C002,2007-04,1680.26,2026-08-09T16:21:14.648686
B003814,U004520,C006,1999-07,29864.89,2026-08-09T16:21:14.648703
B003815,U003026,C006,2026-13,Rs.2195.09,2026-08-09T16:21:14.648712
B003816,U001555,C007,Q1-2026,N/A,2026-08-09T16:21:14.648720
B003817,U004812,C001,2019-08,9255.2,2026-08-09T16:21:14.648738
B003818,U001934,C017,Q1-2026,,2026-08-09T16:21:14.648746
B003819,U000514,C017,1980-07,26619.47,2026-08-09T16:21:14.648763
B003820,U002434,C009,1975-08,47630.05,2026-08-09T16:21:14.648781
B003821,U000813,C013,2022-05,38648.51,2026-08-09T16:21:14.648799
B003822,U002035,C008,1999-10,44035.1,2026-08-09T16:21:14.648816
B003823,U000064,C017,1994-06,11636.96,2026-08-09T16:21:14.648834
B003824,U000759,C005,1971-12,14704.37,2026-08-09T16:21:14.648852
B003825,U003315,C013,2010-03,14612.18,2026-08-09T16:21:14.648869
B003826,U003383,C009,1980-09,13747.95,2026-08-09T16:21:14.648887
B003827,U003793,C999,Q1-2026,9714,2026-08-09T16:21:14.648895
B003828,U004054,C019,1983-01,41023.34,2026-08-09T16:21:14.648949
B003829,U003623,C019,2016-10,39246.93,2026-08-09T16:21:14.648975
B003830,U000761,C017,2010-04,23723.83,2026-08-09T16:21:14.648997
B003831,U002476,C008,2000-03,30473.1,2026-08-09T16:21:14.649016
B003832,U003179,C016,2000-09,22298.75,2026-08-09T16:21:14.649035
B003833,U002107,C012,Q1-2026,10869.16,2026-08-09T16:21:14.649044
B003834,U002743,C007,1998-08,4601.65,2026-08-09T16:21:14.649062
B003835,U003581,C012,1986-11,15554.51,2026-08-09T16:21:14.649080
B003836,U002264,C000,2015-12,47078.0,2026-08-09T16:21:14.649098
B003837,U004778,C000,1970-11,42346.06,2026-08-09T16:21:14.649117
B003838,U003072,C008,2012-05,38285.96,2026-08-09T16:21:14.649134
B003839,U003198,C013,2007-10,33386.92,2026-08-09T16:21:14.649153
B003840,U000523,C003,1996-02,33067.8,2026-08-09T16:21:14.649171
B003841,U001139,C018,2020-12,39077.3,2026-08-09T16:21:14.649189
B003842,U001117,C008,2005-06,19191.6,2026-08-09T16:21:14.649207
B003843,U001521,C001,2020-01,11335.56,2026-08-09T16:21:14.649224
B003844,U003981,C017,2013-09,38679.16,2026-08-09T16:21:14.649242
B003845,U003168,C002,2026-13,,2026-08-09T16:21:14.649250
B003846,U004266,C010,1983-12,24793.66,2026-08-09T16:21:14.649268
B003847,U002174,C010,2007-07,16399.62,2026-08-09T16:21:14.649286
B003848,U002666,C014,2014-10,33132.99,2026-08-09T16:21:14.649303
B003849,U003046,C014,1987-08,25125.76,2026-08-09T16:21:14.649321
B003850,U000017,C001,2012-08,44335.75,2026-08-09T16:21:14.649339
B003851,U001079,C012,1973-03,31863.7,2026-08-09T16:21:14.649356
B003852,U003476,C008,1991-09,31960.99,2026-08-09T16:21:14.649374
B003853,U002162,C006,2009-09,48406.08,2026-08-09T16:21:14.649392
B003854,U001356,C014,2010-11,1830.68,2026-08-09T16:21:14.649409
B003855,U001527,C013,1983-11,17763.03,2026-08-09T16:21:14.649428
B003856,U002074,C005,2003-05,2125.12,2026-08-09T16:21:14.649445
B003857,U000719,C016,1999-10,21570.38,2026-08-09T16:21:14.649463
B003858,U000817,C011,1983-08,6873.03,2026-08-09T16:21:14.649480
B003859,U000678,C999,2006-07,28726.2,2026-08-09T16:21:14.649541
B003860,U004322,C011,1973-02,33536.79,2026-08-09T16:21:14.649566
B003861,U002787,C013,2026-01,18709.57,2026-08-09T16:21:14.649585
B003862,U001833,C010,2022-11,43957.41,2026-08-09T16:21:14.649604
B003863,U000406,C017,1987-07,4388.66,2026-08-09T16:21:14.649622
B003864,U001536,C005,1974-08,41649.45,2026-08-09T16:21:14.649640
B003865,U004101,C015,1993-10,44953.15,2026-08-09T16:21:14.649659
B003866,U001677,C005,2007-08,42711.88,2026-08-09T16:21:14.649677
B003867,U000390,C008,2006-07,6451.55,2026-08-09T16:21:14.649695
B003868,U000784,C000,2003-07,20116.56,2026-08-09T16:21:14.649713
B003869,U004140,C019,1986-05,48527.43,2026-08-09T16:21:14.649731
B003870,U004022,C001,2012-03,1917.63,2026-08-09T16:21:14.649749
B003871,U004940,C002,1995-03,26441.95,2026-08-09T16:21:14.649766
B003872,U002420,C018,1995-08,41595.85,2026-08-09T16:21:14.649804
B003873,U004903,C000,2007-08,16694.28,2026-08-09T16:21:14.649822
B003874,U000155,C005,1973-11,17573.85,2026-08-09T16:21:14.649840
B003875,U000783,C003,2026-03,40090.64,2026-08-09T16:21:14.649858
B003876,U004127,C006,2002-03,2246.91,2026-08-09T16:21:14.649876
B003877,U000051,C999,2014-07,24204.16,2026-08-09T16:21:14.649894
B003878,U003000,C003,1982-03,11049.06,2026-08-09T16:21:14.649948
B003879,U000088,C019,1993-06,37561.02,2026-08-09T16:21:14.649974
B003880,U001146,C003,2022-01,20078.66,2026-08-09T16:21:14.649995
B003881,U002355,C010,2019-06,40180.78,2026-08-09T16:21:14.650014
B003882,U003767,C003,2019-03,14132.99,2026-08-09T16:21:14.650033
B003883,U001269,C001,1988-06,14178.09,2026-08-09T16:21:14.650051
B003884,U001034,C014,,-12453.05,2026-08-09T16:21:14.650060
B003885,U003368,C011,2010-09,19913.19,2026-08-09T16:21:14.650078
B003886,U001815,C006,,Rs.4331.53,2026-08-09T16:21:14.650087
B003887,U004179,C000,2014-03,20931.81,2026-08-09T16:21:14.650104
B003888,U003716,C010,1988-07,16594.53,2026-08-09T16:21:14.650122
B003889,U003742,C004,2014-06,44713.43,2026-08-09T16:21:14.650140
B003890,U002976,C999,1977-08,44583.44,2026-08-09T16:21:14.650158
B003891,U001179,C014,2025-01,36203.92,2026-08-09T16:21:14.650175
B003892,U000063,C011,1976-06,45171.99,2026-08-09T16:21:14.650193
B003893,U003576,C017,2001-09,24376.54,2026-08-09T16:21:14.650210
B003894,U000022,C010,2012-05,23123.4,2026-08-09T16:21:14.650228
B003895,U000581,C005,2026-13,-34894.24,2026-08-09T16:21:14.650237
B003896,U004905,C006,1979-10,40511.54,2026-08-09T16:21:14.650255
B003897,U002989,C006,2023-12,28721.74,2026-08-09T16:21:14.650272
B003898,U001895,C000,1988-10,31485.9,2026-08-09T16:21:14.650290
B003899,U004339,C009,2005-09,36706.46,2026-08-09T16:21:14.650307
B003900,U000670,C013,1974-12,16549.04,2026-08-09T16:21:14.650325
B003901,U003623,C018,1985-11,14847.03,2026-08-09T16:21:14.650342
B003902,U000886,C016,1982-02,11367.83,2026-08-09T16:21:14.650360
B003903,U001447,C012,1997-08,34173.37,2026-08-09T16:21:14.650377
B003904,U004328,C010,1993-12,31407.72,2026-08-09T16:21:14.650395
B003905,U000904,C018,1992-09,1237.25,2026-08-09T16:21:14.650412
B003906,U002495,C002,1981-02,42811.14,2026-08-09T16:21:14.650429
B003907,U000530,C010,2021-10,35507.64,2026-08-09T16:21:14.650447
B003908,U000268,C010,2003-01,4935.33,2026-08-09T16:21:14.650464
B003909,U001559,C009,2020-01,19573.62,2026-08-09T16:21:14.650481
B003910,U002030,C007,1989-12,49026.26,2026-08-09T16:21:14.650499
B003911,U001950,C000,2013-05,15792.3,2026-08-09T16:21:14.650516
B003912,U003017,C009,2001-11,9683.45,2026-08-09T16:21:14.650533
B003913,U000433,C000,2005-03,28886.17,2026-08-09T16:21:14.650551
B003914,U002308,C003,1997-12,20286.97,2026-08-09T16:21:14.650568
B003915,U001911,C014,1996-04,46454.52,2026-08-09T16:21:14.650585
B003916,U001201,C003,,546.09,2026-08-09T16:21:14.650594
B003917,U000503,C003,1974-11,40947.57,2026-08-09T16:21:14.650611
B003918,U001389,C017,1997-02,44927.15,2026-08-09T16:21:14.650628
B003919,U001834,C006,2005-06,46022.08,2026-08-09T16:21:14.650645
B003920,U004631,C015,1978-09,4635.8,2026-08-09T16:21:14.650663
B003921,U004416,C011,2018-12,19040.31,2026-08-09T16:21:14.650680
B003922,U003101,C019,1977-08,22228.05,2026-08-09T16:21:14.650697
B003923,U004950,C003,,-47592.47,2026-08-09T16:21:14.650706
B003924,U004610,C007,1972-06,1536.03,2026-08-09T16:21:14.650723
B003925,U000468,C011,2010-08,36058.23,2026-08-09T16:21:14.650740
B003926,U004830,C002,1976-12,38724.85,2026-08-09T16:21:14.650758
B003927,U004490,C006,2014-08,12374.96,2026-08-09T16:21:14.650775
B003928,U003998,C018,1975-07,10602.0,2026-08-09T16:21:14.650792
B003929,U002355,C999,1984-06,24983.39,2026-08-09T16:21:14.650809
B003930,U002111,C009,1998-07,2167.59,2026-08-09T16:21:14.650826
B003931,U002424,C011,1993-01,41403.45,2026-08-09T16:21:14.650844
B003932,U002736,C018,1993-07,10139.57,2026-08-09T16:21:14.650861
B003933,U003826,C000,1973-04,33200.7,2026-08-09T16:21:14.650878
B003934,U003130,C011,1980-04,345.26,2026-08-09T16:21:14.650896
B003935,U001473,C000,1974-11,23454.0,2026-08-09T16:21:14.650949
B003936,U002624,C013,1997-08,7368.77,2026-08-09T16:21:14.650975
B003937,U001493,C014,2003-03,5541.87,2026-08-09T16:21:14.650996
B003938,U001311,C013,1976-02,1313.21,2026-08-09T16:21:14.651015
B003939,U003137,C002,2019-01,6072.84,2026-08-09T16:21:14.651034
B003940,U000163,C003,2013-06,1329.21,2026-08-09T16:21:14.651052
B003941,U001804,C013,2013-01,41923.48,2026-08-09T16:21:14.651070
B003942,U000557,C018,2001-12,13924.12,2026-08-09T16:21:14.651089
B003943,U004552,C002,1992-07,32687.49,2026-08-09T16:21:14.651107
B003944,U001608,C004,,34517,2026-08-09T16:21:14.651116
B003945,U002823,C016,1975-07,23096.99,2026-08-09T16:21:14.651134
B003946,U004061,C001,2009-06,4240.5,2026-08-09T16:21:14.651153
B003947,U003802,C004,2007-12,34886.06,2026-08-09T16:21:14.651171
B003948,U000823,C003,2015-07,28162.78,2026-08-09T16:21:14.651189
B003949,U004914,C012,2007-07,15302.38,2026-08-09T16:21:14.651207
B003950,U004021,C014,2026-13,31790.64,2026-08-09T16:21:14.651216
B003951,U004611,C003,1970-06,49524.55,2026-08-09T16:21:14.651233
B003952,U001223,C001,2010-05,17711.52,2026-08-09T16:21:14.651251
B003953,U000984,C006,2005-09,18426.06,2026-08-09T16:21:14.651269
B003954,U004660,C014,1989-12,39856.06,2026-08-09T16:21:14.651287
B003955,U004995,C005,2009-04,17591.77,2026-08-09T16:21:14.651304
B003956,U002923,C003,,Rs.23354.11,2026-08-09T16:21:14.651313
B003957,U004300,C013,2020-12,31951.72,2026-08-09T16:21:14.651330
B003958,U004434,C003,1985-06,27554.33,2026-08-09T16:21:14.651348
B003959,U000765,C015,2007-04,13114.39,2026-08-09T16:21:14.651365
B003960,U002311,C015,1997-05,22561.83,2026-08-09T16:21:14.651383
B003961,U002728,C999,2008-02,27507.8,2026-08-09T16:21:14.651401
B003962,U001926,C011,2006-04,19337.56,2026-08-09T16:21:14.651418
B003963,U003847,C003,2019-08,8880.41,2026-08-09T16:21:14.651436
B003964,U000295,C002,2010-10,30585.59,2026-08-09T16:21:14.651455
B003965,U003112,C008,,-32024.2,2026-08-09T16:21:14.651464
B003966,U004021,C003,2003-05,28870.76,2026-08-09T16:21:14.651481
B003967,U004794,C018,1992-04,9465.56,2026-08-09T16:21:14.651498
B003968,U000307,C006,1989-10,31359.41,2026-08-09T16:21:14.651516
B003969,U004547,C015,2007-04,27845.0,2026-08-09T16:21:14.651533
B003970,U003222,C016,2026-13,25784,2026-08-09T16:21:14.651542
B003971,U003063,C007,2005-01,11778.73,2026-08-09T16:21:14.651559
B003972,U001457,C013,2016-03,34480.4,2026-08-09T16:21:14.651577
B003973,U004900,C008,Q1-2026,Rs.47805.66,2026-08-09T16:21:14.651585
B003974,U000931,C005,1981-03,27930.94,2026-08-09T16:21:14.651603
B003975,U004827,C006,1972-07,14526.24,2026-08-09T16:21:14.651621
B003976,U003703,C007,2026-04,28533.57,2026-08-09T16:21:14.651638
B003977,U001044,C004,1976-07,28954.67,2026-08-09T16:21:14.651655
B003978,U003769,C016,,16789.0,2026-08-09T16:21:14.651664
B003979,U004650,C999,1977-01,13852.38,2026-08-09T16:21:14.651681
B003980,U003301,C011,1996-04,41826.52,2026-08-09T16:21:14.651699
B003981,U000454,C010,2012-01,16289.58,2026-08-09T16:21:14.651716
B003982,U004054,C015,1973-08,39050.93,2026-08-09T16:21:14.651734
B003983,U003757,C009,2006-12,10199.96,2026-08-09T16:21:14.651751
B003984,U002467,C006,2018-12,15097.45,2026-08-09T16:21:14.651769
B003985,U002865,C007,1984-06,25150.19,2026-08-09T16:21:14.651786
B003986,U000562,C010,2012-12,24752.74,2026-08-09T16:21:14.651804
B003987,U004813,C004,,N/A,2026-08-09T16:21:14.651812
B003988,U001540,C012,1983-04,29580.29,2026-08-09T16:21:14.651829
B003989,U003692,C999,1983-02,17623.41,2026-08-09T16:21:14.651846
B003990,U002101,C006,1994-06,9981.37,2026-08-09T16:21:14.651864
B003991,U004389,C012,1991-02,44496.71,2026-08-09T16:21:14.651881
B003992,U000039,C016,1995-05,26859.98,2026-08-09T16:21:14.651899
B003993,U003274,C018,1997-05,37953.26,2026-08-09T16:21:14.651952
B003994,U004744,C999,1995-02,45794.32,2026-08-09T16:21:14.651978
B003995,U000869,C001,1984-03,39294.61,2026-08-09T16:21:14.651998
B003996,U002456,C004,,N/A,2026-08-09T16:21:14.652007
B003997,U001580,C011,2010-11,13927.47,2026-08-09T16:21:14.652043
B003998,U000939,C000,2016-06,5349.14,2026-08-09T16:21:14.652062
B003999,U000581,C016,1991-12,27289.42,2026-08-09T16:21:14.652080
B004000,U003405,C019,2017-02,44683.58,2026-08-09T16:21:14.652098
B004001,U000930,C006,1988-12,47969.67,2026-08-09T16:21:14.652116
B004002,U004802,C007,2018-05,18491.85,2026-08-09T16:21:14.652134
B004003,U001004,C006,1988-04,26438.18,2026-08-09T16:21:14.652151
B004004,U000635,C003,1981-09,4466.73,2026-08-09T16:21:14.652169
B004005,U000307,C006,1973-12,14985.41,2026-08-09T16:21:14.652187
B004006,U000435,C999,1986-12,4634.5,2026-08-09T16:21:14.652204
B004007,U003375,C009,2006-08,42079.72,2026-08-09T16:21:14.652222
B004008,U001321,C012,1994-10,9376.95,2026-08-09T16:21:14.652239
B004009,U001659,C010,1975-03,14198.78,2026-08-09T16:21:14.652257
B004010,U000026,C005,1970-01,48076.04,2026-08-09T16:21:14.652275
B004011,U002799,C008,2021-08,39654.4,2026-08-09T16:21:14.652292
B004012,U001389,C004,1974-03,33183.93,2026-08-09T16:21:14.652310
B004013,U000032,C015,2020-09,41828.31,2026-08-09T16:21:14.652327
B004014,U003643,C007,Q1-2026,Rs.14762.24,2026-08-09T16:21:14.652336
B004015,U000508,C019,2005-07,46296.65,2026-08-09T16:21:14.652354
B004016,U002123,C015,2019-02,34262.17,2026-08-09T16:21:14.652372
B004017,U000414,C013,1971-09,2545.68,2026-08-09T16:21:14.652389
B004018,U004675,C016,2014-08,42663.12,2026-08-09T16:21:14.652407
B004019,U003616,C018,,-5426.7,2026-08-09T16:21:14.652416
B004020,U002127,C999,1974-10,38129.62,2026-08-09T16:21:14.652433
B004021,U001452,C000,2026-13,N/A,2026-08-09T16:21:14.652441
B004022,U003271,C002,2007-05,19154.66,2026-08-09T16:21:14.652459
B004023,U004975,C010,,12662.11,2026-08-09T16:21:14.652468
B004024,U002750,C008,2002-08,6101.1,2026-08-09T16:21:14.652485
B004025,U001614,C013,1971-12,19609.37,2026-08-09T16:21:14.652503
B004026,U000101,C004,2017-09,25899.25,2026-08-09T16:21:14.652521
B004027,U004892,C002,2026-05,16443.67,2026-08-09T16:21:14.652538
B004028,U002617,C017,1992-03,5837.48,2026-08-09T16:21:14.652556
B004029,U000810,C011,2010-01,36354.09,2026-08-09T16:21:14.652573
B004030,U004635,C001,1993-05,35197.45,2026-08-09T16:21:14.652591
B004031,U002490,C018,2013-03,8922.29,2026-08-09T16:21:14.652608
B004032,U004791,C003,Q1-2026,34281,2026-08-09T16:21:14.652617
B004033,U004775,C019,2017-02,13524.03,2026-08-09T16:21:14.652634
B004034,U000902,C009,1985-06,351.92,2026-08-09T16:21:14.652652
B004035,U004204,C011,Q1-2026,35166.59,2026-08-09T16:21:14.652661
B004036,U004755,C003,1978-07,14232.64,2026-08-09T16:21:14.652678
B004037,U002633,C004,2017-10,296.02,2026-08-09T16:21:14.652696
B004038,U001329,C000,2021-11,5412.55,2026-08-09T16:21:14.652714
B004039,U000351,C004,1975-02,2591.54,2026-08-09T16:21:14.652731
B004040,U000499,C009,1976-10,21797.63,2026-08-09T16:21:14.652748
B004041,U004206,C016,2022-12,19556.28,2026-08-09T16:21:14.652766
B004042,U002435,C017,1986-05,3714.4,2026-08-09T16:21:14.652783
B004043,U003795,C005,1983-01,46975.38,2026-08-09T16:21:14.652801
B004044,U002025,C012,1992-01,22858.54,2026-08-09T16:21:14.652818
B004045,U004969,C003,1998-04,45657.91,2026-08-09T16:21:14.652836
B004046,U002237,C999,2015-10,28839.94,2026-08-09T16:21:14.652853
B004047,U002567,C006,2014-04,39796.88,2026-08-09T16:21:14.652871
B004048,U004585,C999,2011-08,1281.57,2026-08-09T16:21:14.652888
B004049,U001562,C001,Q1-2026,-15739.12,2026-08-09T16:21:14.652897
B004050,U003298,C017,1982-05,38377.45,2026-08-09T16:21:14.652952
B004051,U001931,C009,1989-09,9159.71,2026-08-09T16:21:14.652975
B004052,U000101,C004,1981-03,7386.1,2026-08-09T16:21:14.652995
B004053,U002062,C012,2022-08,8716.03,2026-08-09T16:21:14.653014
B004054,U000441,C999,2017-12,12142.38,2026-08-09T16:21:14.653032
B004055,U000082,C004,2002-06,15663.6,2026-08-09T16:21:14.653050
B004056,U002073,C005,2010-06,12094.66,2026-08-09T16:21:14.653068
B004057,U000322,C014,2020-01,23709.6,2026-08-09T16:21:14.653086
B004058,U001102,C019,Q1-2026,9903.17,2026-08-09T16:21:14.653096
B004059,U004833,C017,1988-06,24679.73,2026-08-09T16:21:14.653113
B004060,U003494,C012,1995-03,45498.65,2026-08-09T16:21:14.653131
B004061,U004416,C015,2011-08,24344.87,2026-08-09T16:21:14.653149
B004062,U000325,C014,1991-07,32517.93,2026-08-09T16:21:14.653167
B004063,U002392,C001,1981-09,1033.0,2026-08-09T16:21:14.653185
B004064,U000293,C011,2011-04,42725.13,2026-08-09T16:21:14.653203
B004065,U004901,C015,2026-13,,2026-08-09T16:21:14.653212
B004066,U002823,C008,1996-11,9150.52,2026-08-09T16:21:14.653229
B004067,U000530,C013,2001-09,37249.62,2026-08-09T16:21:14.653247
B004068,U004356,C018,1975-04,33548.88,2026-08-09T16:21:14.653264
B004069,U003976,C013,1973-02,37625.26,2026-08-09T16:21:14.653282
B004070,U001916,C018,1998-04,27549.89,2026-08-09T16:21:14.653299
B004071,U001798,C017,1999-08,32881.64,2026-08-09T16:21:14.653317
B004072,U001386,C016,1982-09,28832.14,2026-08-09T16:21:14.653334
B004073,U001570,C999,2003-09,8328.94,2026-08-09T16:21:14.653352
B004074,U004499,C999,2015-12,21329.7,2026-08-09T16:21:14.653370
B004075,U000325,C008,2026-13,-32539.17,2026-08-09T16:21:14.653379
B004076,U003740,C999,2017-08,11556.94,2026-08-09T16:21:14.653397
B004077,U004932,C011,1985-03,28944.87,2026-08-09T16:21:14.653414
B004078,U000660,C013,Q1-2026,-28934.1,2026-08-09T16:21:14.653423
B004079,U001566,C010,2026-13,,2026-08-09T16:21:14.653431
B004080,U000056,C015,Q1-2026,,2026-08-09T16:21:14.653439
B004081,U004575,C017,,28321,2026-08-09T16:21:14.653447
B004082,U003272,C006,2011-02,39114.08,2026-08-09T16:21:14.653465
B004083,U004133,C013,2012-05,35220.43,2026-08-09T16:21:14.653513
B004084,U000579,C007,2024-08,27346.23,2026-08-09T16:21:14.653545
B004085,U002665,C018,,3657.24,2026-08-09T16:21:14.653555
B004086,U002289,C011,1974-01,13902.42,2026-08-09T16:21:14.653575
B004087,U003037,C018,2008-06,16647.22,2026-08-09T16:21:14.653594
B004088,U001547,C001,1974-12,37127.38,2026-08-09T16:21:14.653612
B004089,U002875,C009,2004-06,4822.41,2026-08-09T16:21:14.653631
B004090,U002903,C003,2006-03,46036.74,2026-08-09T16:21:14.653649
B004091,U000815,C000,2004-05,29836.55,2026-08-09T16:21:14.653667
B004092,U002806,C003,2007-02,33629.49,2026-08-09T16:21:14.653684
B004093,U003513,C007,2007-12,20101.12,2026-08-09T16:21:14.653702
B004094,U004959,C000,1983-05,47139.65,2026-08-09T16:21:14.653719
B004095,U000249,C008,2013-08,3253.63,2026-08-09T16:21:14.653737
B004096,U001166,C004,1992-05,11870.52,2026-08-09T16:21:14.653755
B004097,U003988,C016,2018-09,39344.43,2026-08-09T16:21:14.653773
B004098,U000323,C006,2021-11,44177.15,2026-08-09T16:21:14.653791
B004099,U001413,C006,1988-11,31668.71,2026-08-09T16:21:14.653808
B004100,U001146,C016,2009-07,4018.11,2026-08-09T16:21:14.653826
B004101,U004311,C019,Q1-2026,36276.74,2026-08-09T16:21:14.653835
B004102,U002516,C014,1984-06,37088.76,2026-08-09T16:21:14.653852
B004103,U002622,C004,2002-11,47711.35,2026-08-09T16:21:14.653870
B004104,U001320,C014,2013-02,37462.73,2026-08-09T16:21:14.653888
B004105,U003071,C007,2003-01,37873.43,2026-08-09T16:21:14.653931
B004106,U001781,C002,1973-08,4393.1,2026-08-09T16:21:14.653965
B004107,U001686,C007,2004-04,49526.71,2026-08-09T16:21:14.653988
B004108,U000132,C017,1989-01,25198.39,2026-08-09T16:21:14.654007
B004109,U001972,C001,2020-04,40822.4,2026-08-09T16:21:14.654026
B004110,U001659,C018,1992-09,44432.12,2026-08-09T16:21:14.654044
B004111,U000215,C000,2026-07,11751.47,2026-08-09T16:21:14.654062
B004112,U000782,C016,1973-06,40060.31,2026-08-09T16:21:14.654080
B004113,U003420,C009,1992-04,27361.61,2026-08-09T16:21:14.654098
B004114,U000759,C001,1992-01,45885.59,2026-08-09T16:21:14.654115
B004115,U004102,C004,2010-03,15234.53,2026-08-09T16:21:14.654133
B004116,U000072,C017,1976-09,4371.32,2026-08-09T16:21:14.654150
B004117,U004241,C008,,N/A,2026-08-09T16:21:14.654159
B004118,U003650,C999,2026-01,39629.1,2026-08-09T16:21:14.654177
B004119,U000526,C009,1990-04,28397.92,2026-08-09T16:21:14.654194
B004120,U000088,C006,1974-05,33240.35,2026-08-09T16:21:14.654212
B004121,U002294,C006,1984-08,32214.92,2026-08-09T16:21:14.654230
B004122,U002095,C006,1995-03,36214.6,2026-08-09T16:21:14.654270
B004123,U001062,C003,1996-03,2178.95,2026-08-09T16:21:14.654288
B004124,U000368,C000,2011-12,14718.5,2026-08-09T16:21:14.654306
B004125,U000537,C000,2024-05,31454.02,2026-08-09T16:21:14.654324
B004126,U000999,C007,2010-04,16818.05,2026-08-09T16:21:14.654342
B004127,U003729,C018,2006-09,15180.04,2026-08-09T16:21:14.654360
B004128,U003869,C004,Q1-2026,34051,2026-08-09T16:21:14.654369
B004129,U002927,C013,2019-04,37753.48,2026-08-09T16:21:14.654386
B004130,U003803,C004,2017-07,32850.26,2026-08-09T16:21:14.654404
B004131,U000628,C016,1998-05,40038.87,2026-08-09T16:21:14.654421
B004132,U004581,C018,1975-02,27720.24,2026-08-09T16:21:14.654439
B004133,U003718,C015,2011-12,21181.73,2026-08-09T16:21:14.654457
B004134,U003039,C002,1990-08,10894.7,2026-08-09T16:21:14.654474
B004135,U000626,C004,2018-11,39493.8,2026-08-09T16:21:14.654492
B004136,U000688,C017,2012-08,48548.36,2026-08-09T16:21:14.654509
B004137,U003739,C999,2019-06,31796.69,2026-08-09T16:21:14.654527
B004138,U002275,C016,2008-12,23832.81,2026-08-09T16:21:14.654545
B004139,U002959,C003,Q1-2026,Rs.12653.1,2026-08-09T16:21:14.654554
B004140,U004176,C002,1996-12,32263.57,2026-08-09T16:21:14.654571
B004141,U001829,C008,2005-10,5682.33,2026-08-09T16:21:14.654589
B004142,U000250,C015,2007-12,48092.4,2026-08-09T16:21:14.654607
B004143,U003299,C009,1983-12,36398.44,2026-08-09T16:21:14.654624
B004144,U000876,C011,,,2026-08-09T16:21:14.654633
B004145,U004659,C003,1993-07,38363.9,2026-08-09T16:21:14.654650
B004146,U002664,C007,2022-09,33087.13,2026-08-09T16:21:14.654667
B004147,U000270,C011,1997-04,45027.37,2026-08-09T16:21:14.654684
B004148,U004922,C006,2005-08,38362.7,2026-08-09T16:21:14.654706
B004149,U003670,C002,1979-03,33716.86,2026-08-09T16:21:14.654724
B004150,U000254,C013,2015-05,11402.91,2026-08-09T16:21:14.654741
B004151,U003444,C014,1987-12,431.57,2026-08-09T16:21:14.654759
B004152,U003835,C999,2012-05,3744.42,2026-08-09T16:21:14.654776
B004153,U003757,C017,1992-03,32839.95,2026-08-09T16:21:14.654794
B004154,U002837,C011,1996-02,34125.25,2026-08-09T16:21:14.654812
B004155,U002757,C007,2009-06,33691.75,2026-08-09T16:21:14.654829
B004156,U000295,C014,1988-12,37944.65,2026-08-09T16:21:14.654847
B004157,U004861,C013,1986-11,22807.07,2026-08-09T16:21:14.654864
B004158,U004123,C016,2003-07,26906.95,2026-08-09T16:21:14.654882
B004159,U001349,C999,2010-06,35793.21,2026-08-09T16:21:14.654899
B004160,U000867,C001,1972-02,37015.96,2026-08-09T16:21:14.654956
B004161,U001145,C000,1975-01,46279.08,2026-08-09T16:21:14.654979
B004162,U002542,C015,2026-13,49358.46,2026-08-09T16:21:14.654989
B004163,U000865,C014,1980-04,18359.38,2026-08-09T16:21:14.655007
B004164,U000127,C008,2003-04,4747.97,2026-08-09T16:21:14.655026
B004165,U002544,C017,2004-04,21381.89,2026-08-09T16:21:14.655044
B004166,U004274,C013,2004-06,12863.04,2026-08-09T16:21:14.655062
B004167,U003550,C004,2004-01,38481.85,2026-08-09T16:21:14.655080
B004168,U004076,C001,1975-06,34788.25,2026-08-09T16:21:14.655098
B004169,U003394,C015,1986-07,4117.39,2026-08-09T16:21:14.655115
B004170,U000962,C016,2001-01,23164.66,2026-08-09T16:21:14.655133
B004171,U001891,C007,2025-02,7859.94,2026-08-09T16:21:14.655151
B004172,U000347,C009,2023-04,32984.08,2026-08-09T16:21:14.655168
B004173,U000238,C014,1970-07,12221.25,2026-08-09T16:21:14.655186
B004174,U003081,C013,2007-03,38636.16,2026-08-09T16:21:14.655203
B004175,U003955,C008,2002-06,30039.95,2026-08-09T16:21:14.655221
B004176,U000490,C006,1982-04,31957.97,2026-08-09T16:21:14.655239
B004177,U001864,C016,2026-13,Rs.40141.92,2026-08-09T16:21:14.655248
B004178,U004097,C018,2009-05,28675.05,2026-08-09T16:21:14.655265
B004179,U004699,C005,1975-12,14188.65,2026-08-09T16:21:14.655283
B004180,U004320,C003,2026-13,46455,2026-08-09T16:21:14.655291
B004181,U004191,C013,,-12260.6,2026-08-09T16:21:14.655300
B004182,U002926,C012,2025-07,40781.38,2026-08-09T16:21:14.655317
B004183,U001021,C005,,-18366.51,2026-08-09T16:21:14.655326
B004184,U000465,C000,1992-02,12294.07,2026-08-09T16:21:14.655343
B004185,U003770,C008,2002-05,9898.54,2026-08-09T16:21:14.655361
B004186,U002900,C012,1996-08,40305.21,2026-08-09T16:21:14.655379
B004187,U000232,C010,1984-10,10507.15,2026-08-09T16:21:14.655397
B004188,U000748,C999,1971-02,33590.98,2026-08-09T16:21:14.655414
B004189,U000598,C010,1973-08,12899.14,2026-08-09T16:21:14.655432
B004190,U000930,C018,1994-08,41800.0,2026-08-09T16:21:14.655449
B004191,U001126,C000,2000-11,18965.25,2026-08-09T16:21:14.655467
B004192,U002030,C012,2000-04,32484.27,2026-08-09T16:21:14.655484
B004193,U000270,C011,1974-04,43558.45,2026-08-09T16:21:14.655502
B004194,U002533,C008,1998-04,8205.87,2026-08-09T16:21:14.655519
B004195,U003585,C999,1974-09,49316.78,2026-08-09T16:21:14.655537
B004196,U002994,C006,1977-08,28031.3,2026-08-09T16:21:14.655554
B004197,U002588,C013,2004-05,6004.76,2026-08-09T16:21:14.655572
B004198,U000890,C010,1973-10,33407.09,2026-08-09T16:21:14.655589
B004199,U002548,C008,1985-01,36730.57,2026-08-09T16:21:14.655607
B004200,U000698,C017,2009-08,13767.86,2026-08-09T16:21:14.655624
B004201,U002577,C006,2006-07,21935.03,2026-08-09T16:21:14.655642
B004202,U002594,C017,1973-07,48561.6,2026-08-09T16:21:14.655659
B004203,U001042,C999,2003-06,31247.05,2026-08-09T16:21:14.655677
B004204,U000872,C008,Q1-2026,29030.67,2026-08-09T16:21:14.655685
B004205,U000257,C005,2015-02,39955.62,2026-08-09T16:21:14.655703
B004206,U002845,C017,2012-08,18528.2,2026-08-09T16:21:14.655720
B004207,U002849,C016,1996-10,2807.61,2026-08-09T16:21:14.655737
B004208,U002730,C999,2007-09,8578.03,2026-08-09T16:21:14.655756
B004209,U002753,C000,2021-05,46303.6,2026-08-09T16:21:14.655773
B004210,U000373,C015,1989-01,35806.41,2026-08-09T16:21:14.655791
B004211,U004799,C999,2003-12,41065.75,2026-08-09T16:21:14.655809
B004212,U002954,C008,1978-10,39420.24,2026-08-09T16:21:14.655826
B004213,U001077,C011,2009-03,9049.9,2026-08-09T16:21:14.655844
B004214,U003877,C015,1990-06,24437.96,2026-08-09T16:21:14.655862
B004215,U002240,C018,1977-05,19532.01,2026-08-09T16:21:14.655879
B004216,U002009,C001,2000-12,15312.9,2026-08-09T16:21:14.655897
B004217,U000433,C001,2001-06,21743.7,2026-08-09T16:21:14.655950
B004218,U004358,C016,2007-10,46197.18,2026-08-09T16:21:14.655975
B004219,U004475,C013,2019-03,6304.04,2026-08-09T16:21:14.655996
B004220,U000239,C011,2020-11,40313.31,2026-08-09T16:21:14.656015
B004221,U004070,C014,1981-01,29688.7,2026-08-09T16:21:14.656034
B004222,U004607,C011,2014-05,45161.58,2026-08-09T16:21:14.656052
B004223,U003111,C000,1978-07,29144.65,2026-08-09T16:21:14.656070
B004224,U000181,C008,1978-05,1227.62,2026-08-09T16:21:14.656088
B004225,U002952,C008,2014-01,40493.21,2026-08-09T16:21:14.656106
B004226,U001622,C019,2010-05,21758.84,2026-08-09T16:21:14.656124
B004227,U003556,C001,Q1-2026,N/A,2026-08-09T16:21:14.656132
B004228,U001823,C004,2004-06,42121.94,2026-08-09T16:21:14.656149
B004229,U003839,C000,1982-08,22023.61,2026-08-09T16:21:14.656167
B004230,U001114,C011,1983-05,33424.76,2026-08-09T16:21:14.656184
B004231,U000853,C015,2023-10,14839.47,2026-08-09T16:21:14.656203
B004232,U003229,C001,2000-09,10888.15,2026-08-09T16:21:14.656220
B004233,U001893,C018,1994-11,14864.37,2026-08-09T16:21:14.656238
B004234,U004894,C016,2004-09,46721.76,2026-08-09T16:21:14.656256
B004235,U002190,C004,1975-11,23001.86,2026-08-09T16:21:14.656273
B004236,U001272,C007,2011-02,21374.71,2026-08-09T16:21:14.656291
B004237,U004090,C018,1980-12,45517.27,2026-08-09T16:21:14.656308
B004238,U002150,C010,2015-06,46323.54,2026-08-09T16:21:14.656326
B004239,U002902,C019,2003-11,17708.42,2026-08-09T16:21:14.656344
B004240,U000306,C003,1993-03,8673.3,2026-08-09T16:21:14.656361
B004241,U000894,C015,1997-06,35484.43,2026-08-09T16:21:14.656379
B004242,U001177,C014,1978-11,36470.08,2026-08-09T16:21:14.656397
B004243,U001087,C004,1999-10,46589.44,2026-08-09T16:21:14.656414
B004244,U000193,C005,1987-07,10671.73,2026-08-09T16:21:14.656431
B004245,U003228,C004,2011-09,23795.09,2026-08-09T16:21:14.656449
B004246,U003347,C008,1985-01,35527.5,2026-08-09T16:21:14.656467
B004247,U002267,C001,1985-09,13915.47,2026-08-09T16:21:14.656484
B004248,U002755,C011,1990-05,4973.96,2026-08-09T16:21:14.656519
B004249,U003094,C007,1971-12,25237.0,2026-08-09T16:21:14.656537
B004250,U000130,C011,2008-09,337.42,2026-08-09T16:21:14.656555
B004251,U001075,C017,2020-10,35925.74,2026-08-09T16:21:14.656573
B004252,U003906,C999,1983-11,14604.76,2026-08-09T16:21:14.656591
B004253,U004814,C011,2012-12,8493.71,2026-08-09T16:21:14.656609
B004254,U004308,C004,2022-04,22123.25,2026-08-09T16:21:14.656627
B004255,U003440,C015,1976-12,24081.14,2026-08-09T16:21:14.656645
B004256,U000305,C019,2001-03,10517.69,2026-08-09T16:21:14.656663
B004257,U001777,C007,1990-01,40997.78,2026-08-09T16:21:14.656680
B004258,U003742,C006,2008-09,36573.13,2026-08-09T16:21:14.656698
B004259,U003608,C016,1999-10,48169.86,2026-08-09T16:21:14.656715
B004260,U004738,C005,1972-10,3999.79,2026-08-09T16:21:14.656733
B004261,U000980,C001,2000-07,605.86,2026-08-09T16:21:14.656750
B004262,U004011,C014,1987-11,37831.95,2026-08-09T16:21:14.656768
B004263,U001586,C999,Q1-2026,12576.54,2026-08-09T16:21:14.656776
B004264,U004663,C012,2011-11,48562.82,2026-08-09T16:21:14.656794
B004265,U002812,C006,2016-05,43730.57,2026-08-09T16:21:14.656812
B004266,U002920,C015,2026-13,-5578.82,2026-08-09T16:21:14.656821
B004267,U004590,C018,2023-04,27976.02,2026-08-09T16:21:14.656838
B004268,U003712,C007,2026-13,N/A,2026-08-09T16:21:14.656847
B004269,U003901,C019,2012-06,10487.53,2026-08-09T16:21:14.656864
B004270,U003680,C007,2012-04,5281.46,2026-08-09T16:21:14.656882
B004271,U003902,C006,1989-02,44455.52,2026-08-09T16:21:14.656899
B004272,U000227,C009,1976-04,25864.54,2026-08-09T16:21:14.656957
B004273,U001309,C014,Q1-2026,Rs.45623.32,2026-08-09T16:21:14.656969
B004274,U000219,C016,1970-09,7477.39,2026-08-09T16:21:14.656992
B004275,U000151,C000,1999-12,30378.7,2026-08-09T16:21:14.657011
B004276,U001415,C000,1976-02,28043.14,2026-08-09T16:21:14.657030
B004277,U000699,C005,2001-10,47188.93,2026-08-09T16:21:14.657048
B004278,U004786,C008,2006-04,17365.01,2026-08-09T16:21:14.657066
B004279,U002648,C018,2020-05,20682.2,2026-08-09T16:21:14.657084
B004280,U001921,C006,2026-13,40644.86,2026-08-09T16:21:14.657093
B004281,U004227,C014,2016-08,47304.35,2026-08-09T16:21:14.657111
B004282,U002955,C014,1997-07,39480.1,2026-08-09T16:21:14.657128
B004283,U001370,C006,2026-13,N/A,2026-08-09T16:21:14.657137
B004284,U003554,C000,1997-11,44300.61,2026-08-09T16:21:14.657154
B004285,U000549,C014,2024-09,16817.65,2026-08-09T16:21:14.657172
B004286,U002291,C003,1984-05,47341.38,2026-08-09T16:21:14.657189
B004287,U000347,C014,1994-08,25666.71,2026-08-09T16:21:14.657206
B004288,U004043,C999,2003-04,17483.93,2026-08-09T16:21:14.657224
B004289,U003969,C010,1995-04,17040.35,2026-08-09T16:21:14.657242
B004290,U000040,C018,2015-12,16945.59,2026-08-09T16:21:14.657259
B004291,U002487,C010,2011-04,2164.28,2026-08-09T16:21:14.657277
B004292,U003585,C005,2024-01,45063.83,2026-08-09T16:21:14.657294
B004293,U002386,C012,1991-05,6405.52,2026-08-09T16:21:14.657312
B004294,U003516,C010,2016-12,5228.16,2026-08-09T16:21:14.657330
B004295,U002359,C004,2014-06,1977.61,2026-08-09T16:21:14.657348
B004296,U001851,C999,1986-09,27676.58,2026-08-09T16:21:14.657365
B004297,U002653,C001,2013-03,34102.13,2026-08-09T16:21:14.657383
B004298,U003287,C004,1983-09,5311.22,2026-08-09T16:21:14.657400
B004299,U002136,C006,1982-05,46454.05,2026-08-09T16:21:14.657418
B004300,U001648,C018,1987-01,45213.55,2026-08-09T16:21:14.657435
B004301,U003093,C014,1995-02,12827.92,2026-08-09T16:21:14.657453
B004302,U004554,C017,Q1-2026,Rs.43851.88,2026-08-09T16:21:14.657462
B004303,U002948,C017,1985-08,15740.13,2026-08-09T16:21:14.657479
B004304,U000617,C002,2002-06,2739.52,2026-08-09T16:21:14.657539
B004305,U003577,C014,2025-02,32058.91,2026-08-09T16:21:14.657564
B004306,U002373,C002,1981-03,25205.15,2026-08-09T16:21:14.657585
B004307,U004743,C014,1997-02,26903.37,2026-08-09T16:21:14.657603
B004308,U001774,C014,2020-08,23640.75,2026-08-09T16:21:14.657622
B004309,U001311,C008,Q1-2026,10645.93,2026-08-09T16:21:14.657631
B004310,U002178,C011,1978-05,33792.67,2026-08-09T16:21:14.657649
B004311,U001206,C008,2014-11,49109.01,2026-08-09T16:21:14.657667
B004312,U003592,C017,2022-09,739.35,2026-08-09T16:21:14.657685
B004313,U002398,C001,1994-05,24128.82,2026-08-09T16:21:14.657703
B004314,U003186,C011,2020-07,3422.93,2026-08-09T16:21:14.657721
B004315,U003662,C011,1998-06,19701.67,2026-08-09T16:21:14.657739
B004316,U003539,C018,2004-11,6986.69,2026-08-09T16:21:14.657757
B004317,U001806,C005,,47641.93,2026-08-09T16:21:14.657767
B004318,U000965,C004,1974-03,18216.65,2026-08-09T16:21:14.657784
B004319,U001512,C002,1970-01,7723.42,2026-08-09T16:21:14.657802
B004320,U000220,C017,1982-05,39023.62,2026-08-09T16:21:14.657820
B004321,U004144,C018,1986-06,17452.83,2026-08-09T16:21:14.657837
B004322,U003009,C007,2001-02,7101.66,2026-08-09T16:21:14.657855
B004323,U002788,C012,2006-02,19039.07,2026-08-09T16:21:14.657873
B004324,U004420,C000,,45844.5,2026-08-09T16:21:14.657882
B004325,U004962,C001,1983-11,34892.2,2026-08-09T16:21:14.657899
B004326,U001656,C008,2025-11,3668.01,2026-08-09T16:21:14.657958
B004327,U002014,C999,1972-11,20289.06,2026-08-09T16:21:14.657981
B004328,U001024,C018,2024-07,25783.98,2026-08-09T16:21:14.658002
B004329,U004391,C008,1976-07,30830.46,2026-08-09T16:21:14.658021
B004330,U003635,C014,1986-05,40820.19,2026-08-09T16:21:14.658040
B004331,U004082,C001,,,2026-08-09T16:21:14.658049
B004332,U000813,C008,1988-02,39361.1,2026-08-09T16:21:14.658066
B004333,U003646,C001,2005-11,49643.36,2026-08-09T16:21:14.658084
B004334,U004843,C002,1984-04,36481.3,2026-08-09T16:21:14.658102
B004335,U002530,C009,1977-05,9856.79,2026-08-09T16:21:14.658120
B004336,U000675,C999,1993-08,41298.02,2026-08-09T16:21:14.658138
B004337,U001143,C016,2005-05,45522.15,2026-08-09T16:21:14.658156
B004338,U001527,C002,2018-12,45328.2,2026-08-09T16:21:14.658174
B004339,U004012,C009,2006-04,41624.13,2026-08-09T16:21:14.658191
B004340,U002088,C011,1994-03,41668.67,2026-08-09T16:21:14.658209
B004341,U000998,C016,2003-09,7470.54,2026-08-09T16:21:14.658227
B004342,U004091,C009,1985-04,3362.76,2026-08-09T16:21:14.658244
B004343,U004144,C011,2023-09,44120.11,2026-08-09T16:21:14.658262
B004344,U002053,C003,1997-07,36292.39,2026-08-09T16:21:14.658280
B004345,U004100,C015,1983-05,8664.32,2026-08-09T16:21:14.658297
B004346,U002115,C018,2024-12,8609.54,2026-08-09T16:21:14.658315
B004347,U001117,C006,1991-05,35690.72,2026-08-09T16:21:14.658332
B004348,U004794,C016,2002-05,44853.71,2026-08-09T16:21:14.658350
B004349,U001304,C003,2012-07,15709.02,2026-08-09T16:21:14.658367
B004350,U000117,C014,2022-12,34936.84,2026-08-09T16:21:14.658385
B004351,U001135,C000,2002-11,14480.52,2026-08-09T16:21:14.658403
B004352,U004189,C008,2004-05,46150.55,2026-08-09T16:21:14.658420
B004353,U003714,C015,1975-04,3562.85,2026-08-09T16:21:14.658438
B004354,U002178,C003,2012-07,36707.07,2026-08-09T16:21:14.658456
B004355,U003111,C012,1997-06,363.25,2026-08-09T16:21:14.658474
B004356,U004489,C018,2010-10,41892.87,2026-08-09T16:21:14.658492
B004357,U000808,C012,1992-01,34284.25,2026-08-09T16:21:14.658509
B004358,U003035,C014,1990-08,32648.87,2026-08-09T16:21:14.658527
B004359,U003687,C012,2004-10,46611.35,2026-08-09T16:21:14.658545
B004360,U003547,C012,2006-07,20049.53,2026-08-09T16:21:14.658562
B004361,U003228,C001,1999-11,28111.32,2026-08-09T16:21:14.658580
B004362,U004097,C010,1999-08,42494.91,2026-08-09T16:21:14.658597
B004363,U003569,C009,2015-08,16483.32,2026-08-09T16:21:14.658614
B004364,U001515,C002,1998-08,24555.66,2026-08-09T16:21:14.658632
B004365,U004695,C019,Q1-2026,,2026-08-09T16:21:14.658640
B004366,U004106,C015,2003-09,49803.45,2026-08-09T16:21:14.658657
B004367,U002450,C008,2008-06,7095.74,2026-08-09T16:21:14.658674
B004368,U000630,C017,,Rs.34620.16,2026-08-09T16:21:14.658683
B004369,U004873,C017,2021-02,23375.99,2026-08-09T16:21:14.658701
B004370,U004310,C013,2019-05,39258.25,2026-08-09T16:21:14.658719
B004371,U000505,C012,1995-08,40022.31,2026-08-09T16:21:14.658736
B004372,U003398,C013,1983-11,10116.44,2026-08-09T16:21:14.658754
B004373,U001328,C002,,-12366.11,2026-08-09T16:21:14.658781
B004374,U001555,C018,2015-04,41039.85,2026-08-09T16:21:14.658801
B004375,U000162,C002,2004-08,5433.63,2026-08-09T16:21:14.658819
B004376,U004164,C008,1984-05,33432.51,2026-08-09T16:21:14.658836
B004377,U002061,C016,1984-11,26593.54,2026-08-09T16:21:14.658853
B004378,U004080,C010,2024-03,18582.82,2026-08-09T16:21:14.658871
B004379,U002912,C004,2010-11,28479.96,2026-08-09T16:21:14.658888
B004380,U000612,C008,2022-10,9650.94,2026-08-09T16:21:14.658931
B004381,U002072,C011,1973-08,22746.59,2026-08-09T16:21:14.658964
B004382,U001729,C010,1994-08,3652.17,2026-08-09T16:21:14.658987
B004383,U004684,C017,2017-10,9993.95,2026-08-09T16:21:14.659007
B004384,U000729,C007,1988-02,16415.64,2026-08-09T16:21:14.659026
B004385,U003475,C019,1989-03,21606.99,2026-08-09T16:21:14.659044
B004386,U001665,C017,1984-03,35605.29,2026-08-09T16:21:14.659062
B004387,U004400,C013,1996-12,33218.08,2026-08-09T16:21:14.659081
B004388,U004373,C004,,Rs.47228.09,2026-08-09T16:21:14.659090
B004389,U001004,C019,Q1-2026,37501.11,2026-08-09T16:21:14.659099
B004390,U003540,C004,1985-09,13194.21,2026-08-09T16:21:14.659116
B004391,U004937,C009,1994-10,31694.69,2026-08-09T16:21:14.659134
B004392,U001377,C018,1978-12,9804.35,2026-08-09T16:21:14.659151
B004393,U004396,C009,1978-01,6878.03,2026-08-09T16:21:14.659169
B004394,U000651,C003,1998-09,24267.47,2026-08-09T16:21:14.659186
B004395,U001566,C013,1999-03,24074.51,2026-08-09T16:21:14.659204
B004396,U004966,C001,1995-02,4531.89,2026-08-09T16:21:14.659221
B004397,U001074,C999,1991-09,49402.58,2026-08-09T16:21:14.659239
B004398,U004050,C002,2016-02,30339.81,2026-08-09T16:21:14.659257
B004399,U002562,C004,2026-13,9401.76,2026-08-09T16:21:14.659266
B004400,U000826,C004,2014-06,6218.76,2026-08-09T16:21:14.659283
B004401,U002992,C999,2021-12,3770.82,2026-08-09T16:21:14.659301
B004402,U002244,C011,Q1-2026,-39827.52,2026-08-09T16:21:14.659310
B004403,U002217,C013,1974-08,34434.51,2026-08-09T16:21:14.659327
B004404,U000768,C012,2001-01,16835.72,2026-08-09T16:21:14.659345
B004405,U001931,C019,2001-11,10614.76,2026-08-09T16:21:14.659363
B004406,U000298,C016,1999-05,7791.39,2026-08-09T16:21:14.659380
B004407,U001077,C012,1988-10,6420.05,2026-08-09T16:21:14.659397
B004408,U004411,C002,1997-11,47720.93,2026-08-09T16:21:14.659415
B004409,U000439,C999,,15700.8,2026-08-09T16:21:14.659423
B004410,U004317,C009,2019-04,3286.63,2026-08-09T16:21:14.659440
B004411,U001307,C001,2000-06,7065.75,2026-08-09T16:21:14.659458
B004412,U002437,C006,2025-02,37653.65,2026-08-09T16:21:14.659475
B004413,U003996,C008,1977-03,18459.94,2026-08-09T16:21:14.659493
B004414,U004917,C006,1980-08,36877.69,2026-08-09T16:21:14.659510
B004415,U001508,C016,2003-08,2714.86,2026-08-09T16:21:14.659528
B004416,U004628,C019,2006-03,39562.95,2026-08-09T16:21:14.659545
B004417,U002170,C008,2026-13,15120.97,2026-08-09T16:21:14.659554
B004418,U000098,C014,,N/A,2026-08-09T16:21:14.659562
B004419,U002691,C007,1971-08,46935.75,2026-08-09T16:21:14.659579
B004420,U004005,C015,1973-05,31483.69,2026-08-09T16:21:14.659597
B004421,U003573,C011,2003-05,17163.95,2026-08-09T16:21:14.659614
B004422,U000531,C014,1988-02,6372.42,2026-08-09T16:21:14.659631
B004423,U001845,C010,1989-11,16031.33,2026-08-09T16:21:14.659648
B004424,U000874,C009,1976-05,23412.95,2026-08-09T16:21:14.659666
B004425,U003191,C013,,5296.58,2026-08-09T16:21:14.659674
B004426,U001778,C018,1983-01,37251.32,2026-08-09T16:21:14.659692
B004427,U002181,C005,1988-03,23138.94,2026-08-09T16:21:14.659709
B004428,U001137,C002,,N/A,2026-08-09T16:21:14.659717
B004429,U002086,C007,1990-08,31833.02,2026-08-09T16:21:14.659734
B004430,U003577,C005,1971-11,23632.76,2026-08-09T16:21:14.659751
B004431,U004420,C019,2011-04,32205.26,2026-08-09T16:21:14.659769
B004432,U001482,C009,1973-10,40619.68,2026-08-09T16:21:14.659786
B004433,U001763,C018,1982-09,3502.84,2026-08-09T16:21:14.659804
B004434,U004945,C001,1987-02,11060.15,2026-08-09T16:21:14.659821
B004435,U004919,C003,1980-06,7410.43,2026-08-09T16:21:14.659839
B004436,U004910,C007,1993-02,28372.29,2026-08-09T16:21:14.659856
B004437,U002580,C014,2018-08,33401.2,2026-08-09T16:21:14.659875
B004438,U002357,C005,2026-13,-39490.64,2026-08-09T16:21:14.659883
B004439,U001531,C005,2011-11,1689.49,2026-08-09T16:21:14.659920
B004440,U003207,C999,1996-07,36085.01,2026-08-09T16:21:14.659955
B004441,U000727,C001,2025-07,202.73,2026-08-09T16:21:14.659978
B004442,U002059,C006,1980-09,19699.76,2026-08-09T16:21:14.659997
B004443,U003213,C008,1983-04,14512.17,2026-08-09T16:21:14.660015
B004444,U001313,C018,2023-01,40420.11,2026-08-09T16:21:14.660034
B004445,U000761,C008,2021-07,7376.24,2026-08-09T16:21:14.660052
B004446,U000061,C999,2013-11,2828.16,2026-08-09T16:21:14.660070
B004447,U001352,C014,2013-03,19904.69,2026-08-09T16:21:14.660088
B004448,U002614,C005,1989-01,23096.16,2026-08-09T16:21:14.660106
B004449,U004155,C014,Q1-2026,,2026-08-09T16:21:14.660115
B004450,U001788,C006,Q1-2026,-37532.99,2026-08-09T16:21:14.660123
B004451,U004816,C001,2026-13,-33283.42,2026-08-09T16:21:14.660132
B004452,U002802,C016,1981-06,36546.91,2026-08-09T16:21:14.660149
B004453,U003898,C014,2019-08,44236.59,2026-08-09T16:21:14.660167
B004454,U003028,C017,1981-01,20665.26,2026-08-09T16:21:14.660184
B004455,U004528,C009,2010-05,48196.71,2026-08-09T16:21:14.660202
B004456,U001976,C009,2004-09,13718.14,2026-08-09T16:21:14.660220
B004457,U001774,C007,1996-09,9198.69,2026-08-09T16:21:14.660237
B004458,U003101,C011,2022-10,32428.88,2026-08-09T16:21:14.660255
B004459,U003384,C016,2016-06,14259.43,2026-08-09T16:21:14.660273
B004460,U000532,C010,2007-12,14841.35,2026-08-09T16:21:14.660291
B004461,U001644,C010,1971-02,6063.16,2026-08-09T16:21:14.660308
B004462,U001671,C010,1992-05,48643.64,2026-08-09T16:21:14.660325
B004463,U004216,C011,2015-11,5420.18,2026-08-09T16:21:14.660343
B004464,U004093,C012,1998-07,28448.38,2026-08-09T16:21:14.660360
B004465,U004639,C011,2011-05,45656.83,2026-08-09T16:21:14.660378
B004466,U003373,C000,1976-10,2098.33,2026-08-09T16:21:14.660395
B004467,U001714,C007,1992-10,22390.69,2026-08-09T16:21:14.660413
B004468,U001493,C018,1970-01,42151.95,2026-08-09T16:21:14.660430
B004469,U004225,C008,1997-09,31875.01,2026-08-09T16:21:14.660447
B004470,U004619,C005,2026-13,-48538.39,2026-08-09T16:21:14.660456
B004471,U002175,C010,,N/A,2026-08-09T16:21:14.660464
B004472,U001621,C014,1997-09,32062.29,2026-08-09T16:21:14.660481
B004473,U003248,C013,2005-08,2263.24,2026-08-09T16:21:14.660498
B004474,U001179,C013,,-10708.05,2026-08-09T16:21:14.660507
B004475,U000378,C017,2005-10,3883.15,2026-08-09T16:21:14.660524
B004476,U001271,C005,1998-07,29520.97,2026-08-09T16:21:14.660541
B004477,U000132,C019,2018-08,38960.37,2026-08-09T16:21:14.660559
B004478,U001217,C009,1978-04,44625.67,2026-08-09T16:21:14.660576
B004479,U004965,C004,2009-09,8318.12,2026-08-09T16:21:14.660593
B004480,U000269,C002,1996-12,35817.79,2026-08-09T16:21:14.660611
B004481,U002503,C018,1980-10,19712.21,2026-08-09T16:21:14.660629
B004482,U002132,C000,2018-03,23048.66,2026-08-09T16:21:14.660646
B004483,U004846,C010,1994-01,9914.85,2026-08-09T16:21:14.660664
B004484,U004470,C014,Q1-2026,46692,2026-08-09T16:21:14.660672
B004485,U004086,C012,1972-09,22900.79,2026-08-09T16:21:14.660690
B004486,U000412,C014,2022-10,25293.94,2026-08-09T16:21:14.660707
B004487,U003270,C013,1995-10,49027.3,2026-08-09T16:21:14.660725
B004488,U002528,C017,2002-11,11106.83,2026-08-09T16:21:14.660742
B004489,U000039,C018,2016-01,31692.79,2026-08-09T16:21:14.660759
B004490,U003346,C016,2011-01,7946.87,2026-08-09T16:21:14.660777
B004491,U002916,C000,2019-02,26473.58,2026-08-09T16:21:14.660794
B004492,U001480,C010,2017-11,39358.61,2026-08-09T16:21:14.660812
B004493,U004676,C015,1993-04,39639.92,2026-08-09T16:21:14.660829
B004494,U004633,C004,2002-03,10543.65,2026-08-09T16:21:14.660846
B004495,U001169,C010,2007-03,22401.82,2026-08-09T16:21:14.660863
B004496,U003996,C007,2026-05,31604.04,2026-08-09T16:21:14.660881
B004497,U003382,C017,1998-06,41003.68,2026-08-09T16:21:14.660898
B004498,U001356,C015,1988-06,48047.55,2026-08-09T16:21:14.660968
B004499,U002215,C014,1988-12,8850.02,2026-08-09T16:21:14.660991
B004500,U000261,C008,1970-08,31905.3,2026-08-09T16:21:14.661012
B004501,U003526,C013,2019-10,19893.9,2026-08-09T16:21:14.661032
B004502,U000820,C009,Q1-2026,Rs.36446.1,2026-08-09T16:21:14.661041
B004503,U003100,C016,1973-02,19798.82,2026-08-09T16:21:14.661060
B004504,U004496,C012,2006-05,37889.99,2026-08-09T16:21:14.661078
B004505,U004274,C015,1985-09,47132.9,2026-08-09T16:21:14.661097
B004506,U001387,C008,1990-08,48593.45,2026-08-09T16:21:14.661114
B004507,U002087,C000,1972-08,37698.04,2026-08-09T16:21:14.661132
B004508,U002950,C002,2009-11,26011.87,2026-08-09T16:21:14.661151
B004509,U002654,C013,2003-12,40002.1,2026-08-09T16:21:14.661168
B004510,U002455,C008,1978-11,2362.03,2026-08-09T16:21:14.661186
B004511,U004425,C007,2004-07,34773.21,2026-08-09T16:21:14.661204
B004512,U000831,C017,2025-01,12386.22,2026-08-09T16:21:14.661221
B004513,U003236,C018,Q1-2026,,2026-08-09T16:21:14.661230
B004514,U001107,C999,2026-01,41630.62,2026-08-09T16:21:14.661247
B004515,U004046,C015,2013-10,30127.37,2026-08-09T16:21:14.661265
B004516,U004996,C017,1971-07,40354.58,2026-08-09T16:21:14.661283
B004517,U001292,C005,2026-13,-3848.18,2026-08-09T16:21:14.661292
B004518,U002521,C005,1974-08,1563.66,2026-08-09T16:21:14.661309
B004519,U001969,C018,2022-08,4979.31,2026-08-09T16:21:14.661327
B004520,U000049,C006,2004-08,12125.87,2026-08-09T16:21:14.661345
B004521,U001776,C002,2010-03,14561.53,2026-08-09T16:21:14.661364
B004522,U004532,C005,2026-13,-8406.4,2026-08-09T16:21:14.661372
B004523,U004499,C019,2009-01,45757.81,2026-08-09T16:21:14.661390
B004524,U000286,C003,1978-05,9154.79,2026-08-09T16:21:14.661407
B004525,U000148,C007,1990-02,4893.18,2026-08-09T16:21:14.661425
B004526,U003980,C999,1995-05,16016.8,2026-08-09T16:21:14.661443
B004527,U000112,C000,1978-12,34960.82,2026-08-09T16:21:14.661460
B004528,U004766,C999,1986-05,49884.26,2026-08-09T16:21:14.661478
B004529,U003792,C012,1983-06,43442.28,2026-08-09T16:21:14.661537
B004530,U001741,C005,1988-10,46951.16,2026-08-09T16:21:14.661562
B004531,U004338,C007,1987-03,12866.36,2026-08-09T16:21:14.661582
B004532,U004180,C015,1974-06,5695.49,2026-08-09T16:21:14.661602
B004533,U002560,C009,1989-11,35941.95,2026-08-09T16:21:14.661620
B004534,U000944,C003,1998-04,23265.15,2026-08-09T16:21:14.661638
B004535,U004525,C014,1973-10,549.63,2026-08-09T16:21:14.661656
B004536,U004366,C005,1995-01,45306.62,2026-08-09T16:21:14.661674
B004537,U000436,C001,1981-07,31166.0,2026-08-09T16:21:14.661692
B004538,U004257,C000,2001-03,43053.77,2026-08-09T16:21:14.661711
B004539,U001655,C009,2013-08,31358.7,2026-08-09T16:21:14.661729
B004540,U000934,C005,2011-01,41870.4,2026-08-09T16:21:14.661747
B004541,U003116,C000,2014-08,1260.11,2026-08-09T16:21:14.661765
B004542,U001758,C005,1979-04,13272.28,2026-08-09T16:21:14.661782
B004543,U001912,C004,Q1-2026,Rs.36804.01,2026-08-09T16:21:14.661792
B004544,U002156,C005,2015-05,18053.69,2026-08-09T16:21:14.661809
B004545,U000351,C005,1987-11,4422.01,2026-08-09T16:21:14.661827
B004546,U003577,C014,1975-02,28204.34,2026-08-09T16:21:14.661844
B004547,U001356,C016,2019-10,47728.87,2026-08-09T16:21:14.661862
B004548,U001371,C012,2014-07,24710.43,2026-08-09T16:21:14.661880
B004549,U000683,C012,,-25281.78,2026-08-09T16:21:14.661889
B004550,U003836,C017,2017-12,20577.61,2026-08-09T16:21:14.661932
B004551,U004897,C000,1996-01,8984.12,2026-08-09T16:21:14.661965
B004552,U001546,C016,,43734.9,2026-08-09T16:21:14.661976
B004553,U001915,C000,1971-12,8539.9,2026-08-09T16:21:14.661996
B004554,U004697,C009,2026-13,24171.54,2026-08-09T16:21:14.662005
B004555,U001709,C999,1998-08,42857.93,2026-08-09T16:21:14.662023
B004556,U000097,C011,1998-05,39599.12,2026-08-09T16:21:14.662041
B004557,U004275,C008,2026-13,Rs.3041.82,2026-08-09T16:21:14.662051
B004558,U002619,C000,1970-05,26385.61,2026-08-09T16:21:14.662068
B004559,U001341,C017,1988-08,14567.76,2026-08-09T16:21:14.662086
B004560,U003658,C001,1987-11,11641.92,2026-08-09T16:21:14.662104
B004561,U002052,C013,1981-05,22609.69,2026-08-09T16:21:14.662122
B004562,U000056,C017,2001-03,32755.99,2026-08-09T16:21:14.662140
B004563,U000072,C999,1970-02,22480.81,2026-08-09T16:21:14.662157
B004564,U002409,C001,1981-01,16993.73,2026-08-09T16:21:14.662175
B004565,U002637,C010,1992-03,35897.13,2026-08-09T16:21:14.662192
B004566,U004075,C005,,N/A,2026-08-09T16:21:14.662201
B004567,U001985,C004,2005-01,27429.41,2026-08-09T16:21:14.662218
B004568,U000965,C017,1997-01,45389.67,2026-08-09T16:21:14.662236
B004569,U002957,C003,1994-10,4508.65,2026-08-09T16:21:14.662253
B004570,U001583,C008,1982-04,1394.14,2026-08-09T16:21:14.662271
B004571,U003140,C017,2005-01,1561.39,2026-08-09T16:21:14.662289
B004572,U004886,C001,1990-12,18200.2,2026-08-09T16:21:14.662306
B004573,U000339,C012,2013-07,15746.76,2026-08-09T16:21:14.662324
B004574,U003842,C999,Q1-2026,41597.74,2026-08-09T16:21:14.662333
B004575,U000636,C002,2011-12,23049.81,2026-08-09T16:21:14.662350
B004576,U002224,C017,2025-02,17588.67,2026-08-09T16:21:14.662368
B004577,U003433,C018,1989-10,21787.15,2026-08-09T16:21:14.662385
B004578,U003322,C006,2015-02,31541.46,2026-08-09T16:21:14.662403
B004579,U002085,C001,,N/A,2026-08-09T16:21:14.662411
B004580,U002439,C017,2018-03,34240.15,2026-08-09T16:21:14.662428
B004581,U004443,C016,1993-02,6032.31,2026-08-09T16:21:14.662446
B004582,U001018,C003,,Rs.41049.1,2026-08-09T16:21:14.662455
B004583,U003294,C014,1993-07,21954.52,2026-08-09T16:21:14.662472
B004584,U004787,C010,1980-04,6471.02,2026-08-09T16:21:14.662490
B004585,U000237,C003,2014-02,24202.12,2026-08-09T16:21:14.662508
B004586,U000774,C014,2000-04,21114.06,2026-08-09T16:21:14.662525
B004587,U003958,C014,1987-12,37921.54,2026-08-09T16:21:14.662543
B004588,U001249,C006,Q1-2026,219,2026-08-09T16:21:14.662552
B004589,U001884,C009,2000-12,22611.29,2026-08-09T16:21:14.662569
B004590,U003607,C014,2001-04,32859.36,2026-08-09T16:21:14.662587
B004591,U001553,C004,2014-03,2975.34,2026-08-09T16:21:14.662604
B004592,U004817,C999,2016-11,34489.13,2026-08-09T16:21:14.662622
B004593,U004293,C018,1980-05,27785.88,2026-08-09T16:21:14.662640
B004594,U002955,C016,2018-12,24947.56,2026-08-09T16:21:14.662657
B004595,U001404,C019,1999-06,30388.12,2026-08-09T16:21:14.662674
B004596,U001760,C999,1988-11,36240.42,2026-08-09T16:21:14.662694
B004597,U000130,C005,1995-06,35004.39,2026-08-09T16:21:14.662712
B004598,U001988,C018,2019-09,25156.43,2026-08-09T16:21:14.662729
B004599,U001601,C019,2001-07,39997.5,2026-08-09T16:21:14.662747
B004600,U003146,C009,1978-10,26690.44,2026-08-09T16:21:14.662764
B004601,U003726,C007,1986-05,29280.95,2026-08-09T16:21:14.662782
B004602,U003218,C011,2024-05,6552.23,2026-08-09T16:21:14.662799
B004603,U000634,C017,2002-06,36654.81,2026-08-09T16:21:14.662817
B004604,U003718,C012,1987-07,8309.42,2026-08-09T16:21:14.662835
B004605,U003877,C007,1982-08,16681.18,2026-08-09T16:21:14.662852
B004606,U001849,C007,1975-11,42845.81,2026-08-09T16:21:14.662870
B004607,U003198,C999,1983-08,7910.3,2026-08-09T16:21:14.662888
B004608,U003367,C013,2019-04,9729.64,2026-08-09T16:21:14.662946
B004609,U000484,C003,1994-02,13097.54,2026-08-09T16:21:14.662976
B004610,U000752,C011,1980-11,19923.9,2026-08-09T16:21:14.662998
B004611,U002812,C005,1972-01,48614.89,2026-08-09T16:21:14.663018
B004612,U003286,C005,2024-03,39987.55,2026-08-09T16:21:14.663037
B004613,U003437,C005,1991-01,44345.84,2026-08-09T16:21:14.663055
B004614,U003763,C001,1982-03,14172.79,2026-08-09T16:21:14.663074
B004615,U002974,C003,1993-02,37012.42,2026-08-09T16:21:14.663091
B004616,U002510,C006,1984-10,13552.05,2026-08-09T16:21:14.663109
B004617,U001206,C002,2022-02,3884.03,2026-08-09T16:21:14.663127
B004618,U002172,C018,1981-07,13256.18,2026-08-09T16:21:14.663145
B004619,U002723,C015,2018-09,32080.84,2026-08-09T16:21:14.663162
B004620,U000663,C999,2014-01,27715.13,2026-08-09T16:21:14.663180
B004621,U001471,C999,2013-03,38416.09,2026-08-09T16:21:14.663198
B004622,U004142,C003,2022-07,44962.58,2026-08-09T16:21:14.663216
B004623,U000911,C003,,,2026-08-09T16:21:14.663243
B004624,U002061,C012,1993-12,14420.79,2026-08-09T16:21:14.663263
B004625,U004105,C014,1979-03,8684.74,2026-08-09T16:21:14.663281
B004626,U001673,C010,2000-04,10728.24,2026-08-09T16:21:14.663298
B004627,U004327,C015,1994-02,18739.11,2026-08-09T16:21:14.663316
B004628,U000968,C011,2007-09,12000.88,2026-08-09T16:21:14.663334
B004629,U003806,C010,2026-13,13061.92,2026-08-09T16:21:14.663343
B004630,U004333,C007,1972-08,42833.04,2026-08-09T16:21:14.663360
B004631,U004659,C005,1992-08,45870.89,2026-08-09T16:21:14.663377
B004632,U000399,C010,1997-03,47893.45,2026-08-09T16:21:14.663395
B004633,U004568,C005,2026-05,13011.17,2026-08-09T16:21:14.663412
B004634,U000624,C000,1989-10,36213.66,2026-08-09T16:21:14.663430
B004635,U002056,C012,,-45205.41,2026-08-09T16:21:14.663439
B004636,U003145,C005,1990-02,15433.84,2026-08-09T16:21:14.663456
B004637,U000581,C008,2014-06,31598.9,2026-08-09T16:21:14.663474
B004638,U003446,C018,,-5720.45,2026-08-09T16:21:14.663483
B004639,U004873,C999,2011-08,20666.89,2026-08-09T16:21:14.663501
B004640,U002535,C019,2012-08,5130.97,2026-08-09T16:21:14.663519
B004641,U000523,C016,1988-07,45643.95,2026-08-09T16:21:14.663537
B004642,U000302,C012,1975-09,16914.89,2026-08-09T16:21:14.663554
B004643,U002181,C014,1970-03,4185.39,2026-08-09T16:21:14.663572
B004644,U000838,C003,2023-05,45020.59,2026-08-09T16:21:14.663589
B004645,U001136,C006,2012-11,4079.02,2026-08-09T16:21:14.663607
B004646,U002083,C001,2026-13,,2026-08-09T16:21:14.663615
B004647,U004432,C013,2007-11,39462.24,2026-08-09T16:21:14.663633
B004648,U004189,C007,1995-01,31947.2,2026-08-09T16:21:14.663650
B004649,U001271,C001,2020-12,27713.67,2026-08-09T16:21:14.663667
B004650,U002164,C019,1977-05,27404.32,2026-08-09T16:21:14.663685
B004651,U000300,C014,2025-04,30927.68,2026-08-09T16:21:14.663702
B004652,U004952,C999,1986-08,37625.08,2026-08-09T16:21:14.663720
B004653,U002140,C005,1980-02,1630.69,2026-08-09T16:21:14.663737
B004654,U000552,C009,2026-13,Rs.13920.45,2026-08-09T16:21:14.663746
B004655,U000113,C999,2008-12,23789.52,2026-08-09T16:21:14.663764
B004656,U001389,C007,2015-06,35280.77,2026-08-09T16:21:14.663781
B004657,U003071,C002,2000-03,35922.96,2026-08-09T16:21:14.663799
B004658,U003016,C005,2004-10,25945.76,2026-08-09T16:21:14.663816
B004659,U002638,C019,1998-06,35437.3,2026-08-09T16:21:14.663833
B004660,U003743,C010,1973-08,32988.31,2026-08-09T16:21:14.663851
B004661,U001747,C015,2005-07,35119.36,2026-08-09T16:21:14.663868
B004662,U001396,C018,2021-08,11488.81,2026-08-09T16:21:14.663885
B004663,U004087,C015,2015-08,28743.33,2026-08-09T16:21:14.663927
B004664,U004921,C999,1999-12,26736.76,2026-08-09T16:21:14.663962
B004665,U003194,C014,1978-07,21733.08,2026-08-09T16:21:14.663985
B004666,U000816,C001,1989-05,18454.9,2026-08-09T16:21:14.664006
B004667,U002233,C017,1998-07,5177.81,2026-08-09T16:21:14.664025
B004668,U002299,C007,Q1-2026,-2793.18,2026-08-09T16:21:14.664035
B004669,U003552,C000,2012-10,43729.89,2026-08-09T16:21:14.664053
B004670,U004518,C999,2014-05,20496.64,2026-08-09T16:21:14.664071
B004671,U003138,C013,2005-08,35837.2,2026-08-09T16:21:14.664089
B004672,U003433,C006,1972-08,17867.75,2026-08-09T16:21:14.664107
B004673,U003217,C000,1971-03,45338.65,2026-08-09T16:21:14.664126
B004674,U000670,C005,1986-04,4362.76,2026-08-09T16:21:14.664144
B004675,U002383,C004,,-8268.08,2026-08-09T16:21:14.664153
B004676,U002340,C003,1976-06,26324.58,2026-08-09T16:21:14.664171
B004677,U001070,C008,2014-11,17268.17,2026-08-09T16:21:14.664189
B004678,U004110,C011,1974-11,49133.55,2026-08-09T16:21:14.664206
B004679,U001918,C010,1973-05,20269.93,2026-08-09T16:21:14.664224
B004680,U001290,C008,1996-06,32049.08,2026-08-09T16:21:14.664242
B004681,U003712,C018,2023-10,16549.29,2026-08-09T16:21:14.664260
B004682,U003418,C011,2013-03,38674.32,2026-08-09T16:21:14.664278
B004683,U001830,C015,2002-10,43775.42,2026-08-09T16:21:14.664296
B004684,U002888,C004,1976-08,16519.6,2026-08-09T16:21:14.664314
B004685,U002711,C017,1991-06,41474.19,2026-08-09T16:21:14.664332
B004686,U004854,C999,1999-08,2578.41,2026-08-09T16:21:14.664350
B004687,U002659,C005,1976-09,42606.49,2026-08-09T16:21:14.664368
B004688,U004824,C999,2013-05,45389.87,2026-08-09T16:21:14.664386
B004689,U004608,C013,2016-07,16394.49,2026-08-09T16:21:14.664404
B004690,U003255,C015,1974-11,12747.21,2026-08-09T16:21:14.664422
B004691,U004618,C019,2005-12,2646.24,2026-08-09T16:21:14.664440
B004692,U001835,C016,,Rs.13467.56,2026-08-09T16:21:14.664449
B004693,U002148,C002,,-28521.8,2026-08-09T16:21:14.664457
B004694,U001175,C013,2005-08,28215.95,2026-08-09T16:21:14.664475
B004695,U002622,C007,2024-11,41859.46,2026-08-09T16:21:14.664493
B004696,U000566,C006,1975-01,33788.99,2026-08-09T16:21:14.664510
B004697,U003949,C012,2006-09,35274.59,2026-08-09T16:21:14.664528
B004698,U002329,C013,1970-12,3525.45,2026-08-09T16:21:14.664545
B004699,U003558,C005,1985-08,1098.06,2026-08-09T16:21:14.664564
B004700,U002901,C004,2026-13,-19899.64,2026-08-09T16:21:14.664572
B004701,U003339,C002,2007-07,3456.7,2026-08-09T16:21:14.664590
B004702,U004305,C015,1990-03,9450.88,2026-08-09T16:21:14.664607
B004703,U001470,C999,1972-05,19126.05,2026-08-09T16:21:14.664625
B004704,U004941,C006,2019-05,32953.99,2026-08-09T16:21:14.664643
B004705,U000336,C009,1987-08,5129.46,2026-08-09T16:21:14.664660
B004706,U000540,C015,2001-03,4260.59,2026-08-09T16:21:14.664678
B004707,U003150,C001,1971-12,49619.23,2026-08-09T16:21:14.664698
B004708,U001895,C001,2006-04,25235.12,2026-08-09T16:21:14.664717
B004709,U002304,C002,2003-03,26461.76,2026-08-09T16:21:14.664735
B004710,U003437,C999,1977-05,40218.97,2026-08-09T16:21:14.664758
B004711,U001480,C000,1997-01,31526.75,2026-08-09T16:21:14.664788
B004712,U000714,C007,1992-12,23566.58,2026-08-09T16:21:14.664827
B004713,U000395,C005,2020-06,34210.83,2026-08-09T16:21:14.664859
B004714,U004754,C007,,24281.29,2026-08-09T16:21:14.664877
B004715,U004085,C014,2005-04,39158.29,2026-08-09T16:21:14.664953
B004716,U003408,C010,1972-02,38264.58,2026-08-09T16:21:14.665001
B004717,U002548,C011,2006-11,17436.21,2026-08-09T16:21:14.665034
B004718,U000476,C006,1987-07,12517.2,2026-08-09T16:21:14.665054
B004719,U000907,C019,2014-09,16547.87,2026-08-09T16:21:14.665073
B004720,U002048,C006,2005-04,17917.83,2026-08-09T16:21:14.665091
B004721,U000909,C003,1988-10,45088.11,2026-08-09T16:21:14.665109
B004722,U001673,C018,2006-09,15763.56,2026-08-09T16:21:14.665127
B004723,U000403,C017,2011-11,30917.26,2026-08-09T16:21:14.665145
B004724,U001574,C007,2018-03,9437.73,2026-08-09T16:21:14.665163
B004725,U000673,C006,2006-10,18267.52,2026-08-09T16:21:14.665181
B004726,U000572,C009,1998-08,48690.5,2026-08-09T16:21:14.665199
B004727,U002755,C000,1972-04,23230.86,2026-08-09T16:21:14.665217
B004728,U002051,C000,2008-05,21613.91,2026-08-09T16:21:14.665235
B004729,U003461,C000,2014-08,19281.51,2026-08-09T16:21:14.665253
B004730,U000869,C010,1992-04,31615.78,2026-08-09T16:21:14.665270
B004731,U002432,C009,2001-11,40750.17,2026-08-09T16:21:14.665289
B004732,U001287,C003,1992-11,46627.95,2026-08-09T16:21:14.665306
B004733,U003441,C009,1997-07,28128.73,2026-08-09T16:21:14.665324
B004734,U002088,C004,2019-04,22663.76,2026-08-09T16:21:14.665341
B004735,U004742,C014,1987-03,12469.92,2026-08-09T16:21:14.665359
B004736,U002309,C001,1988-05,21844.75,2026-08-09T16:21:14.665377
B004737,U003915,C005,1998-11,17250.38,2026-08-09T16:21:14.665394
B004738,U001291,C007,2012-02,37028.94,2026-08-09T16:21:14.665412
B004739,U002959,C016,1997-06,31004.0,2026-08-09T16:21:14.665430
B004740,U000914,C005,1999-08,18718.23,2026-08-09T16:21:14.665447
B004741,U002166,C016,1982-07,49318.33,2026-08-09T16:21:14.665465
B004742,U000693,C018,1989-10,33498.15,2026-08-09T16:21:14.665482
B004743,U004828,C009,2014-04,41509.27,2026-08-09T16:21:14.665547
B004744,U000676,C012,2013-09,33938.13,2026-08-09T16:21:14.665571
B004745,U004770,C002,2019-04,37459.51,2026-08-09T16:21:14.665590
B004746,U002263,C010,2007-10,41812.18,2026-08-09T16:21:14.665609
B004747,U002401,C009,1984-10,21633.62,2026-08-09T16:21:14.665628
B004748,U001182,C007,2006-08,41235.07,2026-08-09T16:21:14.665668
B004749,U002112,C002,,8502.05,2026-08-09T16:21:14.665678
B004750,U004311,C012,2019-05,24780.8,2026-08-09T16:21:14.665696
B004751,U002094,C015,2004-09,44530.06,2026-08-09T16:21:14.665715
B004752,U004113,C018,2016-12,23501.6,2026-08-09T16:21:14.665733
B004753,U002839,C001,1993-01,6255.5,2026-08-09T16:21:14.665751
B004754,U003078,C014,2009-10,46944.91,2026-08-09T16:21:14.665769
B004755,U001871,C013,2007-12,24509.73,2026-08-09T16:21:14.665787
B004756,U002815,C001,1971-12,37147.76,2026-08-09T16:21:14.665806
B004757,U000228,C001,1972-04,39874.87,2026-08-09T16:21:14.665824
B004758,U000628,C014,1971-12,24183.05,2026-08-09T16:21:14.665841
B004759,U004057,C007,1990-03,13499.79,2026-08-09T16:21:14.665859
B004760,U000351,C007,2003-06,5301.24,2026-08-09T16:21:14.665877
B004761,U002441,C000,Q1-2026,N/A,2026-08-09T16:21:14.665885
B004762,U000719,C012,2023-09,44263.27,2026-08-09T16:21:14.665929
B004763,U002651,C005,2001-01,24394.91,2026-08-09T16:21:14.665966
B004764,U001467,C016,1985-06,35584.41,2026-08-09T16:21:14.665989
B004765,U001648,C004,2025-01,38016.43,2026-08-09T16:21:14.666010
B004766,U004013,C016,2021-01,16929.13,2026-08-09T16:21:14.666029
B004767,U002908,C001,,Rs.45364.41,2026-08-09T16:21:14.666039
B004768,U000575,C011,2001-02,17935.11,2026-08-09T16:21:14.666056
B004769,U002663,C011,2013-01,41794.18,2026-08-09T16:21:14.666075
B004770,U000663,C013,2015-03,20735.0,2026-08-09T16:21:14.666092
B004771,U002470,C001,1993-08,28288.0,2026-08-09T16:21:14.666110
B004772,U001957,C012,2005-10,12551.7,2026-08-09T16:21:14.666128
B004773,U002798,C018,2017-09,44131.59,2026-08-09T16:21:14.666146
B004774,U003385,C003,1975-12,43182.3,2026-08-09T16:21:14.666164
B004775,U001696,C018,,-20772.15,2026-08-09T16:21:14.666173
B004776,U003042,C002,1970-07,25542.88,2026-08-09T16:21:14.666191
B004777,U004972,C012,2002-07,3378.13,2026-08-09T16:21:14.666208
B004778,U001190,C999,1976-03,35454.05,2026-08-09T16:21:14.666226
B004779,U003694,C009,1994-10,27906.57,2026-08-09T16:21:14.666244
B004780,U003177,C018,2001-12,24309.34,2026-08-09T16:21:14.666261
B004781,U003946,C018,1998-05,37685.68,2026-08-09T16:21:14.666279
B004782,U004968,C013,1995-05,36978.89,2026-08-09T16:21:14.666296
B004783,U003480,C007,2026-13,,2026-08-09T16:21:14.666304
B004784,U001678,C012,Q1-2026,43753.92,2026-08-09T16:21:14.666312
B004785,U002847,C018,1974-02,36591.42,2026-08-09T16:21:14.666330
B004786,U001090,C007,2016-09,226.18,2026-08-09T16:21:14.666347
B004787,U003954,C009,2023-11,20274.27,2026-08-09T16:21:14.666365
B004788,U000081,C003,1998-05,24398.0,2026-08-09T16:21:14.666383
B004789,U000884,C019,1976-07,4532.94,2026-08-09T16:21:14.666400
B004790,U003483,C007,1992-07,23339.88,2026-08-09T16:21:14.666418
B004791,U000139,C016,1992-12,18147.41,2026-08-09T16:21:14.666435
B004792,U003181,C000,2000-03,21008.86,2026-08-09T16:21:14.666452
B004793,U001578,C000,2001-10,20667.27,2026-08-09T16:21:14.666470
B004794,U003853,C006,1982-08,32062.25,2026-08-09T16:21:14.666487
B004795,U003725,C011,1971-01,19585.73,2026-08-09T16:21:14.666504
B004796,U001361,C019,2018-07,26046.66,2026-08-09T16:21:14.666522
B004797,U000015,C009,2000-11,43994.83,2026-08-09T16:21:14.666540
B004798,U000289,C006,1991-06,42758.7,2026-08-09T16:21:14.666557
B004799,U001664,C000,1976-02,10907.9,2026-08-09T16:21:14.666574
B004800,U001566,C005,1980-03,35475.32,2026-08-09T16:21:14.666591
B004801,U003120,C006,1975-06,37410.0,2026-08-09T16:21:14.666609
B004802,U001878,C010,1973-02,41954.25,2026-08-09T16:21:14.666626
B004803,U004561,C016,Q1-2026,-37642.26,2026-08-09T16:21:14.666635
B004804,U004424,C000,1991-07,34339.75,2026-08-09T16:21:14.666652
B004805,U004773,C010,1988-06,25283.73,2026-08-09T16:21:14.666670
B004806,U001136,C002,2022-07,28113.48,2026-08-09T16:21:14.666687
B004807,U000524,C003,1991-10,4703.42,2026-08-09T16:21:14.666705
B004808,U004116,C002,1978-09,23336.97,2026-08-09T16:21:14.666723
B004809,U000245,C006,1994-11,31881.02,2026-08-09T16:21:14.666740
B004810,U003221,C007,1976-04,19620.22,2026-08-09T16:21:14.666758
B004811,U002488,C015,2019-01,8767.59,2026-08-09T16:21:14.666775
B004812,U002017,C005,,Rs.47583.33,2026-08-09T16:21:14.666784
B004813,U002754,C000,1982-05,9632.81,2026-08-09T16:21:14.666801
B004814,U004025,C019,1976-02,2471.93,2026-08-09T16:21:14.666819
B004815,U004925,C008,1994-12,49394.58,2026-08-09T16:21:14.666836
B004816,U001842,C015,,N/A,2026-08-09T16:21:14.666844
B004817,U000881,C006,2003-08,7773.47,2026-08-09T16:21:14.666861
B004818,U002809,C004,1995-08,42272.75,2026-08-09T16:21:14.666879
B004819,U002703,C013,1979-10,22586.88,2026-08-09T16:21:14.666896
B004820,U002804,C001,Q1-2026,Rs.12483.75,2026-08-09T16:21:14.666930
B004821,U004550,C001,2019-01,22809.5,2026-08-09T16:21:14.666963
B004822,U003260,C010,2026-13,14209.1,2026-08-09T16:21:14.666973
B004823,U004291,C019,2014-07,3621.73,2026-08-09T16:21:14.666994
B004824,U004910,C016,2023-06,11905.56,2026-08-09T16:21:14.667013
B004825,U001386,C000,2003-01,45347.67,2026-08-09T16:21:14.667031
B004826,U000989,C008,Q1-2026,,2026-08-09T16:21:14.667039
B004827,U000731,C007,2022-07,20003.94,2026-08-09T16:21:14.667057
B004828,U002883,C014,,-41958.86,2026-08-09T16:21:14.667066
B004829,U001364,C004,2014-10,35159.88,2026-08-09T16:21:14.667084
B004830,U003168,C003,2006-03,41985.66,2026-08-09T16:21:14.667102
B004831,U002202,C018,2023-04,33323.83,2026-08-09T16:21:14.667120
B004832,U001073,C018,,Rs.28099.33,2026-08-09T16:21:14.667129
B004833,U001554,C008,1997-08,37020.28,2026-08-09T16:21:14.667146
B004834,U003934,C013,1990-08,43173.43,2026-08-09T16:21:14.667164
B004835,U001947,C017,Q1-2026,Rs.42213.6,2026-08-09T16:21:14.667173
B004836,U000278,C018,2001-06,42542.26,2026-08-09T16:21:14.667191
B004837,U004868,C011,2005-09,36015.94,2026-08-09T16:21:14.667209
B004838,U004223,C006,2006-08,7090.94,2026-08-09T16:21:14.667226
B004839,U002986,C018,2004-12,37833.18,2026-08-09T16:21:14.667244
B004840,U000125,C003,1995-07,28962.88,2026-08-09T16:21:14.667262
B004841,U001263,C999,1996-05,22989.13,2026-08-09T16:21:14.667280
B004842,U000868,C017,1983-02,38752.31,2026-08-09T16:21:14.667297
B004843,U003356,C001,1982-06,35276.61,2026-08-09T16:21:14.667315
B004844,U000340,C014,2012-12,6799.25,2026-08-09T16:21:14.667332
B004845,U000238,C007,2013-10,46321.55,2026-08-09T16:21:14.667350
B004846,U004510,C017,1975-04,5018.89,2026-08-09T16:21:14.667368
B004847,U000093,C018,Q1-2026,21351.9,2026-08-09T16:21:14.667376
B004848,U001800,C014,1994-01,8202.95,2026-08-09T16:21:14.667393
B004849,U003635,C007,,,2026-08-09T16:21:14.667402
B004850,U003074,C011,2020-08,21032.17,2026-08-09T16:21:14.667419
B004851,U000824,C018,Q1-2026,Rs.34829.01,2026-08-09T16:21:14.667428
B004852,U002670,C015,1979-10,40278.39,2026-08-09T16:21:14.667445
B004853,U001587,C018,2023-02,20407.84,2026-08-09T16:21:14.667463
B004854,U002602,C008,2016-10,19560.76,2026-08-09T16:21:14.667480
B004855,U004923,C007,1985-01,3803.97,2026-08-09T16:21:14.667498
B004856,U004890,C000,2021-05,29521.28,2026-08-09T16:21:14.667515
B004857,U002799,C008,1984-04,49386.79,2026-08-09T16:21:14.667532
B004858,U004363,C015,1974-12,37315.73,2026-08-09T16:21:14.667550
B004859,U000410,C011,1993-08,25879.03,2026-08-09T16:21:14.667567
B004860,U004372,C003,1972-02,2916.08,2026-08-09T16:21:14.667584
B004861,U001739,C003,1984-12,6838.56,2026-08-09T16:21:14.667602
B004862,U001442,C013,2013-05,41957.62,2026-08-09T16:21:14.667620
B004863,U002590,C008,1990-12,49222.09,2026-08-09T16:21:14.667637
B004864,U000398,C001,1994-05,28181.9,2026-08-09T16:21:14.667654
B004865,U002505,C000,1986-01,42472.31,2026-08-09T16:21:14.667671
B004866,U003162,C003,1989-07,41600.82,2026-08-09T16:21:14.667689
B004867,U003824,C000,2007-05,2053.86,2026-08-09T16:21:14.667706
B004868,U004750,C001,2026-13,,2026-08-09T16:21:14.667715
B004869,U002110,C012,2011-11,22056.99,2026-08-09T16:21:14.667732
B004870,U001898,C999,1978-02,15458.42,2026-08-09T16:21:14.667749
B004871,U001998,C012,2021-02,37664.34,2026-08-09T16:21:14.667767
B004872,U004700,C999,1993-06,48471.14,2026-08-09T16:21:14.667784
B004873,U002263,C003,2003-09,10541.29,2026-08-09T16:21:14.667820
B004874,U002604,C018,2011-03,18904.37,2026-08-09T16:21:14.667838
B004875,U001794,C004,2026-13,-10064.38,2026-08-09T16:21:14.667847
B004876,U004436,C999,1990-11,12663.42,2026-08-09T16:21:14.667865
B004877,U001434,C011,1974-11,31516.63,2026-08-09T16:21:14.667882
B004878,U004775,C999,2008-02,2102.06,2026-08-09T16:21:14.667921
B004879,U004924,C009,2002-06,42992.35,2026-08-09T16:21:14.667958
B004880,U000263,C005,Q1-2026,-28874.86,2026-08-09T16:21:14.667969
B004881,U004626,C014,2020-01,31076.17,2026-08-09T16:21:14.667991
B004882,U004830,C001,2017-04,36437.61,2026-08-09T16:21:14.668010
B004883,U001142,C007,2022-10,27895.53,2026-08-09T16:21:14.668028
B004884,U003430,C014,2016-04,19465.55,2026-08-09T16:21:14.668046
B004885,U003172,C005,2001-07,42078.75,2026-08-09T16:21:14.668065
B004886,U002622,C002,1984-05,44713.24,2026-08-09T16:21:14.668082
B004887,U002537,C000,1998-08,32386.81,2026-08-09T16:21:14.668100
B004888,U003853,C017,2016-11,10901.2,2026-08-09T16:21:14.668118
B004889,U002377,C999,1977-08,9729.28,2026-08-09T16:21:14.668136
B004890,U004182,C006,2004-02,20379.28,2026-08-09T16:21:14.668154
B004891,U004656,C006,2015-11,31685.62,2026-08-09T16:21:14.668172
B004892,U003667,C000,2015-09,9026.22,2026-08-09T16:21:14.668189
B004893,U001985,C016,1995-02,8350.54,2026-08-09T16:21:14.668207
B004894,U001002,C011,,N/A,2026-08-09T16:21:14.668215
B004895,U001828,C003,2003-08,3893.18,2026-08-09T16:21:14.668232
B004896,U003399,C001,2022-09,17062.6,2026-08-09T16:21:14.668250
B004897,U003325,C014,2011-08,24669.71,2026-08-09T16:21:14.668268
B004898,U004576,C017,1987-09,30342.69,2026-08-09T16:21:14.668286
B004899,U001865,C001,1979-10,46094.15,2026-08-09T16:21:14.668303
B004900,U003636,C010,1996-11,40193.32,2026-08-09T16:21:14.668321
B004901,U002928,C016,1993-08,31216.05,2026-08-09T16:21:14.668338
B004902,U001951,C000,2009-11,10468.62,2026-08-09T16:21:14.668356
B004903,U003587,C015,Q1-2026,N/A,2026-08-09T16:21:14.668364
B004904,U002181,C019,1997-07,23612.72,2026-08-09T16:21:14.668381
B004905,U003096,C010,2007-05,17086.77,2026-08-09T16:21:14.668399
B004906,U000525,C006,1976-11,46172.2,2026-08-09T16:21:14.668416
B004907,U003393,C015,1994-09,47401.79,2026-08-09T16:21:14.668434
B004908,U000776,C009,2017-10,15824.59,2026-08-09T16:21:14.668451
B004909,U001455,C011,2020-07,22175.69,2026-08-09T16:21:14.668469
B004910,U002434,C016,1970-03,26596.86,2026-08-09T16:21:14.668486
B004911,U002647,C004,1979-08,36017.83,2026-08-09T16:21:14.668503
B004912,U004944,C018,2009-04,48357.39,2026-08-09T16:21:14.668521
B004913,U004264,C011,1980-10,47414.47,2026-08-09T16:21:14.668538
B004914,U000843,C003,1980-10,15740.57,2026-08-09T16:21:14.668556
B004915,U002045,C007,1978-10,27176.87,2026-08-09T16:21:14.668573
B004916,U002619,C014,1989-12,21396.97,2026-08-09T16:21:14.668591
B004917,U004050,C001,1991-10,32453.98,2026-08-09T16:21:14.668608
B004918,U003389,C017,2026-13,,2026-08-09T16:21:14.668616
B004919,U001716,C002,2001-07,42975.46,2026-08-09T16:21:14.668633
B004920,U003554,C010,1978-02,35130.36,2026-08-09T16:21:14.668650
B004921,U003972,C010,2023-06,25462.18,2026-08-09T16:21:14.668668
B004922,U002036,C999,2010-10,14966.77,2026-08-09T16:21:14.668685
B004923,U002818,C012,2017-01,10145.5,2026-08-09T16:21:14.668703
B004924,U001692,C017,1981-10,28908.41,2026-08-09T16:21:14.668720
B004925,U002945,C004,1984-06,13952.03,2026-08-09T16:21:14.668738
B004926,U000439,C010,1976-12,3865.75,2026-08-09T16:21:14.668756
B004927,U002762,C015,2008-12,42662.96,2026-08-09T16:21:14.668773
B004928,U001093,C012,1989-07,9627.0,2026-08-09T16:21:14.668791
B004929,U001659,C005,2017-09,48076.1,2026-08-09T16:21:14.668808
B004930,U001190,C014,2002-08,4442.77,2026-08-09T16:21:14.668826
B004931,U004303,C012,1989-11,38647.2,2026-08-09T16:21:14.668843
B004932,U004188,C999,2022-08,18897.9,2026-08-09T16:21:14.668861
B004933,U001763,C015,2019-04,20904.15,2026-08-09T16:21:14.668878
B004934,U001766,C999,2005-07,23474.95,2026-08-09T16:21:14.668896
B004935,U004558,C011,2013-09,32576.11,2026-08-09T16:21:14.668949
B004936,U004589,C014,2019-01,37607.44,2026-08-09T16:21:14.668974
B004937,U003385,C016,1989-03,4808.18,2026-08-09T16:21:14.668995
B004938,U001550,C003,1990-10,39828.31,2026-08-09T16:21:14.669014
B004939,U004685,C008,2021-02,4522.92,2026-08-09T16:21:14.669032
B004940,U001439,C007,1998-06,6983.5,2026-08-09T16:21:14.669051
B004941,U000007,C012,1973-06,9279.64,2026-08-09T16:21:14.669069
B004942,U004749,C008,2021-03,43378.4,2026-08-09T16:21:14.669087
B004943,U004110,C011,,Rs.17092.88,2026-08-09T16:21:14.669096
B004944,U001345,C010,2006-08,26943.22,2026-08-09T16:21:14.669114
B004945,U001958,C002,1999-10,13071.33,2026-08-09T16:21:14.669131
B004946,U001902,C011,,-11240.65,2026-08-09T16:21:14.669140
B004947,U004137,C004,1979-09,21560.31,2026-08-09T16:21:14.669157
B004948,U002480,C019,1970-10,463.49,2026-08-09T16:21:14.669175
B004949,U004747,C017,1978-11,47561.63,2026-08-09T16:21:14.669193
B004950,U000821,C013,1974-01,41417.63,2026-08-09T16:21:14.669211
B004951,U003577,C999,1992-02,6972.69,2026-08-09T16:21:14.669229
B004952,U000803,C001,1981-08,26230.21,2026-08-09T16:21:14.669246
B004953,U004422,C013,1971-11,45362.08,2026-08-09T16:21:14.669264
B004954,U002393,C999,2007-08,10524.25,2026-08-09T16:21:14.669282
B004955,U000414,C016,2007-03,41202.04,2026-08-09T16:21:14.669299
B004956,U001432,C006,1981-12,1024.03,2026-08-09T16:21:14.669317
B004957,U002961,C017,1999-12,21973.72,2026-08-09T16:21:14.669335
B004958,U002371,C012,1975-12,23346.87,2026-08-09T16:21:14.669352
B004959,U001748,C012,2014-04,10474.77,2026-08-09T16:21:14.669370
B004960,U001999,C000,1978-07,42597.99,2026-08-09T16:21:14.669387
B004961,U000343,C003,1996-08,23459.78,2026-08-09T16:21:14.669404
B004962,U001247,C016,1995-07,38476.69,2026-08-09T16:21:14.669422
B004963,U001699,C012,1983-10,15586.71,2026-08-09T16:21:14.669439
B004964,U002326,C015,,N/A,2026-08-09T16:21:14.669448
B004965,U001962,C008,2019-09,42663.14,2026-08-09T16:21:14.669465
B004966,U000283,C007,1977-02,47139.82,2026-08-09T16:21:14.669512
B004967,U000444,C012,,Rs.11751.08,2026-08-09T16:21:14.669529
B004968,U001177,C016,1995-04,13713.34,2026-08-09T16:21:14.669557
B004969,U002506,C002,2010-10,14512.31,2026-08-09T16:21:14.669579
B004970,U002713,C014,Q1-2026,45690.27,2026-08-09T16:21:14.669589
B004971,U001333,C018,1994-11,17606.25,2026-08-09T16:21:14.669608
B004972,U000661,C999,1994-08,101.62,2026-08-09T16:21:14.669626
B004973,U003497,C002,2004-10,1828.89,2026-08-09T16:21:14.669644
B004974,U003396,C001,2021-08,36991.26,2026-08-09T16:21:14.669663
B004975,U001496,C012,2014-12,44551.6,2026-08-09T16:21:14.669681
B004976,U004842,C000,2018-09,31860.74,2026-08-09T16:21:14.669699
B004977,U002748,C006,2002-11,25560.51,2026-08-09T16:21:14.669716
B004978,U000867,C012,2017-10,44561.49,2026-08-09T16:21:14.669734
B004979,U002558,C008,2013-02,3638.84,2026-08-09T16:21:14.669752
B004980,U003185,C999,,Rs.27288.99,2026-08-09T16:21:14.669761
B004981,U001809,C004,2000-06,45459.79,2026-08-09T16:21:14.669779
B004982,U000458,C005,1995-04,45559.65,2026-08-09T16:21:14.669797
B004983,U001732,C016,2009-12,28616.05,2026-08-09T16:21:14.669815
B004984,U002082,C000,2012-08,23051.14,2026-08-09T16:21:14.669833
B004985,U000125,C014,2003-01,37799.91,2026-08-09T16:21:14.669850
B004986,U003070,C000,1978-07,8454.85,2026-08-09T16:21:14.669868
B004987,U000209,C011,2002-07,31938.31,2026-08-09T16:21:14.669885
B004988,U003486,C013,1985-03,22230.88,2026-08-09T16:21:14.669924
B004989,U002783,C007,2004-07,46505.29,2026-08-09T16:21:14.669962
B004990,U000999,C015,2014-07,38200.33,2026-08-09T16:21:14.669985
B004991,U004709,C010,1981-05,17848.02,2026-08-09T16:21:14.670005
B004992,U000540,C005,1997-09,28149.71,2026-08-09T16:21:14.670024
B004993,U004525,C005,2006-01,14642.41,2026-08-09T16:21:14.670042
B004994,U001456,C005,1998-01,299.27,2026-08-09T16:21:14.670060
B004995,U004158,C017,2025-12,3620.52,2026-08-09T16:21:14.670078
B004996,U001482,C001,2016-12,25455.46,2026-08-09T16:21:14.670096
B004997,U002901,C004,2012-06,5542.03,2026-08-09T16:21:14.670114
B004998,U003215,C017,1992-10,189.24,2026-08-09T16:21:14.670153
B004999,U001293,C013,1998-07,30367.79,2026-08-09T16:21:14.670171
B005000,U000372,C010,2010-02,37964.58,2026-08-09T16:21:14.670190
B005001,U001867,C004,2004-02,13935.09,2026-08-09T16:21:14.670208
B005002,U000519,C007,2019-08,44371.18,2026-08-09T16:21:14.670226
B005003,U000443,C007,2021-07,40918.6,2026-08-09T16:21:14.670244
B005004,U001382,C011,1988-09,2300.92,2026-08-09T16:21:14.670261
B005005,U003984,C008,1992-11,30021.7,2026-08-09T16:21:14.670279
B005006,U001963,C017,1993-12,11525.39,2026-08-09T16:21:14.670305
B005007,U002422,C001,1994-11,37936.54,2026-08-09T16:21:14.670333
B005008,U001900,C015,1998-05,32121.5,2026-08-09T16:21:14.670359
B005009,U001724,C019,2013-03,29205.76,2026-08-09T16:21:14.670387
B005010,U004605,C011,1971-10,36871.49,2026-08-09T16:21:14.670416
B005011,U001841,C000,Q1-2026,Rs.20550.24,2026-08-09T16:21:14.670432
B005012,U004559,C013,Q1-2026,-12297.14,2026-08-09T16:21:14.670446
B005013,U004221,C010,1974-04,40608.79,2026-08-09T16:21:14.670475
B005014,U000468,C008,1976-12,46868.32,2026-08-09T16:21:14.670493
B005015,U004059,C003,2010-05,16735.65,2026-08-09T16:21:14.670511
B005016,U002580,C003,Q1-2026,-6271.61,2026-08-09T16:21:14.670520
B005017,U000858,C001,2013-12,30718.31,2026-08-09T16:21:14.670544
B005018,U002366,C008,2019-06,23531.31,2026-08-09T16:21:14.670578
B005019,U004653,C003,1997-05,34593.83,2026-08-09T16:21:14.670614
B005020,U003968,C008,2003-10,42706.96,2026-08-09T16:21:14.670650
B005021,U001641,C008,,19730,2026-08-09T16:21:14.670662
B005022,U002269,C016,1989-05,19812.44,2026-08-09T16:21:14.670681
B005023,U003987,C006,1987-02,23948.35,2026-08-09T16:21:14.670700
B005024,U004905,C012,2021-10,20249.02,2026-08-09T16:21:14.670717
B005025,U003624,C004,2001-05,10963.91,2026-08-09T16:21:14.670735
B005026,U000475,C009,2000-03,42561.55,2026-08-09T16:21:14.670752
B005027,U002157,C003,1980-09,7407.51,2026-08-09T16:21:14.670770
B005028,U004450,C000,1975-10,9656.1,2026-08-09T16:21:14.670787
B005029,U001726,C016,1988-01,31973.99,2026-08-09T16:21:14.670805
B005030,U001087,C017,2025-01,33922.25,2026-08-09T16:21:14.670823
B005031,U002310,C000,2023-04,15313.75,2026-08-09T16:21:14.670840
B005032,U002990,C003,2011-03,20113.67,2026-08-09T16:21:14.670858
B005033,U004978,C010,1998-12,24162.73,2026-08-09T16:21:14.670876
B005034,U001084,C013,1975-12,20942.6,2026-08-09T16:21:14.670893
B005035,U004578,C001,1992-10,10859.25,2026-08-09T16:21:14.670953
B005036,U003500,C006,2000-08,20025.14,2026-08-09T16:21:14.670979
B005037,U003767,C010,1970-08,7481.99,2026-08-09T16:21:14.670998
B005038,U004534,C002,1984-02,12432.19,2026-08-09T16:21:14.671017
B005039,U003157,C008,1977-08,7845.03,2026-08-09T16:21:14.671036
B005040,U004220,C007,1973-04,37795.73,2026-08-09T16:21:14.671054
B005041,U001713,C019,1976-10,38146.02,2026-08-09T16:21:14.671072
B005042,U004910,C011,2003-10,6791.11,2026-08-09T16:21:14.671090
B005043,U003253,C001,1998-05,26100.71,2026-08-09T16:21:14.671108
B005044,U002832,C006,2017-05,9050.21,2026-08-09T16:21:14.671126
B005045,U003833,C007,2011-10,14521.08,2026-08-09T16:21:14.671144
B005046,U000761,C002,2004-10,12705.4,2026-08-09T16:21:14.671162
B005047,U004004,C009,2019-06,22770.31,2026-08-09T16:21:14.671180
B005048,U004009,C006,2024-01,33601.39,2026-08-09T16:21:14.671198
B005049,U003794,C001,1974-01,13780.22,2026-08-09T16:21:14.671215
B005050,U000326,C018,1990-01,49146.7,2026-08-09T16:21:14.671233
B005051,U000555,C019,2013-11,15508.41,2026-08-09T16:21:14.671251
B005052,U003189,C010,2007-10,28752.46,2026-08-09T16:21:14.671269
B005053,U001908,C019,1983-08,19253.45,2026-08-09T16:21:14.671286
B005054,U000256,C006,1997-05,38668.02,2026-08-09T16:21:14.671304
B005055,U002810,C015,2021-06,10287.64,2026-08-09T16:21:14.671322
B005056,U004435,C018,1990-05,4837.58,2026-08-09T16:21:14.671339
B005057,U000079,C009,2026-13,,2026-08-09T16:21:14.671349
B005058,U003516,C019,1983-12,31959.97,2026-08-09T16:21:14.671366
B005059,U000259,C015,2015-10,42775.8,2026-08-09T16:21:14.671384
B005060,U000661,C016,2018-09,33015.2,2026-08-09T16:21:14.671401
B005061,U003718,C002,2002-10,33874.73,2026-08-09T16:21:14.671419
B005062,U004720,C018,1974-10,5052.37,2026-08-09T16:21:14.671437
B005063,U003789,C005,2008-02,11587.65,2026-08-09T16:21:14.671454
B005064,U000574,C003,2013-11,1612.16,2026-08-09T16:21:14.671472
B005065,U002718,C014,1970-09,49836.46,2026-08-09T16:21:14.671490
B005066,U003437,C014,1993-10,46652.9,2026-08-09T16:21:14.671507
B005067,U001191,C012,1980-05,16391.31,2026-08-09T16:21:14.671525
B005068,U001309,C017,2010-07,41597.44,2026-08-09T16:21:14.671542
B005069,U001176,C018,1989-12,42004.92,2026-08-09T16:21:14.671560
B005070,U004018,C017,1986-05,31193.4,2026-08-09T16:21:14.671577
B005071,U004168,C011,1972-02,45590.69,2026-08-09T16:21:14.671595
B005072,U004730,C018,1977-12,3208.43,2026-08-09T16:21:14.671612
B005073,U000211,C999,2021-09,26496.11,2026-08-09T16:21:14.671630
B005074,U002848,C017,,-43784.63,2026-08-09T16:21:14.671640
B005075,U000505,C008,2006-12,10733.08,2026-08-09T16:21:14.671657
B005076,U001664,C003,2015-11,26485.32,2026-08-09T16:21:14.671676
B005077,U003305,C015,1987-08,1099.71,2026-08-09T16:21:14.671693
B005078,U003565,C019,2023-11,41732.11,2026-08-09T16:21:14.671711
B005079,U000782,C008,2001-04,37489.22,2026-08-09T16:21:14.671728
B005080,U000484,C008,2026-13,Rs.39219.35,2026-08-09T16:21:14.671737
B005081,U001953,C003,2026-13,Rs.36331.98,2026-08-09T16:21:14.671746
B005082,U003641,C019,2004-04,24318.5,2026-08-09T16:21:14.671764
B005083,U004293,C005,1978-03,8831.48,2026-08-09T16:21:14.671781
B005084,U002704,C009,2022-04,7701.9,2026-08-09T16:21:14.671799
B005085,U002190,C008,1989-01,49744.52,2026-08-09T16:21:14.671817
B005086,U004716,C019,2006-02,7468.6,2026-08-09T16:21:14.671834
B005087,U000941,C999,2001-02,45985.83,2026-08-09T16:21:14.671852
B005088,U001596,C013,2009-06,20399.19,2026-08-09T16:21:14.671870
B005089,U002635,C008,2019-03,22273.32,2026-08-09T16:21:14.671888
B005090,U004167,C014,2020-08,41817.4,2026-08-09T16:21:14.671934
B005091,U001993,C015,2024-06,45490.21,2026-08-09T16:21:14.671967
B005092,U002642,C006,1975-08,48696.2,2026-08-09T16:21:14.671989
B005093,U001170,C011,2014-11,32381.49,2026-08-09T16:21:14.672008
B005094,U003523,C015,1983-11,22984.94,2026-08-09T16:21:14.672026
B005095,U001597,C012,1972-06,111.1,2026-08-09T16:21:14.672045
B005096,U003895,C009,1993-07,46420.05,2026-08-09T16:21:14.672063
B005097,U002106,C001,1973-09,48151.01,2026-08-09T16:21:14.672081
B005098,U003088,C001,1999-12,2346.6,2026-08-09T16:21:14.672099
B005099,U000815,C013,1971-11,34107.05,2026-08-09T16:21:14.672117
B005100,U003808,C011,1988-04,7391.5,2026-08-09T16:21:14.672134
B005101,U000004,C014,1997-03,5533.85,2026-08-09T16:21:14.672152
B005102,U003669,C018,2004-09,49644.17,2026-08-09T16:21:14.672170
B005103,U003839,C003,2002-12,21959.54,2026-08-09T16:21:14.672188
B005104,U002668,C000,2022-04,20527.64,2026-08-09T16:21:14.672205
B005105,U002421,C005,1971-01,49979.05,2026-08-09T16:21:14.672223
B005106,U004665,C019,1977-09,45839.54,2026-08-09T16:21:14.672241
B005107,U001725,C016,2004-10,27392.42,2026-08-09T16:21:14.672258
B005108,U003335,C014,1999-08,19887.99,2026-08-09T16:21:14.672276
B005109,U001375,C014,1972-02,1741.93,2026-08-09T16:21:14.672294
B005110,U002555,C007,2026-07,47538.24,2026-08-09T16:21:14.672312
B005111,U001901,C018,1997-01,3346.6,2026-08-09T16:21:14.672329
B005112,U003448,C008,1990-01,44290.65,2026-08-09T16:21:14.672347
B005113,U003428,C001,2019-02,41309.8,2026-08-09T16:21:14.672365
B005114,U003828,C016,1993-12,7887.18,2026-08-09T16:21:14.672382
B005115,U001672,C013,1992-05,31021.52,2026-08-09T16:21:14.672400
B005116,U000880,C010,2022-10,35504.36,2026-08-09T16:21:14.672417
B005117,U000268,C005,1972-10,19649.62,2026-08-09T16:21:14.672434
B005118,U002108,C000,Q1-2026,31195.4,2026-08-09T16:21:14.672443
B005119,U001106,C004,2000-03,39650.22,2026-08-09T16:21:14.672461
B005120,U003538,C012,1993-09,21958.24,2026-08-09T16:21:14.672479
B005121,U002645,C009,1975-04,32802.65,2026-08-09T16:21:14.672496
B005122,U001464,C008,1992-02,7847.04,2026-08-09T16:21:14.672514
B005123,U000933,C013,2022-08,48892.06,2026-08-09T16:21:14.672555
B005124,U002743,C007,2008-02,35066.75,2026-08-09T16:21:14.672573
B005125,U004100,C013,1979-04,45675.25,2026-08-09T16:21:14.672591
B005126,U000098,C011,1986-06,27705.49,2026-08-09T16:21:14.672609
B005127,U004254,C001,,-22659.67,2026-08-09T16:21:14.672618
B005128,U003633,C017,1995-01,37862.83,2026-08-09T16:21:14.672636
B005129,U004588,C012,1982-10,14837.66,2026-08-09T16:21:14.672653
B005130,U003049,C004,2025-10,20444.01,2026-08-09T16:21:14.672671
B005131,U000247,C014,1973-01,566.61,2026-08-09T16:21:14.672688
B005132,U002993,C015,2008-10,429.86,2026-08-09T16:21:14.672706
B005133,U001281,C019,1995-08,47313.85,2026-08-09T16:21:14.672723
B005134,U003264,C017,,Rs.44475.29,2026-08-09T16:21:14.672732
B005135,U001564,C010,Q1-2026,29338.08,2026-08-09T16:21:14.672741
B005136,U004474,C018,2022-04,21706.6,2026-08-09T16:21:14.672758
B005137,U002604,C017,2012-09,19863.34,2026-08-09T16:21:14.672775
B005138,U003269,C007,2002-10,15688.94,2026-08-09T16:21:14.672793
B005139,U003136,C999,2026-13,Rs.16742.96,2026-08-09T16:21:14.672802
B005140,U003953,C018,1981-01,43629.06,2026-08-09T16:21:14.672819
B005141,U002975,C002,1970-07,43301.3,2026-08-09T16:21:14.672837
B005142,U004267,C008,2020-08,29402.2,2026-08-09T16:21:14.672854
B005143,U001271,C014,1978-10,40132.74,2026-08-09T16:21:14.672872
B005144,U002057,C010,2021-09,26502.72,2026-08-09T16:21:14.672889
B005145,U000541,C019,,-21161.29,2026-08-09T16:21:14.672898
B005146,U002202,C013,1989-04,38167.08,2026-08-09T16:21:14.672956
B005147,U003085,C002,2014-09,15998.98,2026-08-09T16:21:14.672980
B005148,U003535,C010,2007-08,12420.57,2026-08-09T16:21:14.673001
B005149,U001044,C008,1980-01,45148.35,2026-08-09T16:21:14.673021
B005150,U000320,C016,2015-01,4748.07,2026-08-09T16:21:14.673039
B005151,U000878,C008,1997-04,26405.99,2026-08-09T16:21:14.673057
B005152,U004774,C014,2005-10,3624.36,2026-08-09T16:21:14.673075
B005153,U002232,C001,2025-10,38721.95,2026-08-09T16:21:14.673093
B005154,U002056,C007,2022-12,22377.39,2026-08-09T16:21:14.673111
B005155,U002474,C017,1997-11,33304.65,2026-08-09T16:21:14.673129
B005156,U000978,C004,1999-01,44713.14,2026-08-09T16:21:14.673147
B005157,U003993,C019,1988-06,12494.46,2026-08-09T16:21:14.673165
B005158,U004269,C000,2006-12,16188.29,2026-08-09T16:21:14.673182
B005159,U004855,C019,2005-04,43632.44,2026-08-09T16:21:14.673200
B005160,U004160,C001,2010-07,27329.84,2026-08-09T16:21:14.673217
B005161,U001577,C006,2017-09,14138.16,2026-08-09T16:21:14.673235
B005162,U002784,C001,2004-11,27647.78,2026-08-09T16:21:14.673252
B005163,U000395,C010,1973-07,18838.98,2026-08-09T16:21:14.673270
B005164,U001813,C010,1979-07,47860.24,2026-08-09T16:21:14.673288
B005165,U003539,C018,1982-12,29519.04,2026-08-09T16:21:14.673305
B005166,U000865,C007,1976-08,49982.51,2026-08-09T16:21:14.673323
B005167,U003398,C018,,20906.8,2026-08-09T16:21:14.673332
B005168,U000615,C005,1988-09,45630.38,2026-08-09T16:21:14.673349
B005169,U003523,C014,1979-11,41474.71,2026-08-09T16:21:14.673366
B005170,U001181,C016,2003-09,5746.44,2026-08-09T16:21:14.673383
B005171,U002840,C018,2016-10,26189.03,2026-08-09T16:21:14.673401
B005172,U001300,C001,1979-10,22857.29,2026-08-09T16:21:14.673418
B005173,U004171,C017,2002-07,39173.23,2026-08-09T16:21:14.673436
B005174,U001004,C019,2007-12,3751.84,2026-08-09T16:21:14.673453
B005175,U000036,C018,1979-11,7440.29,2026-08-09T16:21:14.673471
B005176,U000647,C008,2013-08,37256.9,2026-08-09T16:21:14.673524
B005177,U002899,C015,1984-06,35774.54,2026-08-09T16:21:14.673553
B005178,U003437,C012,1976-05,17727.6,2026-08-09T16:21:14.673576
B005179,U004196,C999,2003-07,4836.59,2026-08-09T16:21:14.673596
B005180,U004707,C019,,Rs.42469.74,2026-08-09T16:21:14.673606
B005181,U004667,C012,2018-04,14542.18,2026-08-09T16:21:14.673625
B005182,U002217,C011,1984-02,1982.84,2026-08-09T16:21:14.673643
B005183,U004616,C010,2008-09,9509.61,2026-08-09T16:21:14.673661
B005184,U001041,C007,2017-11,1158.12,2026-08-09T16:21:14.673679
B005185,U002221,C017,1986-09,45873.78,2026-08-09T16:21:14.673697
B005186,U000770,C005,2013-08,20666.91,2026-08-09T16:21:14.673715
B005187,U004657,C011,1990-10,40739.02,2026-08-09T16:21:14.673733
B005188,U002974,C015,1983-04,12572.26,2026-08-09T16:21:14.673750
B005189,U000971,C016,1974-10,37296.06,2026-08-09T16:21:14.673768
B005190,U004128,C006,2000-05,28834.67,2026-08-09T16:21:14.673786
B005191,U000296,C016,2014-07,10970.2,2026-08-09T16:21:14.673804
B005192,U002287,C004,1990-06,33769.69,2026-08-09T16:21:14.673821
B005193,U004345,C011,1985-03,28234.28,2026-08-09T16:21:14.673839
B005194,U001023,C018,2000-11,8607.51,2026-08-09T16:21:14.673856
B005195,U003138,C011,1973-04,19050.72,2026-08-09T16:21:14.673874
B005196,U003034,C019,2016-01,20745.19,2026-08-09T16:21:14.673892
B005197,U003755,C013,2017-01,34420.09,2026-08-09T16:21:14.673946
B005198,U003394,C017,2002-06,11805.46,2026-08-09T16:21:14.673973
B005199,U003850,C010,2011-09,11542.49,2026-08-09T16:21:14.673994
B005200,U004361,C006,1985-04,30654.97,2026-08-09T16:21:14.674013
B005201,U002821,C010,1994-04,31742.69,2026-08-09T16:21:14.674031
B005202,U004595,C001,1992-08,8058.35,2026-08-09T16:21:14.674049
B005203,U000571,C016,2025-11,897.22,2026-08-09T16:21:14.674067
B005204,U004072,C002,2017-04,33900.42,2026-08-09T16:21:14.674085
B005205,U001064,C018,,18149.1,2026-08-09T16:21:14.674094
B005206,U003166,C018,1983-09,14320.31,2026-08-09T16:21:14.674112
B005207,U002988,C006,2017-09,13885.87,2026-08-09T16:21:14.674130
B005208,U002309,C007,1990-05,31068.03,2026-08-09T16:21:14.674147
B005209,U001777,C005,2026-13,-36800.44,2026-08-09T16:21:14.674156
B005210,U003497,C014,2006-02,42838.69,2026-08-09T16:21:14.674174
B005211,U003477,C013,1990-09,31990.16,2026-08-09T16:21:14.674191
B005212,U002105,C015,1970-12,24108.7,2026-08-09T16:21:14.674209
B005213,U000423,C003,2017-01,3982.86,2026-08-09T16:21:14.674226
B005214,U002418,C000,1989-01,27569.7,2026-08-09T16:21:14.674243
B005215,U002022,C014,1983-10,42310.76,2026-08-09T16:21:14.674261
B005216,U000146,C002,1997-11,32124.12,2026-08-09T16:21:14.674278
B005217,U003896,C019,1972-03,37649.23,2026-08-09T16:21:14.674296
B005218,U001543,C009,2019-07,7131.93,2026-08-09T16:21:14.674313
B005219,U004845,C007,1998-04,47059.38,2026-08-09T16:21:14.674331
B005220,U002160,C004,1996-04,18010.57,2026-08-09T16:21:14.674348
B005221,U003906,C014,1971-10,38500.43,2026-08-09T16:21:14.674365
B005222,U002066,C011,2002-11,22300.61,2026-08-09T16:21:14.674382
B005223,U001350,C003,2011-06,32921.88,2026-08-09T16:21:14.674399
B005224,U002820,C005,1976-07,4670.79,2026-08-09T16:21:14.674417
B005225,U002309,C016,2014-09,15457.5,2026-08-09T16:21:14.674434
B005226,U001861,C012,1975-05,9488.32,2026-08-09T16:21:14.674451
B005227,U003245,C017,2019-09,24464.42,2026-08-09T16:21:14.674469
B005228,U002439,C005,2014-12,40568.65,2026-08-09T16:21:14.674486
B005229,U002337,C014,,N/A,2026-08-09T16:21:14.674494
B005230,U004591,C007,2013-05,18431.63,2026-08-09T16:21:14.674511
B005231,U004866,C009,2026-02,22359.23,2026-08-09T16:21:14.674529
B005232,U003140,C018,2009-12,35081.11,2026-08-09T16:21:14.674547
B005233,U002002,C018,1970-02,8891.14,2026-08-09T16:21:14.674564
B005234,U001071,C999,1980-12,31952.06,2026-08-09T16:21:14.674581
B005235,U002598,C009,1983-05,20371.04,2026-08-09T16:21:14.674599
B005236,U003884,C018,2015-08,47513.25,2026-08-09T16:21:14.674616
B005237,U003646,C999,1991-03,22618.27,2026-08-09T16:21:14.674634
B005238,U000559,C016,1993-10,49683.27,2026-08-09T16:21:14.674651
B005239,U003559,C006,1993-10,35881.79,2026-08-09T16:21:14.674668
B005240,U000642,C007,1971-01,43487.71,2026-08-09T16:21:14.674685
B005241,U002380,C999,1972-10,16408.2,2026-08-09T16:21:14.674706
B005242,U001106,C002,1987-09,5747.15,2026-08-09T16:21:14.674724
B005243,U003589,C005,1971-10,11490.52,2026-08-09T16:21:14.674741
B005244,U000423,C002,2020-03,30942.45,2026-08-09T16:21:14.674759
B005245,U004049,C015,2008-05,28551.66,2026-08-09T16:21:14.674789
B005246,U001611,C016,2025-12,45764.45,2026-08-09T16:21:14.674812
B005247,U002892,C009,2021-12,38291.85,2026-08-09T16:21:14.674830
B005248,U004042,C014,1988-07,28513.91,2026-08-09T16:21:14.674868
B005249,U004538,C999,1970-05,31586.82,2026-08-09T16:21:14.674886
B005250,U001107,C000,2022-12,2209.18,2026-08-09T16:21:14.674934
B005251,U001010,C000,1979-06,39451.82,2026-08-09T16:21:14.674968
B005252,U002093,C005,Q1-2026,40851,2026-08-09T16:21:14.674978
B005253,U003236,C005,1979-11,15993.64,2026-08-09T16:21:14.674999
B005254,U002648,C018,2025-01,17016.34,2026-08-09T16:21:14.675018
B005255,U004773,C001,1973-02,28257.47,2026-08-09T16:21:14.675036
B005256,U000804,C999,2002-02,34867.33,2026-08-09T16:21:14.675055
B005257,U000114,C016,1974-05,406.05,2026-08-09T16:21:14.675073
B005258,U002892,C016,1991-12,34734.73,2026-08-09T16:21:14.675091
B005259,U002235,C005,1985-08,32951.31,2026-08-09T16:21:14.675109
B005260,U002400,C018,2013-01,47930.64,2026-08-09T16:21:14.675127
B005261,U001052,C019,1992-07,14877.58,2026-08-09T16:21:14.675145
B005262,U000367,C011,2023-01,5757.2,2026-08-09T16:21:14.675163
B005263,U003807,C004,1983-01,37149.68,2026-08-09T16:21:14.675180
B005264,U001778,C008,2026-13,-37945.84,2026-08-09T16:21:14.675190
B005265,U003539,C014,1991-06,18663.19,2026-08-09T16:21:14.675207
B005266,U003965,C015,1986-07,22219.43,2026-08-09T16:21:14.675225
B005267,U001065,C012,2021-03,39960.31,2026-08-09T16:21:14.675242
B005268,U004358,C015,2023-12,16140.32,2026-08-09T16:21:14.675260
B005269,U000570,C000,1980-10,14984.83,2026-08-09T16:21:14.675277
B005270,U003584,C019,1970-06,4616.59,2026-08-09T16:21:14.675295
B005271,U003910,C002,Q1-2026,N/A,2026-08-09T16:21:14.675303
B005272,U000244,C013,1996-11,4276.1,2026-08-09T16:21:14.675321
B005273,U004722,C019,2009-02,1771.17,2026-08-09T16:21:14.675339
B005274,U003230,C012,1976-11,44370.6,2026-08-09T16:21:14.675356
B005275,U004949,C015,2014-12,41627.93,2026-08-09T16:21:14.675374
B005276,U001241,C002,1986-09,22978.58,2026-08-09T16:21:14.675392
B005277,U001394,C009,1996-04,38404.65,2026-08-09T16:21:14.675409
B005278,U003071,C016,2011-10,32825.11,2026-08-09T16:21:14.675427
B005279,U000413,C006,1972-08,7690.44,2026-08-09T16:21:14.675444
B005280,U003169,C018,2013-02,18592.03,2026-08-09T16:21:14.675462
B005281,U002968,C010,2004-03,26605.63,2026-08-09T16:21:14.675480
B005282,U003110,C015,2006-01,10351.95,2026-08-09T16:21:14.675498
B005283,U003887,C017,1990-06,37965.93,2026-08-09T16:21:14.675515
B005284,U004089,C005,2001-05,26134.37,2026-08-09T16:21:14.675533
B005285,U004877,C009,2003-11,40586.5,2026-08-09T16:21:14.675550
B005286,U002195,C013,2010-03,37460.73,2026-08-09T16:21:14.675568
B005287,U000589,C005,1970-04,33996.43,2026-08-09T16:21:14.675585
B005288,U004992,C999,Q1-2026,Rs.10238.43,2026-08-09T16:21:14.675595
B005289,U000879,C018,2016-12,19749.06,2026-08-09T16:21:14.675613
B005290,U003615,C010,2016-01,19729.19,2026-08-09T16:21:14.675630
B005291,U001826,C018,1993-05,43375.75,2026-08-09T16:21:14.675647
B005292,U002608,C002,Q1-2026,Rs.30261.73,2026-08-09T16:21:14.675656
B005293,U003284,C006,1994-12,49941.87,2026-08-09T16:21:14.675673
B005294,U003226,C006,,7263.2,2026-08-09T16:21:14.675682
B005295,U000440,C011,2015-10,33944.35,2026-08-09T16:21:14.675699
B005296,U000462,C014,2006-02,25525.78,2026-08-09T16:21:14.675716
B005297,U000454,C009,1978-11,41965.4,2026-08-09T16:21:14.675734
B005298,U000740,C006,1993-08,37047.37,2026-08-09T16:21:14.675751
B005299,U001600,C015,1982-10,37433.75,2026-08-09T16:21:14.675769
B005300,U002018,C019,2003-11,20786.64,2026-08-09T16:21:14.675787
B005301,U003954,C999,1974-12,44343.06,2026-08-09T16:21:14.675804
B005302,U004879,C010,2015-04,29041.44,2026-08-09T16:21:14.675822
B005303,U003609,C014,1983-07,23445.97,2026-08-09T16:21:14.675839
B005304,U002953,C009,Q1-2026,29640,2026-08-09T16:21:14.675847
B005305,U000730,C005,Q1-2026,N/A,2026-08-09T16:21:14.675855
B005306,U004926,C003,1980-04,16289.65,2026-08-09T16:21:14.675872
B005307,U001499,C015,1976-03,483.18,2026-08-09T16:21:14.675890
B005308,U004701,C007,2006-12,10852.38,2026-08-09T16:21:14.675963
B005309,U000859,C006,1971-08,49030.67,2026-08-09T16:21:14.675990
B005310,U004685,C006,2009-11,23553.54,2026-08-09T16:21:14.676012
B005311,U000161,C005,2015-08,3226.28,2026-08-09T16:21:14.676032
B005312,U004464,C017,2025-01,14363.5,2026-08-09T16:21:14.676051
B005313,U003948,C002,2014-05,34662.5,2026-08-09T16:21:14.676070
B005314,U000552,C016,1991-04,13302.98,2026-08-09T16:21:14.676088
B005315,U003067,C002,2026-04,36124.43,2026-08-09T16:21:14.676106
B005316,U003388,C002,1973-01,23651.33,2026-08-09T16:21:14.676124
B005317,U002986,C010,1993-06,27903.17,2026-08-09T16:21:14.676142
B005318,U001803,C011,2012-01,18082.94,2026-08-09T16:21:14.676160
B005319,U004479,C010,1971-03,27823.04,2026-08-09T16:21:14.676177
B005320,U003581,C006,1986-09,297.04,2026-08-09T16:21:14.676195
B005321,U001211,C017,1979-06,38914.79,2026-08-09T16:21:14.676213
B005322,U004983,C007,1980-12,39870.94,2026-08-09T16:21:14.676231
B005323,U001177,C017,2020-01,42694.55,2026-08-09T16:21:14.676249
B005324,U004078,C003,1994-12,18734.47,2026-08-09T16:21:14.676267
B005325,U002873,C019,1986-04,32449.43,2026-08-09T16:21:14.676284
B005326,U001283,C013,2007-08,26317.14,2026-08-09T16:21:14.676302
B005327,U004086,C008,2002-10,20623.88,2026-08-09T16:21:14.676320
B005328,U001004,C001,1990-10,22748.12,2026-08-09T16:21:14.676337
B005329,U004259,C007,1974-11,5144.39,2026-08-09T16:21:14.676355
B005330,U001006,C017,,-36301.46,2026-08-09T16:21:14.676364
B005331,U004422,C015,1989-01,15811.44,2026-08-09T16:21:14.676381
B005332,U002872,C000,1978-07,37361.23,2026-08-09T16:21:14.676399
B005333,U000910,C999,2010-05,608.76,2026-08-09T16:21:14.676416
B005334,U000891,C000,2018-11,28104.98,2026-08-09T16:21:14.676433
B005335,U003444,C015,2005-04,29731.09,2026-08-09T16:21:14.676451
B005336,U002129,C008,2004-12,24982.42,2026-08-09T16:21:14.676469
B005337,U001737,C014,Q1-2026,40567,2026-08-09T16:21:14.676477
B005338,U003087,C006,2017-04,41505.51,2026-08-09T16:21:14.676495
B005339,U002422,C012,2009-04,38142.06,2026-08-09T16:21:14.676512
B005340,U001796,C007,2008-05,15024.43,2026-08-09T16:21:14.676530
B005341,U002265,C018,1989-09,20427.11,2026-08-09T16:21:14.676547
B005342,U003928,C018,1992-04,44709.29,2026-08-09T16:21:14.676565
B005343,U003525,C005,1976-11,25104.91,2026-08-09T16:21:14.676583
B005344,U000608,C011,1999-10,35.92,2026-08-09T16:21:14.676600
B005345,U002377,C006,2023-06,27475.26,2026-08-09T16:21:14.676617
B005346,U002006,C009,1999-08,49347.29,2026-08-09T16:21:14.676634
B005347,U001348,C003,Q1-2026,Rs.14496.72,2026-08-09T16:21:14.676643
B005348,U002068,C015,2009-10,6536.91,2026-08-09T16:21:14.676661
B005349,U003917,C999,2017-10,28187.99,2026-08-09T16:21:14.676679
B005350,U000622,C008,1999-09,17776.59,2026-08-09T16:21:14.676696
B005351,U003693,C007,2015-09,48825.57,2026-08-09T16:21:14.676713
B005352,U000131,C018,1976-07,26636.33,2026-08-09T16:21:14.676730
B005353,U002597,C018,2016-03,5751.43,2026-08-09T16:21:14.676748
B005354,U003596,C009,2001-05,24239.62,2026-08-09T16:21:14.676765
B005355,U003185,C013,1984-02,18248.29,2026-08-09T16:21:14.676783
B005356,U004331,C016,1997-01,17510.24,2026-08-09T16:21:14.676800
B005357,U002453,C016,1975-12,37377.92,2026-08-09T16:21:14.676818
B005358,U002837,C999,2019-01,43605.87,2026-08-09T16:21:14.676835
B005359,U002004,C003,1976-05,39991.46,2026-08-09T16:21:14.676853
B005360,U002073,C008,1973-10,13204.66,2026-08-09T16:21:14.676870
B005361,U004922,C012,1979-03,3235.36,2026-08-09T16:21:14.676887
B005362,U004624,C010,1984-11,9062.71,2026-08-09T16:21:14.676932
B005363,U003911,C015,1978-11,24173.79,2026-08-09T16:21:14.676965
B005364,U001292,C002,2009-09,7088.75,2026-08-09T16:21:14.676988
B005365,U004220,C014,1998-05,22224.33,2026-08-09T16:21:14.677008
B005366,U000595,C019,2026-04,4078.36,2026-08-09T16:21:14.677027
B005367,U004610,C016,2020-03,23459.06,2026-08-09T16:21:14.677045
B005368,U004854,C017,2024-09,42418.7,2026-08-09T16:21:14.677063
B005369,U001535,C019,1994-11,2034.12,2026-08-09T16:21:14.677081
B005370,U000489,C010,1974-03,29463.83,2026-08-09T16:21:14.677099
B005371,U002872,C003,2008-01,21913.13,2026-08-09T16:21:14.677117
B005372,U004509,C011,1981-07,14226.28,2026-08-09T16:21:14.677154
B005373,U004647,C002,1974-03,28586.91,2026-08-09T16:21:14.677172
B005374,U001514,C009,2011-12,20443.4,2026-08-09T16:21:14.677190
B005375,U003844,C003,2020-09,49033.97,2026-08-09T16:21:14.677208
B005376,U001919,C007,2020-01,46887.45,2026-08-09T16:21:14.677226
B005377,U003329,C010,1984-12,11844.91,2026-08-09T16:21:14.677244
B005378,U001595,C011,2002-06,30630.49,2026-08-09T16:21:14.677262
B005379,U004794,C017,2022-03,1016.62,2026-08-09T16:21:14.677280
B005380,U001281,C016,2008-08,9303.37,2026-08-09T16:21:14.677297
B005381,U004869,C012,1992-10,45812.18,2026-08-09T16:21:14.677315
B005382,U004588,C015,1988-03,38197.72,2026-08-09T16:21:14.677333
B005383,U003855,C016,2021-03,32585.52,2026-08-09T16:21:14.677350
B005384,U003900,C006,1987-12,23258.82,2026-08-09T16:21:14.677368
B005385,U000032,C001,1973-01,29403.6,2026-08-09T16:21:14.677385
B005386,U001798,C018,1989-12,32064.9,2026-08-09T16:21:14.677403
B005387,U002025,C013,2011-11,42278.73,2026-08-09T16:21:14.677420
B005388,U004663,C015,1970-04,32870.76,2026-08-09T16:21:14.677438
B005389,U004122,C010,1984-05,46497.35,2026-08-09T16:21:14.677456
B005390,U000452,C999,2020-07,14623.9,2026-08-09T16:21:14.677474
B005391,U000379,C014,2006-10,35215.78,2026-08-09T16:21:14.677541
B005392,U001286,C019,2015-01,44736.83,2026-08-09T16:21:14.677569
B005393,U000222,C002,2022-10,870.71,2026-08-09T16:21:14.677591
B005394,U001894,C005,1992-10,34489.91,2026-08-09T16:21:14.677611
B005395,U002913,C004,2021-04,22437.47,2026-08-09T16:21:14.677630
B005396,U002372,C012,1996-02,11887.71,2026-08-09T16:21:14.677648
B005397,U002492,C002,1991-11,36894.43,2026-08-09T16:21:14.677666
B005398,U000991,C002,1981-09,22946.05,2026-08-09T16:21:14.677684
B005399,U004784,C017,2019-08,42009.91,2026-08-09T16:21:14.677702
B005400,U003623,C005,1976-06,13905.26,2026-08-09T16:21:14.677720
B005401,U004535,C002,2008-01,35836.72,2026-08-09T16:21:14.677738
B005402,U004530,C014,1995-08,33533.1,2026-08-09T16:21:14.677756
B005403,U004102,C009,2000-02,367.23,2026-08-09T16:21:14.677774
B005404,U002583,C006,2018-07,34537.22,2026-08-09T16:21:14.677792
B005405,U002986,C006,2007-08,37085.3,2026-08-09T16:21:14.677810
B005406,U003909,C004,1999-07,21874.56,2026-08-09T16:21:14.677827
B005407,U003038,C001,2016-11,38473.48,2026-08-09T16:21:14.677845
B005408,U000196,C011,1974-12,4112.74,2026-08-09T16:21:14.677863
B005409,U000372,C013,1979-03,30304.43,2026-08-09T16:21:14.677881
B005410,U000531,C004,2023-01,26741.12,2026-08-09T16:21:14.677925
B005411,U004099,C007,2024-08,27644.01,2026-08-09T16:21:14.677962
B005412,U001500,C015,1996-08,43253.98,2026-08-09T16:21:14.677986
B005413,U002732,C007,1991-07,22495.28,2026-08-09T16:21:14.678005
B005414,U004560,C004,2024-01,5590.84,2026-08-09T16:21:14.678036
B005415,U004698,C005,1993-11,15515.89,2026-08-09T16:21:14.678072
B005416,U000847,C015,1970-09,12074.28,2026-08-09T16:21:14.678106
B005417,U003490,C006,1973-08,28322.26,2026-08-09T16:21:14.678140
B005418,U004335,C011,1973-08,26539.44,2026-08-09T16:21:14.678165
B005419,U004581,C008,Q1-2026,-46067.2,2026-08-09T16:21:14.678182
B005420,U004226,C003,2013-11,21175.0,2026-08-09T16:21:14.678212
B005421,U004388,C012,2006-10,21284.08,2026-08-09T16:21:14.678245
B005422,U000376,C012,2011-08,23745.42,2026-08-09T16:21:14.678275
B005423,U002866,C018,1987-12,17792.76,2026-08-09T16:21:14.678301
B005424,U002631,C009,2018-06,5033.17,2026-08-09T16:21:14.678327
B005425,U003620,C015,Q1-2026,6550.62,2026-08-09T16:21:14.678343
B005426,U001465,C010,2014-03,34425.4,2026-08-09T16:21:14.678382
B005427,U004367,C999,2010-11,30746.37,2026-08-09T16:21:14.678420
B005428,U000529,C000,2010-03,31412.85,2026-08-09T16:21:14.678453
B005429,U002665,C016,2019-06,22383.23,2026-08-09T16:21:14.678484
B005430,U003968,C016,2001-04,14605.13,2026-08-09T16:21:14.678513
B005431,U003871,C999,2024-04,7457.45,2026-08-09T16:21:14.678543
B005432,U001252,C009,2018-03,47060.57,2026-08-09T16:21:14.678569
B005433,U002345,C002,,,2026-08-09T16:21:14.678581
B005434,U002481,C018,1974-04,12242.31,2026-08-09T16:21:14.678612
B005435,U000112,C016,1993-11,33559.14,2026-08-09T16:21:14.678642
B005436,U000938,C002,1985-11,17170.39,2026-08-09T16:21:14.678667
B005437,U003132,C013,1985-05,4475.73,2026-08-09T16:21:14.678693
B005438,U000136,C008,2008-12,22028.13,2026-08-09T16:21:14.678730
B005439,U000368,C001,1987-02,2081.15,2026-08-09T16:21:14.678762
B005440,U002750,C017,2007-05,15050.44,2026-08-09T16:21:14.678792
B005441,U004536,C018,2025-11,6897.57,2026-08-09T16:21:14.678822
B005442,U000189,C012,1973-12,43708.28,2026-08-09T16:21:14.678854
B005443,U000304,C999,1976-11,19227.5,2026-08-09T16:21:14.678892
B005444,U002521,C019,2019-09,12107.39,2026-08-09T16:21:14.678980
B005445,U002853,C999,1996-10,41221.41,2026-08-09T16:21:14.679013
B005446,U001845,C999,2019-09,19693.14,2026-08-09T16:21:14.679043
B005447,U003305,C009,2007-04,24367.05,2026-08-09T16:21:14.679070
B005448,U002493,C011,2023-05,16267.12,2026-08-09T16:21:14.679098
B005449,U000407,C015,1978-03,1928.69,2026-08-09T16:21:14.679127
B005450,U001930,C011,2021-06,3240.43,2026-08-09T16:21:14.679154
B005451,U002431,C999,1999-11,33397.46,2026-08-09T16:21:14.679182
B005452,U003333,C012,1977-03,35120.38,2026-08-09T16:21:14.679213
B005453,U000288,C001,2023-11,36484.26,2026-08-09T16:21:14.679241
B005454,U001734,C018,1973-07,45360.01,2026-08-09T16:21:14.679270
B005455,U000148,C008,1994-01,35076.78,2026-08-09T16:21:14.679299
B005456,U004506,C017,2026-03,39953.63,2026-08-09T16:21:14.679329
B005457,U001357,C010,1986-08,5233.44,2026-08-09T16:21:14.679358
B005458,U004713,C012,2026-13,-36939.63,2026-08-09T16:21:14.679374
B005459,U003668,C006,2012-01,3685.07,2026-08-09T16:21:14.679403
B005460,U004833,C016,2015-02,48430.59,2026-08-09T16:21:14.679433
B005461,U003328,C017,1993-12,45552.41,2026-08-09T16:21:14.679462
B005462,U000145,C007,1998-12,42897.96,2026-08-09T16:21:14.679490
B005463,U003110,C019,1992-08,5438.01,2026-08-09T16:21:14.679519
B005464,U000785,C011,1982-09,2741.91,2026-08-09T16:21:14.679547
B005465,U002666,C008,2015-08,46374.73,2026-08-09T16:21:14.679576
B005466,U001257,C011,2023-04,21965.23,2026-08-09T16:21:14.679604
B005467,U002860,C007,2015-10,21090.97,2026-08-09T16:21:14.679632
B005468,U003296,C018,1975-07,25033.92,2026-08-09T16:21:14.679659
B005469,U001325,C018,2009-09,17739.22,2026-08-09T16:21:14.679687
B005470,U004787,C009,2004-09,24419.24,2026-08-09T16:21:14.679716
B005471,U004549,C001,1983-06,31547.19,2026-08-09T16:21:14.679744
B005472,U003697,C003,2022-01,23317.7,2026-08-09T16:21:14.679773
B005473,U001806,C002,1993-12,37924.65,2026-08-09T16:21:14.679802
B005474,U000770,C013,1988-01,1850.77,2026-08-09T16:21:14.679830
B005475,U003134,C002,1973-08,13260.14,2026-08-09T16:21:14.679859
B005476,U002068,C014,2012-08,4387.3,2026-08-09T16:21:14.679888
B005477,U000302,C008,1986-03,13131.99,2026-08-09T16:21:14.679971
B005478,U001518,C013,1984-07,13069.18,2026-08-09T16:21:14.680008
B005479,U004097,C999,1980-08,7180.28,2026-08-09T16:21:14.680040
B005480,U003392,C019,2022-05,14297.46,2026-08-09T16:21:14.680071
B005481,U002104,C002,1975-07,32996.38,2026-08-09T16:21:14.680100
B005482,U000938,C007,1994-07,46602.02,2026-08-09T16:21:14.680129
B005483,U004568,C001,2019-01,12721.98,2026-08-09T16:21:14.680158
B005484,U003510,C004,2002-11,1055.69,2026-08-09T16:21:14.680186
B005485,U004099,C006,1987-10,22217.75,2026-08-09T16:21:14.680214
B005486,U002664,C005,1994-05,15629.79,2026-08-09T16:21:14.680242
B005487,U003893,C013,2014-02,131.51,2026-08-09T16:21:14.680270
B005488,U002304,C003,2006-07,15556.54,2026-08-09T16:21:14.680298
B005489,U002213,C000,1986-04,39839.91,2026-08-09T16:21:14.680326
B005490,U001015,C006,1975-06,17621.67,2026-08-09T16:21:14.680354
B005491,U002666,C011,2019-11,17080.91,2026-08-09T16:21:14.680382
B005492,U001617,C004,,35996.42,2026-08-09T16:21:14.680397
B005493,U002095,C003,1996-12,43155.8,2026-08-09T16:21:14.680424
B005494,U000593,C000,2026-07,28786.22,2026-08-09T16:21:14.680452
B005495,U000546,C999,2006-12,18107.77,2026-08-09T16:21:14.680482
B005496,U003942,C010,2022-09,341.35,2026-08-09T16:21:14.680511
B005497,U004433,C016,2006-05,31934.25,2026-08-09T16:21:14.680540
B005498,U002243,C999,1986-06,43841.96,2026-08-09T16:21:14.680598
B005499,U000108,C014,1994-01,7826.15,2026-08-09T16:21:14.680626
B005500,U003205,C006,2026-13,15349,2026-08-09T16:21:14.680639
B005501,U001735,C015,2020-01,26479.6,2026-08-09T16:21:14.680666
B005502,U002033,C004,1983-09,20341.41,2026-08-09T16:21:14.680693
B005503,U000032,C007,1975-12,7741.0,2026-08-09T16:21:14.680721
B005504,U003676,C014,2008-09,45795.34,2026-08-09T16:21:14.680749
B005505,U002387,C013,2023-07,44105.6,2026-08-09T16:21:14.680777
B005506,U004150,C016,2000-10,42997.35,2026-08-09T16:21:14.680805
B005507,U002399,C012,2017-12,26876.04,2026-08-09T16:21:14.680833
B005508,U003750,C009,1972-07,29182.66,2026-08-09T16:21:14.680859
B005509,U004711,C009,1997-05,13431.63,2026-08-09T16:21:14.680888
B005510,U000597,C006,1994-03,20859.91,2026-08-09T16:21:14.680986
B005511,U004054,C005,2017-04,49409.6,2026-08-09T16:21:14.681024
B005512,U003303,C013,2012-06,25236.64,2026-08-09T16:21:14.681053
B005513,U004944,C000,1995-08,45492.14,2026-08-09T16:21:14.681080
B005514,U003312,C999,1991-04,21140.38,2026-08-09T16:21:14.681107
B005515,U004107,C006,1976-04,38165.19,2026-08-09T16:21:14.681134
B005516,U000619,C012,2026-13,45098,2026-08-09T16:21:14.681148
B005517,U000879,C015,2015-04,22514.72,2026-08-09T16:21:14.681174
B005518,U001993,C009,2026-13,N/A,2026-08-09T16:21:14.681186
B005519,U001551,C006,1999-10,5099.44,2026-08-09T16:21:14.681211
B005520,U000785,C016,2025-09,796.05,2026-08-09T16:21:14.681238
B005521,U002290,C017,1985-07,40892.05,2026-08-09T16:21:14.681263
B005522,U003468,C004,2009-05,26891.9,2026-08-09T16:21:14.681289
B005523,U004890,C007,1988-04,25041.65,2026-08-09T16:21:14.681315
B005524,U002993,C006,2018-08,3607.42,2026-08-09T16:21:14.681342
B005525,U001974,C018,1985-10,24206.37,2026-08-09T16:21:14.681367
B005526,U002944,C015,1986-01,12311.05,2026-08-09T16:21:14.681392
B005527,U002601,C018,1987-05,40175.34,2026-08-09T16:21:14.681416
B005528,U003093,C013,2026-13,25010.4,2026-08-09T16:21:14.681428
B005529,U003113,C011,1998-03,2989.63,2026-08-09T16:21:14.681453
B005530,U001156,C013,1983-06,45643.33,2026-08-09T16:21:14.681479
B005531,U001175,C009,2009-09,43142.58,2026-08-09T16:21:14.681572
B005532,U004957,C004,1991-01,7238.92,2026-08-09T16:21:14.681606
B005533,U002759,C003,2007-01,31920.01,2026-08-09T16:21:14.681633
B005534,U001199,C013,2006-12,48083.72,2026-08-09T16:21:14.681659
B005535,U002004,C010,2026-13,-47773.85,2026-08-09T16:21:14.681671
B005536,U002368,C001,2026-13,,2026-08-09T16:21:14.681682
B005537,U004767,C015,2004-06,46162.23,2026-08-09T16:21:14.681707
B005538,U001113,C019,Q1-2026,N/A,2026-08-09T16:21:14.681718
B005539,U002898,C005,1984-01,43364.26,2026-08-09T16:21:14.681742
B005540,U003241,C013,2012-12,46639.6,2026-08-09T16:21:14.681766
B005541,U004369,C006,,27621.72,2026-08-09T16:21:14.681777
B005542,U001343,C003,1997-01,14552.62,2026-08-09T16:21:14.681807
B005543,U001851,C015,1975-04,49282.07,2026-08-09T16:21:14.681836
B005544,U003714,C002,,N/A,2026-08-09T16:21:14.681847
B005545,U000082,C019,1994-02,44684.08,2026-08-09T16:21:14.681874
B005546,U000426,C010,2013-09,42277.5,2026-08-09T16:21:14.681948
B005547,U003204,C005,1978-11,19896.22,2026-08-09T16:21:14.682001
B005548,U000059,C999,2026-13,49247.53,2026-08-09T16:21:14.682017
B005549,U004207,C010,2023-11,44641.7,2026-08-09T16:21:14.682041
B005550,U004287,C017,2017-05,42157.4,2026-08-09T16:21:14.682062
B005551,U000517,C007,1974-05,8420.23,2026-08-09T16:21:14.682080
B005552,U000960,C010,2015-10,46964.86,2026-08-09T16:21:14.682099
B005553,U001697,C005,2009-10,6767.85,2026-08-09T16:21:14.682118
B005554,U001430,C010,2015-02,12803.55,2026-08-09T16:21:14.682137
B005555,U004855,C007,1988-02,27537.87,2026-08-09T16:21:14.682155
B005556,U002422,C015,1984-05,38545.09,2026-08-09T16:21:14.682173
B005557,U001922,C999,1970-03,4275.02,2026-08-09T16:21:14.682192
B005558,U002550,C011,2001-11,30011.7,2026-08-09T16:21:14.682210
B005559,U000426,C001,1996-10,23782.84,2026-08-09T16:21:14.682228
B005560,U004702,C005,1974-09,36824.92,2026-08-09T16:21:14.682246
B005561,U003510,C006,2012-04,19995.16,2026-08-09T16:21:14.682263
B005562,U004286,C007,1999-05,23907.26,2026-08-09T16:21:14.682281
B005563,U002994,C999,2005-03,863.23,2026-08-09T16:21:14.682299
B005564,U002754,C017,2001-07,12208.0,2026-08-09T16:21:14.682317
B005565,U000316,C000,2009-06,43726.43,2026-08-09T16:21:14.682335
B005566,U003807,C001,1985-03,30857.45,2026-08-09T16:21:14.682353
B005567,U001542,C003,,-39479.31,2026-08-09T16:21:14.682362
B005568,U001859,C011,1971-01,49568.93,2026-08-09T16:21:14.682380
B005569,U000019,C009,2005-02,9655.37,2026-08-09T16:21:14.682398
B005570,U003070,C013,1979-07,29038.52,2026-08-09T16:21:14.682416
B005571,U000946,C001,1971-03,4178.97,2026-08-09T16:21:14.682433
B005572,U000742,C019,2010-12,33862.13,2026-08-09T16:21:14.682453
B005573,U001710,C010,2007-03,9287.78,2026-08-09T16:21:14.682471
B005574,U003561,C005,1990-01,49311.01,2026-08-09T16:21:14.682489
B005575,U003139,C001,2003-11,34331.91,2026-08-09T16:21:14.682506
B005576,U003176,C008,1997-05,6531.34,2026-08-09T16:21:14.682524
B005577,U001857,C007,2002-04,5857.4,2026-08-09T16:21:14.682541
B005578,U000429,C017,2026-13,-9523.17,2026-08-09T16:21:14.682550
B005579,U003677,C003,1998-06,30107.25,2026-08-09T16:21:14.682568
B005580,U002592,C014,2000-01,46062.82,2026-08-09T16:21:14.682585
B005581,U002739,C003,1995-04,30190.13,2026-08-09T16:21:14.682603
B005582,U002965,C000,1978-09,27708.44,2026-08-09T16:21:14.682620
B005583,U000095,C000,1992-07,42076.84,2026-08-09T16:21:14.682638
B005584,U002725,C013,1972-10,38569.95,2026-08-09T16:21:14.682655
B005585,U001906,C999,2023-07,17911.97,2026-08-09T16:21:14.682673
B005586,U001850,C011,2011-12,29909.06,2026-08-09T16:21:14.682691
B005587,U003540,C007,,-9114.13,2026-08-09T16:21:14.682700
B005588,U000230,C004,2004-04,35229.28,2026-08-09T16:21:14.682717
B005589,U004319,C012,2005-12,23952.07,2026-08-09T16:21:14.682735
B005590,U003251,C013,,-37127.12,2026-08-09T16:21:14.682744
B005591,U001373,C006,1979-09,18322.96,2026-08-09T16:21:14.682761
B005592,U003635,C009,1974-05,4066.86,2026-08-09T16:21:14.682779
B005593,U000359,C011,2023-03,23546.23,2026-08-09T16:21:14.682797
B005594,U001569,C004,1975-05,6433.97,2026-08-09T16:21:14.682814
B005595,U004040,C011,2003-10,8169.1,2026-08-09T16:21:14.682832
B005596,U002587,C016,2018-10,23234.85,2026-08-09T16:21:14.682849
B005597,U004293,C019,1971-12,40362.61,2026-08-09T16:21:14.682868
B005598,U004537,C007,2009-01,4940.7,2026-08-09T16:21:14.682885
B005599,U002598,C003,2010-12,4689.88,2026-08-09T16:21:14.682947
B005600,U002155,C003,2020-11,7869.13,2026-08-09T16:21:14.682977
B005601,U004102,C009,2016-12,49700.09,2026-08-09T16:21:14.682998
B005602,U003411,C014,2014-09,10849.51,2026-08-09T16:21:14.683017
B005603,U001670,C014,1980-01,3727.01,2026-08-09T16:21:14.683035
B005604,U002160,C002,1997-08,28672.48,2026-08-09T16:21:14.683054
B005605,U003357,C012,2006-07,29859.59,2026-08-09T16:21:14.683072
B005606,U002600,C999,2020-07,2684.7,2026-08-09T16:21:14.683091
B005607,U000040,C006,1971-06,12715.77,2026-08-09T16:21:14.683109
B005608,U000743,C015,2025-04,20171.82,2026-08-09T16:21:14.683126
B005609,U003780,C000,2026-06,19353.76,2026-08-09T16:21:14.683144
B005610,U000301,C003,2012-03,5185.4,2026-08-09T16:21:14.683162
B005611,U001746,C017,1973-01,11090.61,2026-08-09T16:21:14.683179
B005612,U004279,C999,Q1-2026,-4401.52,2026-08-09T16:21:14.683189
B005613,U002604,C015,1998-06,29360.69,2026-08-09T16:21:14.683207
B005614,U003456,C008,1981-05,620.65,2026-08-09T16:21:14.683224
B005615,U000522,C999,Q1-2026,Rs.45547.82,2026-08-09T16:21:14.683233
B005616,U003267,C001,2013-02,35483.29,2026-08-09T16:21:14.683251
B005617,U004529,C004,1978-07,42591.5,2026-08-09T16:21:14.683268
B005618,U003450,C008,2026-13,13569,2026-08-09T16:21:14.683277
B005619,U000571,C003,2007-10,12681.41,2026-08-09T16:21:14.683295
B005620,U002597,C009,1976-08,32947.32,2026-08-09T16:21:14.683313
B005621,U001174,C008,2023-01,45479.59,2026-08-09T16:21:14.683330
B005622,U001039,C007,1988-10,47617.07,2026-08-09T16:21:14.683348
B005623,U003485,C009,2026-13,37119.76,2026-08-09T16:21:14.683380
B005624,U004187,C008,1977-11,20022.57,2026-08-09T16:21:14.683399
B005625,U004895,C011,2001-05,4898.84,2026-08-09T16:21:14.683418
B005626,U001219,C007,2014-01,13961.09,2026-08-09T16:21:14.683436
B005627,U003202,C010,2019-11,7351.65,2026-08-09T16:21:14.683454
B005628,U004057,C009,1981-11,21240.16,2026-08-09T16:21:14.683471
B005629,U001913,C003,2024-02,47328.63,2026-08-09T16:21:14.683489
B005630,U002214,C018,1980-06,39627.6,2026-08-09T16:21:14.683507
B005631,U000276,C010,Q1-2026,-41078.16,2026-08-09T16:21:14.683516
B005632,U001746,C015,1992-02,49020.18,2026-08-09T16:21:14.683533
B005633,U000853,C007,1998-03,32096.62,2026-08-09T16:21:14.683550
B005634,U003483,C007,1989-08,31640.49,2026-08-09T16:21:14.683568
B005635,U000097,C015,2016-09,27170.66,2026-08-09T16:21:14.683587
B005636,U000372,C999,2010-02,24181.69,2026-08-09T16:21:14.683604
B005637,U002631,C014,1982-02,37387.12,2026-08-09T16:21:14.683622
B005638,U004566,C016,2026-13,Rs.49196.47,2026-08-09T16:21:14.683631
B005639,U002643,C999,2018-03,42934.72,2026-08-09T16:21:14.683648
B005640,U002322,C015,2023-05,15329.03,2026-08-09T16:21:14.683666
B005641,U001950,C008,2020-06,35109.7,2026-08-09T16:21:14.683683
B005642,U004986,C015,1976-12,12437.98,2026-08-09T16:21:14.683701
B005643,U003914,C001,1979-11,4698.02,2026-08-09T16:21:14.683718
B005644,U002951,C004,1996-01,41806.7,2026-08-09T16:21:14.683736
B005645,U001977,C002,1976-07,33291.39,2026-08-09T16:21:14.683753
B005646,U003962,C010,2024-08,2448.58,2026-08-09T16:21:14.683771
B005647,U004616,C006,1975-03,23693.68,2026-08-09T16:21:14.683788
B005648,U000946,C016,,N/A,2026-08-09T16:21:14.683797
B005649,U002200,C999,1985-10,902.3,2026-08-09T16:21:14.683813
B005650,U001385,C018,1979-11,1072.09,2026-08-09T16:21:14.683831
B005651,U002902,C001,2006-12,29952.16,2026-08-09T16:21:14.683848
B005652,U004673,C004,1997-12,25114.49,2026-08-09T16:21:14.683866
B005653,U003661,C004,1978-02,19534.66,2026-08-09T16:21:14.683883
B005654,U003249,C006,1987-11,37053.11,2026-08-09T16:21:14.683925
B005655,U001408,C009,1997-11,3857.47,2026-08-09T16:21:14.683961
B005656,U000777,C002,2009-08,29845.38,2026-08-09T16:21:14.683984
B005657,U000288,C999,2018-11,41461.96,2026-08-09T16:21:14.684003
B005658,U001454,C015,1980-03,25644.85,2026-08-09T16:21:14.684022
B005659,U000212,C016,2014-05,48853.96,2026-08-09T16:21:14.684041
B005660,U000441,C012,2008-04,25120.09,2026-08-09T16:21:14.684059
B005661,U001005,C004,1987-07,48001.73,2026-08-09T16:21:14.684077
B005662,U003771,C018,1978-07,16618.53,2026-08-09T16:21:14.684094
B005663,U004541,C004,2004-06,38927.56,2026-08-09T16:21:14.684112
B005664,U001717,C007,1980-06,47778.99,2026-08-09T16:21:14.684130
B005665,U003196,C015,1994-11,24923.48,2026-08-09T16:21:14.684147
B005666,U001754,C016,1983-07,42567.12,2026-08-09T16:21:14.684165
B005667,U003513,C003,1997-03,21236.67,2026-08-09T16:21:14.684183
B005668,U000951,C008,1976-05,4605.53,2026-08-09T16:21:14.684200
B005669,U001429,C015,2006-10,32638.97,2026-08-09T16:21:14.684218
B005670,U001179,C006,1995-10,15784.26,2026-08-09T16:21:14.684236
B005671,U000765,C008,2004-12,9003.11,2026-08-09T16:21:14.684254
B005672,U002535,C004,2004-11,603.15,2026-08-09T16:21:14.684272
B005673,U000284,C014,1978-02,29699.99,2026-08-09T16:21:14.684289
B005674,U002137,C003,1972-11,18487.1,2026-08-09T16:21:14.684307
B005675,U000536,C019,2018-08,35448.37,2026-08-09T16:21:14.684325
B005676,U002804,C001,1988-08,48876.95,2026-08-09T16:21:14.684342
B005677,U004641,C004,2002-01,33157.81,2026-08-09T16:21:14.684359
B005678,U002703,C007,2007-07,47616.63,2026-08-09T16:21:14.684377
B005679,U000017,C018,2017-12,18213.16,2026-08-09T16:21:14.684395
B005680,U004484,C015,1988-09,24723.57,2026-08-09T16:21:14.684412
B005681,U004971,C007,2023-11,19775.11,2026-08-09T16:21:14.684430
B005682,U001492,C015,2021-02,10550.67,2026-08-09T16:21:14.684447
B005683,U003717,C004,2015-08,11134.13,2026-08-09T16:21:14.684465
B005684,U000815,C013,1970-02,48045.11,2026-08-09T16:21:14.684482
B005685,U000585,C004,2013-05,29153.94,2026-08-09T16:21:14.684500
B005686,U002626,C003,2026-13,N/A,2026-08-09T16:21:14.684508
B005687,U001699,C001,1990-08,5354.17,2026-08-09T16:21:14.684525
B005688,U001537,C011,2009-01,47277.5,2026-08-09T16:21:14.684543
B005689,U001459,C008,2011-11,20256.23,2026-08-09T16:21:14.684561
B005690,U004303,C009,2000-12,35576.18,2026-08-09T16:21:14.684578
B005691,U001396,C006,1997-12,6980.3,2026-08-09T16:21:14.684596
B005692,U001485,C007,2015-04,42806.54,2026-08-09T16:21:14.684613
B005693,U004568,C015,2009-12,39269.75,2026-08-09T16:21:14.684631
B005694,U002635,C015,1982-08,2971.13,2026-08-09T16:21:14.684649
B005695,U004714,C009,1986-09,10367.91,2026-08-09T16:21:14.684666
B005696,U000858,C007,2014-05,24007.11,2026-08-09T16:21:14.684684
B005697,U002893,C017,1997-08,43900.04,2026-08-09T16:21:14.684705
B005698,U001680,C015,1996-01,30902.33,2026-08-09T16:21:14.684723
B005699,U000914,C013,1989-09,40789.73,2026-08-09T16:21:14.684741
B005700,U001522,C004,1978-06,18795.45,2026-08-09T16:21:14.684758
B005701,U000053,C019,Q1-2026,-10464.92,2026-08-09T16:21:14.684767
B005702,U001899,C002,1999-06,46271.15,2026-08-09T16:21:14.684784
B005703,U002470,C008,2005-06,35721.32,2026-08-09T16:21:14.684802
B005704,U002018,C017,1993-11,165.64,2026-08-09T16:21:14.684819
B005705,U002279,C999,2008-07,21889.17,2026-08-09T16:21:14.684837
B005706,U001894,C017,2021-03,6173.83,2026-08-09T16:21:14.684855
B005707,U001711,C014,1977-03,3069.39,2026-08-09T16:21:14.684872
B005708,U002183,C012,1978-05,8460.83,2026-08-09T16:21:14.684889
B005709,U002565,C009,1983-07,1568.36,2026-08-09T16:21:14.684934
B005710,U000124,C000,1975-11,16050.44,2026-08-09T16:21:14.684966
B005711,U002916,C010,2007-05,32504.09,2026-08-09T16:21:14.684988
B005712,U001066,C006,2006-01,45861.8,2026-08-09T16:21:14.685007
B005713,U000828,C003,1983-07,38954.94,2026-08-09T16:21:14.685026
B005714,U004549,C005,Q1-2026,-32598.97,2026-08-09T16:21:14.685035
B005715,U000474,C004,1981-09,36460.71,2026-08-09T16:21:14.685054
B005716,U004031,C015,1976-01,29582.05,2026-08-09T16:21:14.685072
B005717,U001359,C010,1996-11,25777.11,2026-08-09T16:21:14.685090
B005718,U001795,C014,1980-08,3516.84,2026-08-09T16:21:14.685108
B005719,U002414,C003,2023-07,16063.15,2026-08-09T16:21:14.685126
B005720,U001923,C006,2008-04,37177.82,2026-08-09T16:21:14.685144
B005721,U000132,C012,1980-01,20554.16,2026-08-09T16:21:14.685161
B005722,U004042,C001,1984-09,32235.16,2026-08-09T16:21:14.685179
B005723,U003289,C006,2025-02,38279.88,2026-08-09T16:21:14.685197
B005724,U000818,C018,1985-10,39440.47,2026-08-09T16:21:14.685215
B005725,U003528,C002,2026-13,N/A,2026-08-09T16:21:14.685223
B005726,U001804,C000,1999-09,29752.55,2026-08-09T16:21:14.685240
B005727,U000934,C006,2013-12,12789.13,2026-08-09T16:21:14.685258
B005728,U003994,C015,Q1-2026,,2026-08-09T16:21:14.685266
B005729,U001760,C015,1986-04,28616.1,2026-08-09T16:21:14.685284
B005730,U000225,C013,2011-06,4885.16,2026-08-09T16:21:14.685301
B005731,U001123,C001,1975-11,44808.85,2026-08-09T16:21:14.685320
B005732,U003039,C016,1981-12,6488.22,2026-08-09T16:21:14.685337
B005733,U000790,C012,2016-07,9133.77,2026-08-09T16:21:14.685355
B005734,U002445,C004,1977-02,14934.72,2026-08-09T16:21:14.685373
B005735,U003917,C007,1982-11,7380.09,2026-08-09T16:21:14.685391
B005736,U002631,C001,1979-08,38390.88,2026-08-09T16:21:14.685412
B005737,U001101,C018,1971-11,33031.91,2026-08-09T16:21:14.685442
B005738,U001792,C012,,-31217.34,2026-08-09T16:21:14.685452
B005739,U003688,C005,Q1-2026,N/A,2026-08-09T16:21:14.685460
B005740,U004958,C000,1997-05,42356.83,2026-08-09T16:21:14.685479
B005741,U002628,C000,1984-02,46020.45,2026-08-09T16:21:14.685543
B005742,U004656,C019,2012-08,37678.94,2026-08-09T16:21:14.685566
B005743,U003394,C017,2020-03,42986.36,2026-08-09T16:21:14.685586
B005744,U002154,C008,2018-09,16098.45,2026-08-09T16:21:14.685605
B005745,U003659,C017,1996-11,38991.75,2026-08-09T16:21:14.685624
B005746,U003663,C008,2023-04,14728.24,2026-08-09T16:21:14.685642
B005747,U002577,C008,2012-11,2786.04,2026-08-09T16:21:14.685660
B005748,U002961,C002,2010-09,48687.51,2026-08-09T16:21:14.685700
B005749,U002669,C013,1987-03,24222.43,2026-08-09T16:21:14.685718
B005750,U000078,C018,2003-02,39355.32,2026-08-09T16:21:14.685737
B005751,U003224,C999,,N/A,2026-08-09T16:21:14.685745
B005752,U001988,C001,2017-03,46238.53,2026-08-09T16:21:14.685763
B005753,U001835,C008,Q1-2026,3931.13,2026-08-09T16:21:14.685772
B005754,U004414,C001,1984-01,19386.05,2026-08-09T16:21:14.685790
B005755,U004676,C002,1970-09,42146.77,2026-08-09T16:21:14.685808
B005756,U002226,C013,1999-10,17973.93,2026-08-09T16:21:14.685826
B005757,U000045,C001,1989-12,687.44,2026-08-09T16:21:14.685844
B005758,U000306,C000,2019-09,14651.51,2026-08-09T16:21:14.685861
B005759,U002939,C008,2024-04,31167.27,2026-08-09T16:21:14.685880
B005760,U001728,C009,1981-08,36592.52,2026-08-09T16:21:14.685923
B005761,U003610,C011,2004-12,8528.1,2026-08-09T16:21:14.685960
B005762,U002310,C017,1977-01,29052.29,2026-08-09T16:21:14.685983
B005763,U002310,C012,2023-10,21255.7,2026-08-09T16:21:14.686004
B005764,U003457,C001,1976-04,4166.95,2026-08-09T16:21:14.686023
B005765,U000323,C015,2016-03,30125.88,2026-08-09T16:21:14.686042
B005766,U000730,C016,2011-12,5614.15,2026-08-09T16:21:14.686060
B005767,U000874,C012,1980-07,17651.67,2026-08-09T16:21:14.686078
B005768,U003054,C001,1991-04,27848.07,2026-08-09T16:21:14.686096
B005769,U004637,C010,1973-01,30087.1,2026-08-09T16:21:14.686114
B005770,U000891,C010,1970-05,47004.76,2026-08-09T16:21:14.686132
B005771,U000578,C015,2026-05,12843.57,2026-08-09T16:21:14.686150
B005772,U002248,C015,2003-09,47470.78,2026-08-09T16:21:14.686168
B005773,U003172,C006,1995-04,40929.74,2026-08-09T16:21:14.686186
B005774,U000831,C999,1991-01,2003.08,2026-08-09T16:21:14.686203
B005775,U001714,C005,2005-05,35032.42,2026-08-09T16:21:14.686221
B005776,U003756,C012,1974-03,23595.78,2026-08-09T16:21:14.686238
B005777,U002517,C012,1995-06,4991.01,2026-08-09T16:21:14.686256
B005778,U002396,C008,2000-10,18992.43,2026-08-09T16:21:14.686274
B005779,U002993,C999,1985-04,25258.76,2026-08-09T16:21:14.686291
B005780,U001474,C008,2003-11,34162.36,2026-08-09T16:21:14.686309
B005781,U004442,C007,2026-13,25429.34,2026-08-09T16:21:14.686318
B005782,U001983,C014,2001-08,31639.43,2026-08-09T16:21:14.686336
B005783,U002285,C015,2013-09,46677.55,2026-08-09T16:21:14.686354
B005784,U001287,C018,1983-12,22883.35,2026-08-09T16:21:14.686371
B005785,U004707,C002,1970-03,35882.08,2026-08-09T16:21:14.686389
B005786,U002452,C016,1995-02,45475.35,2026-08-09T16:21:14.686406
B005787,U002504,C000,1985-10,44454.63,2026-08-09T16:21:14.686424
B005788,U002535,C012,2006-10,16994.45,2026-08-09T16:21:14.686441
B005789,U004459,C008,2020-04,44853.06,2026-08-09T16:21:14.686459
B005790,U004751,C004,2015-07,32221.59,2026-08-09T16:21:14.686477
B005791,U004121,C015,2000-10,28011.89,2026-08-09T16:21:14.686494
B005792,U003904,C007,1975-06,23926.14,2026-08-09T16:21:14.686511
B005793,U003910,C013,2014-11,40142.28,2026-08-09T16:21:14.686529
B005794,U003850,C006,1995-03,22643.69,2026-08-09T16:21:14.686546
B005795,U002033,C008,2026-13,N/A,2026-08-09T16:21:14.686554
B005796,U003723,C003,2007-12,21178.49,2026-08-09T16:21:14.686572
B005797,U004682,C014,2002-07,15337.51,2026-08-09T16:21:14.686589
B005798,U003749,C013,1992-05,21260.89,2026-08-09T16:21:14.686606
B005799,U000469,C019,1987-05,4089.89,2026-08-09T16:21:14.686624
B005800,U001554,C011,1990-09,8192.46,2026-08-09T16:21:14.686641
B005801,U001033,C010,1987-06,28847.52,2026-08-09T16:21:14.686659
B005802,U001725,C003,1994-11,22421.74,2026-08-09T16:21:14.686676
B005803,U004065,C000,1997-08,26552.06,2026-08-09T16:21:14.686694
B005804,U003665,C010,2025-09,28762.34,2026-08-09T16:21:14.686711
B005805,U003070,C999,,-36685.61,2026-08-09T16:21:14.686720
B005806,U004843,C999,1970-11,33548.67,2026-08-09T16:21:14.686737
B005807,U003972,C001,2021-09,33082.08,2026-08-09T16:21:14.686755
B005808,U003648,C015,2021-12,48298.97,2026-08-09T16:21:14.686772
B005809,U000909,C008,1988-03,1712.15,2026-08-09T16:21:14.686790
B005810,U003834,C001,2023-05,6747.11,2026-08-09T16:21:14.686807
B005811,U000149,C002,1999-05,18005.16,2026-08-09T16:21:14.686825
B005812,U002097,C019,2018-05,14115.89,2026-08-09T16:21:14.686842
B005813,U004409,C010,2021-12,22919.96,2026-08-09T16:21:14.686860
B005814,U003032,C012,2001-03,49668.15,2026-08-09T16:21:14.686877
B005815,U002116,C008,1975-09,46690.3,2026-08-09T16:21:14.686895
B005816,U002924,C010,1977-01,36630.82,2026-08-09T16:21:14.686950
B005817,U003878,C012,1998-12,47112.24,2026-08-09T16:21:14.686973
B005818,U003358,C006,2007-10,12108.87,2026-08-09T16:21:14.686993
B005819,U002224,C005,2015-11,171.17,2026-08-09T16:21:14.687012
B005820,U002735,C000,2001-12,49984.35,2026-08-09T16:21:14.687029
B005821,U001767,C000,2012-03,34294.43,2026-08-09T16:21:14.687048
B005822,U003851,C004,1999-04,26403.33,2026-08-09T16:21:14.687065
B005823,U001170,C015,1988-03,19459.78,2026-08-09T16:21:14.687083
B005824,U004157,C017,2015-08,24904.0,2026-08-09T16:21:14.687101
B005825,U004549,C018,1977-09,49548.97,2026-08-09T16:21:14.687119
B005826,U001290,C999,2021-07,49125.88,2026-08-09T16:21:14.687137
B005827,U000187,C007,1985-11,20493.32,2026-08-09T16:21:14.687154
B005828,U004998,C017,1997-03,1565.32,2026-08-09T16:21:14.687172
B005829,U003806,C013,2025-03,34070.38,2026-08-09T16:21:14.687189
B005830,U004431,C005,2013-03,32074.83,2026-08-09T16:21:14.687207
B005831,U002338,C006,2024-06,34601.27,2026-08-09T16:21:14.687225
B005832,U003948,C019,,Rs.40100.38,2026-08-09T16:21:14.687234
B005833,U004061,C014,1999-03,34041.35,2026-08-09T16:21:14.687251
B005834,U002278,C015,2011-09,5317.48,2026-08-09T16:21:14.687269
B005835,U004622,C002,1982-05,29325.08,2026-08-09T16:21:14.687286
B005836,U003508,C018,1973-12,16690.31,2026-08-09T16:21:14.687304
B005837,U003856,C005,1991-01,17161.93,2026-08-09T16:21:14.687321
B005838,U000295,C003,2013-08,19415.97,2026-08-09T16:21:14.687339
B005839,U003498,C019,,,2026-08-09T16:21:14.687347
B005840,U001705,C001,1975-09,23917.66,2026-08-09T16:21:14.687364
B005841,U004291,C002,2026-13,10795.79,2026-08-09T16:21:14.687373
B005842,U004747,C000,2020-01,7079.54,2026-08-09T16:21:14.687391
B005843,U003934,C009,2015-09,11592.6,2026-08-09T16:21:14.687408
B005844,U003540,C018,1983-04,43024.31,2026-08-09T16:21:14.687425
B005845,U002283,C019,2012-02,14077.52,2026-08-09T16:21:14.687443
B005846,U000739,C012,1995-04,33640.3,2026-08-09T16:21:14.687460
B005847,U000965,C003,1970-11,32246.62,2026-08-09T16:21:14.687478
B005848,U002461,C013,1993-04,45056.58,2026-08-09T16:21:14.687495
B005849,U000558,C003,Q1-2026,,2026-08-09T16:21:14.687504
B005850,U000773,C008,2008-07,21737.95,2026-08-09T16:21:14.687521
B005851,U002858,C003,1997-12,48864.47,2026-08-09T16:21:14.687538
B005852,U000225,C006,2006-06,41321.72,2026-08-09T16:21:14.687555
B005853,U000487,C011,2007-07,30140.85,2026-08-09T16:21:14.687573
B005854,U003540,C013,1992-09,32318.71,2026-08-09T16:21:14.687591
B005855,U001776,C018,2013-05,47372.81,2026-08-09T16:21:14.687608
B005856,U001547,C017,1983-03,33786.48,2026-08-09T16:21:14.687626
B005857,U002926,C009,1975-08,44331.88,2026-08-09T16:21:14.687643
B005858,U002456,C012,2014-08,12124.4,2026-08-09T16:21:14.687661
B005859,U001976,C009,1973-11,31394.14,2026-08-09T16:21:14.687678
B005860,U002658,C001,1994-05,36758.24,2026-08-09T16:21:14.687695
B005861,U001468,C014,,39519,2026-08-09T16:21:14.687704
B005862,U003718,C018,2026-13,Rs.40702.92,2026-08-09T16:21:14.687712
B005863,U002703,C011,1975-04,9901.41,2026-08-09T16:21:14.687730
B005864,U004967,C004,1975-11,13903.26,2026-08-09T16:21:14.687748
B005865,U002500,C016,2024-07,12311.6,2026-08-09T16:21:14.687766
B005866,U003232,C017,1988-10,35937.62,2026-08-09T16:21:14.687783
B005867,U003992,C018,2012-02,44253.8,2026-08-09T16:21:14.687801
B005868,U004313,C018,1971-06,41607.39,2026-08-09T16:21:14.687818
B005869,U000649,C005,1983-11,42752.96,2026-08-09T16:21:14.687836
B005870,U003624,C005,1981-08,25326.21,2026-08-09T16:21:14.687853
B005871,U004078,C017,1976-06,19183.66,2026-08-09T16:21:14.687870
B005872,U000426,C009,1980-10,910.42,2026-08-09T16:21:14.687888
B005873,U001354,C019,2008-10,18863.95,2026-08-09T16:21:14.687963
B005874,U003120,C010,1983-01,9140.22,2026-08-09T16:21:14.687987
B005875,U000821,C010,1997-11,24308.99,2026-08-09T16:21:14.688008
B005876,U004208,C001,2026-13,-922.3,2026-08-09T16:21:14.688018
B005877,U000065,C014,2026-13,-28343.27,2026-08-09T16:21:14.688027
B005878,U002292,C007,1974-05,39337.8,2026-08-09T16:21:14.688045
B005879,U000460,C005,1996-05,21122.44,2026-08-09T16:21:14.688064
B005880,U000816,C009,2013-10,31019.99,2026-08-09T16:21:14.688082
B005881,U002929,C010,1982-03,1507.91,2026-08-09T16:21:14.688100
B005882,U003031,C006,2002-05,45132.95,2026-08-09T16:21:14.688118
B005883,U000248,C003,2006-11,35966.61,2026-08-09T16:21:14.688136
B005884,U003025,C012,1971-07,22151.59,2026-08-09T16:21:14.688154
B005885,U000750,C007,1975-07,23862.71,2026-08-09T16:21:14.688172
B005886,U000537,C014,2000-06,13768.85,2026-08-09T16:21:14.688190
B005887,U003694,C011,1977-10,20748.5,2026-08-09T16:21:14.688208
B005888,U004093,C007,2026-13,-9252.42,2026-08-09T16:21:14.688217
B005889,U003647,C006,1972-11,22662.68,2026-08-09T16:21:14.688235
B005890,U004878,C015,1970-10,40566.13,2026-08-09T16:21:14.688252
B005891,U000683,C000,2025-10,4894.36,2026-08-09T16:21:14.688270
B005892,U002370,C018,1991-01,8598.52,2026-08-09T16:21:14.688288
B005893,U004518,C019,1977-05,42643.49,2026-08-09T16:21:14.688305
B005894,U001304,C008,1996-12,787.37,2026-08-09T16:21:14.688323
B005895,U000633,C006,Q1-2026,Rs.19069.59,2026-08-09T16:21:14.688332
B005896,U003492,C012,2015-08,2659.59,2026-08-09T16:21:14.688350
B005897,U002564,C002,1992-02,48792.72,2026-08-09T16:21:14.688367
B005898,U002796,C017,2016-11,36096.14,2026-08-09T16:21:14.688385
B005899,U003858,C002,1995-05,3216.58,2026-08-09T16:21:14.688402
B005900,U000253,C001,2009-03,47843.14,2026-08-09T16:21:14.688420
B005901,U000679,C010,1977-03,37320.54,2026-08-09T16:21:14.688437
B005902,U000921,C018,1994-06,47186.97,2026-08-09T16:21:14.688454
B005903,U003329,C001,1985-04,41528.12,2026-08-09T16:21:14.688472
B005904,U003327,C019,1997-01,39025.15,2026-08-09T16:21:14.688489
B005905,U002244,C015,1978-05,49834.53,2026-08-09T16:21:14.688507
B005906,U003417,C001,2019-10,42368.84,2026-08-09T16:21:14.688524
B005907,U004115,C010,2022-02,18807.44,2026-08-09T16:21:14.688542
B005908,U002866,C000,1973-06,41871.26,2026-08-09T16:21:14.688559
B005909,U002536,C012,1994-01,43247.06,2026-08-09T16:21:14.688576
B005910,U003168,C018,1988-08,43837.6,2026-08-09T16:21:14.688593
B005911,U004097,C013,1977-08,37846.0,2026-08-09T16:21:14.688610
B005912,U004030,C010,2007-05,42638.16,2026-08-09T16:21:14.688628
B005913,U004245,C005,1971-05,24937.16,2026-08-09T16:21:14.688645
B005914,U000948,C009,2010-07,28092.23,2026-08-09T16:21:14.688662
B005915,U000795,C012,1982-05,2785.28,2026-08-09T16:21:14.688679
B005916,U000172,C002,2015-09,28380.44,2026-08-09T16:21:14.688697
B005917,U002705,C011,2023-03,45525.3,2026-08-09T16:21:14.688714
B005918,U001395,C012,,Rs.36903.46,2026-08-09T16:21:14.688723
B005919,U000382,C008,2005-05,13548.88,2026-08-09T16:21:14.688740
B005920,U002449,C008,1976-10,37332.5,2026-08-09T16:21:14.688757
B005921,U002134,C004,1971-05,37438.51,2026-08-09T16:21:14.688775
B005922,U000153,C016,1995-06,26945.53,2026-08-09T16:21:14.688792
B005923,U000357,C002,1978-12,16427.02,2026-08-09T16:21:14.688809
B005924,U003590,C016,2020-10,32899.73,2026-08-09T16:21:14.688827
B005925,U001448,C013,2011-03,25497.29,2026-08-09T16:21:14.688844
B005926,U003639,C001,2005-03,14672.78,2026-08-09T16:21:14.688861
B005927,U003366,C018,1996-12,33267.54,2026-08-09T16:21:14.688879
B005928,U001227,C000,2016-01,22269.81,2026-08-09T16:21:14.688896
B005929,U004415,C002,2024-11,21962.53,2026-08-09T16:21:14.688952
B005930,U003515,C017,2026-13,-45084.67,2026-08-09T16:21:14.688963
B005931,U003869,C004,1971-04,33587.95,2026-08-09T16:21:14.688985
B005932,U003829,C012,1983-04,20561.71,2026-08-09T16:21:14.689005
B005933,U000388,C010,2009-05,12586.25,2026-08-09T16:21:14.689024
B005934,U000684,C010,2009-09,1897.56,2026-08-09T16:21:14.689043
B005935,U003542,C000,1970-08,4025.59,2026-08-09T16:21:14.689061
B005936,U003745,C011,2025-05,37891.07,2026-08-09T16:21:14.689079
B005937,U004398,C000,1975-08,282.16,2026-08-09T16:21:14.689097
B005938,U003876,C017,2004-03,12528.56,2026-08-09T16:21:14.689115
B005939,U003012,C011,2015-05,22833.11,2026-08-09T16:21:14.689134
B005940,U003505,C015,2024-10,24116.11,2026-08-09T16:21:14.689152
B005941,U003505,C015,2026-13,N/A,2026-08-09T16:21:14.689160
B005942,U001448,C017,1993-06,37988.57,2026-08-09T16:21:14.689178
B005943,U000961,C008,2018-08,10273.03,2026-08-09T16:21:14.689195
B005944,U004848,C004,2023-01,5546.14,2026-08-09T16:21:14.689213
B005945,U001447,C011,2012-04,31111.76,2026-08-09T16:21:14.689231
B005946,U001607,C013,1985-09,47687.26,2026-08-09T16:21:14.689249
B005947,U002296,C001,1994-08,44766.41,2026-08-09T16:21:14.689267
B005948,U000837,C005,2023-11,34351.83,2026-08-09T16:21:14.689285
B005949,U004857,C018,,40408,2026-08-09T16:21:14.689295
B005950,U003203,C018,1995-04,36728.37,2026-08-09T16:21:14.689312
B005951,U004419,C000,2026-06,4539.3,2026-08-09T16:21:14.689330
B005952,U001353,C010,2009-06,37769.55,2026-08-09T16:21:14.689348
B005953,U000498,C017,2000-06,10816.76,2026-08-09T16:21:14.689366
B005954,U000119,C017,Q1-2026,Rs.1924.71,2026-08-09T16:21:14.689375
B005955,U000315,C002,1974-07,42496.63,2026-08-09T16:21:14.689392
B005956,U001379,C001,2011-04,36763.87,2026-08-09T16:21:14.689410
B005957,U000261,C014,1984-12,3122.81,2026-08-09T16:21:14.689427
B005958,U002761,C019,2026-05,17593.6,2026-08-09T16:21:14.689445
B005959,U000865,C010,1971-11,6171.25,2026-08-09T16:21:14.689463
B005960,U003103,C002,1987-10,21785.29,2026-08-09T16:21:14.689480
B005961,U004690,C012,1973-02,43799.24,2026-08-09T16:21:14.689541
B005962,U004437,C012,2024-03,46185.36,2026-08-09T16:21:14.689565
B005963,U003160,C001,1990-06,6646.36,2026-08-09T16:21:14.689585
B005964,U003077,C016,1974-10,24413.95,2026-08-09T16:21:14.689604
B005965,U000496,C019,2020-07,7417.12,2026-08-09T16:21:14.689624
B005966,U002260,C011,1990-12,2309.57,2026-08-09T16:21:14.689642
B005967,U000160,C012,2009-02,30726.08,2026-08-09T16:21:14.689660
B005968,U003597,C017,,40970.83,2026-08-09T16:21:14.689669
B005969,U004578,C015,1988-06,45569.05,2026-08-09T16:21:14.689687
B005970,U004389,C006,1997-06,31803.6,2026-08-09T16:21:14.689704
B005971,U000960,C001,2025-11,49112.24,2026-08-09T16:21:14.689722
B005972,U003580,C012,1970-07,16137.44,2026-08-09T16:21:14.689740
B005973,U002352,C007,2014-07,42583.99,2026-08-09T16:21:14.689757
B005974,U004616,C007,1972-09,47733.23,2026-08-09T16:21:14.689775
B005975,U002266,C013,2011-04,3108.26,2026-08-09T16:21:14.689792
B005976,U002565,C999,2006-07,35731.29,2026-08-09T16:21:14.689810
B005977,U004371,C019,Q1-2026,N/A,2026-08-09T16:21:14.689818
B005978,U000862,C008,2015-03,28265.97,2026-08-09T16:21:14.689836
B005979,U002006,C015,2004-01,18654.42,2026-08-09T16:21:14.689853
B005980,U002331,C009,2003-10,23379.25,2026-08-09T16:21:14.689871
B005981,U000417,C999,1983-09,41518.79,2026-08-09T16:21:14.689889
B005982,U003794,C007,2022-05,2893.68,2026-08-09T16:21:14.689934
B005983,U001036,C015,1971-05,32746.14,2026-08-09T16:21:14.689967
B005984,U001309,C014,1982-09,21278.39,2026-08-09T16:21:14.689989
B005985,U001540,C000,1984-07,34284.59,2026-08-09T16:21:14.690009
B005986,U002626,C999,2005-07,39755.78,2026-08-09T16:21:14.690028
B005987,U000968,C019,1987-03,27275.5,2026-08-09T16:21:14.690046
B005988,U004021,C010,1971-11,14946.13,2026-08-09T16:21:14.690065
B005989,U004441,C016,2011-10,38742.19,2026-08-09T16:21:14.690083
B005990,U001474,C015,2000-07,15379.77,2026-08-09T16:21:14.690101
B005991,U004182,C005,1991-12,25073.66,2026-08-09T16:21:14.690119
B005992,U003640,C005,1997-02,17230.27,2026-08-09T16:21:14.690137
B005993,U000107,C011,2002-04,34676.48,2026-08-09T16:21:14.690154
B005994,U002955,C002,2017-09,15986.95,2026-08-09T16:21:14.690172
B005995,U000459,C003,2014-05,9434.64,2026-08-09T16:21:14.690190
B005996,U003834,C002,1985-05,4602.63,2026-08-09T16:21:14.690207
B005997,U004179,C015,1994-07,33627.62,2026-08-09T16:21:14.690225
B005998,U002830,C000,1987-07,35980.5,2026-08-09T16:21:14.690262
B005999,U000986,C016,1984-07,31758.8,2026-08-09T16:21:14.690281
B006000,U000200,C011,Q1-2026,Rs.4638.48,2026-08-09T16:21:14.690291
B006001,U000026,C015,2025-04,12921.98,2026-08-09T16:21:14.690309
B006002,U002251,C011,1970-10,3396.6,2026-08-09T16:21:14.690327
B006003,U004945,C006,2020-05,10821.31,2026-08-09T16:21:14.690345
B006004,U003873,C013,1972-02,35010.87,2026-08-09T16:21:14.690362
B006005,U003134,C017,1986-07,28591.53,2026-08-09T16:21:14.690380
B006006,U002172,C014,1993-05,11314.05,2026-08-09T16:21:14.690398
B006007,U001613,C001,2018-01,28371.88,2026-08-09T16:21:14.690415
B006008,U003028,C005,1984-04,42540.05,2026-08-09T16:21:14.690433
B006009,U003075,C001,1996-02,18354.71,2026-08-09T16:21:14.690450
B006010,U000371,C014,1999-11,4056.87,2026-08-09T16:21:14.690468
B006011,U001008,C006,1981-12,23864.31,2026-08-09T16:21:14.690486
B006012,U002433,C019,2011-06,4336.56,2026-08-09T16:21:14.690504
B006013,U004384,C002,2000-04,28378.94,2026-08-09T16:21:14.690521
B006014,U003189,C018,1994-12,14365.36,2026-08-09T16:21:14.690539
B006015,U002436,C006,1979-08,48396.37,2026-08-09T16:21:14.690557
B006016,U001597,C002,1992-12,32892.79,2026-08-09T16:21:14.690574
B006017,U002581,C019,1985-12,48747.8,2026-08-09T16:21:14.690592
B006018,U003446,C017,2020-09,38033.88,2026-08-09T16:21:14.690610
B006019,U004448,C018,2002-11,15987.53,2026-08-09T16:21:14.690627
B006020,U002404,C012,1978-01,35065.0,2026-08-09T16:21:14.690645
B006021,U000883,C017,1985-12,22392.84,2026-08-09T16:21:14.690662
B006022,U003923,C013,1994-01,39054.97,2026-08-09T16:21:14.690680
B006023,U000379,C004,1987-11,9931.79,2026-08-09T16:21:14.690697
B006024,U001721,C007,1993-11,40648.7,2026-08-09T16:21:14.690715
B006025,U004302,C999,1974-09,37947.45,2026-08-09T16:21:14.690732
B006026,U004669,C012,1980-11,213.33,2026-08-09T16:21:14.690750
B006027,U000221,C019,1972-03,36316.85,2026-08-09T16:21:14.690767
B006028,U004060,C000,1996-08,12932.7,2026-08-09T16:21:14.690784
B006029,U002542,C007,Q1-2026,45846.17,2026-08-09T16:21:14.690793
B006030,U002483,C014,1988-10,2014.83,2026-08-09T16:21:14.690811
B006031,U001251,C012,1974-06,2150.79,2026-08-09T16:21:14.690828
B006032,U002576,C015,2025-11,36687.24,2026-08-09T16:21:14.690846
B006033,U003494,C006,1976-05,20672.18,2026-08-09T16:21:14.690863
B006034,U001680,C015,2026-13,26500.49,2026-08-09T16:21:14.690872
B006035,U001206,C006,2007-10,9503.46,2026-08-09T16:21:14.690890
B006036,U004622,C014,1976-01,1486.83,2026-08-09T16:21:14.690941
B006037,U000138,C017,2016-02,8494.59,2026-08-09T16:21:14.690968
B006038,U000412,C999,1989-12,34374.24,2026-08-09T16:21:14.690990
B006039,U004289,C012,2008-07,6939.05,2026-08-09T16:21:14.691010
B006040,U000306,C999,Q1-2026,Rs.41475.39,2026-08-09T16:21:14.691020
B006041,U003771,C016,1991-02,46725.88,2026-08-09T16:21:14.691038
B006042,U004140,C999,2001-07,32512.06,2026-08-09T16:21:14.691057
B006043,U004460,C018,1976-08,19366.49,2026-08-09T16:21:14.691075
B006044,U003268,C016,Q1-2026,-45404.56,2026-08-09T16:21:14.691084
B006045,U003984,C018,2002-01,2357.02,2026-08-09T16:21:14.691101
B006046,U001338,C011,2004-01,8601.19,2026-08-09T16:21:14.691119
B006047,U003091,C010,1987-06,25183.99,2026-08-09T16:21:14.691137
B006048,U004472,C002,Q1-2026,-22484.85,2026-08-09T16:21:14.691146
B006049,U000826,C019,1976-02,30486.11,2026-08-09T16:21:14.691168
B006050,U004952,C014,2023-03,429.32,2026-08-09T16:21:14.691199
B006051,U004567,C001,1994-11,26563.32,2026-08-09T16:21:14.691235
B006052,U000035,C019,2017-06,27307.96,2026-08-09T16:21:14.691270
B006053,U002117,C008,2018-02,45417.35,2026-08-09T16:21:14.691303
B006054,U004513,C018,2013-12,2235.86,2026-08-09T16:21:14.691328
B006055,U002225,C017,1984-07,12341.71,2026-08-09T16:21:14.691354
B006056,U002607,C017,2005-10,18863.56,2026-08-09T16:21:14.691379
B006057,U001109,C012,2008-09,3003.38,2026-08-09T16:21:14.691404
B006058,U000575,C016,Q1-2026,1487,2026-08-09T16:21:14.691416
B006059,U003399,C009,1997-03,2815.06,2026-08-09T16:21:14.691440
B006060,U004963,C018,2015-07,23831.98,2026-08-09T16:21:14.691465
B006061,U001823,C999,2018-07,1224.59,2026-08-09T16:21:14.691490
B006062,U004552,C000,2024-12,42094.79,2026-08-09T16:21:14.691518
B006063,U004292,C005,2007-06,46118.09,2026-08-09T16:21:14.691553
B006064,U002739,C007,2019-09,21946.37,2026-08-09T16:21:14.691590
B006065,U004308,C016,2016-05,24829.61,2026-08-09T16:21:14.691625
B006066,U000657,C010,2017-02,39328.11,2026-08-09T16:21:14.691660
B006067,U004427,C999,1975-09,4930.55,2026-08-09T16:21:14.691696
B006068,U003601,C006,1972-04,35723.12,2026-08-09T16:21:14.691732
B006069,U001368,C003,2024-06,42038.16,2026-08-09T16:21:14.691766
B006070,U003176,C004,1982-12,13512.33,2026-08-09T16:21:14.691799
B006071,U002257,C008,2016-08,12320.13,2026-08-09T16:21:14.691836
B006072,U000440,C017,2009-08,7960.91,2026-08-09T16:21:14.691869
B006073,U000319,C011,1976-11,32467.51,2026-08-09T16:21:14.691949
B006074,U003346,C013,1995-12,6751.77,2026-08-09T16:21:14.692003
B006075,U000114,C014,1996-09,26047.47,2026-08-09T16:21:14.692044
B006076,U003284,C008,1979-03,44845.0,2026-08-09T16:21:14.692081
B006077,U002720,C014,1987-05,22456.55,2026-08-09T16:21:14.692117
B006078,U003163,C004,1991-04,5851.04,2026-08-09T16:21:14.692151
B006079,U000760,C016,1993-05,33113.58,2026-08-09T16:21:14.692186
B006080,U002809,C999,1984-05,6269.5,2026-08-09T16:21:14.692221
B006081,U002463,C004,1986-07,13160.46,2026-08-09T16:21:14.692255
B006082,U003456,C012,1991-06,22726.31,2026-08-09T16:21:14.692289
B006083,U004690,C019,1993-09,2751.06,2026-08-09T16:21:14.692323
B006084,U001108,C013,1990-09,23614.23,2026-08-09T16:21:14.692357
B006085,U003550,C000,2023-09,4953.67,2026-08-09T16:21:14.692390
B006086,U002128,C003,1998-08,11390.95,2026-08-09T16:21:14.692424
B006087,U001911,C017,2021-02,20363.66,2026-08-09T16:21:14.692457
B006088,U001791,C007,1980-03,30811.24,2026-08-09T16:21:14.692492
B006089,U004394,C019,2008-09,26241.61,2026-08-09T16:21:14.692526
B006090,U002933,C999,1974-10,44059.82,2026-08-09T16:21:14.692560
B006091,U004104,C013,2007-08,9343.93,2026-08-09T16:21:14.692592
B006092,U003528,C002,1982-11,3029.17,2026-08-09T16:21:14.692624
B006093,U003055,C015,1998-10,13441.57,2026-08-09T16:21:14.692655
B006094,U004583,C009,2013-09,10046.55,2026-08-09T16:21:14.692685
B006095,U000648,C009,2019-01,41623.32,2026-08-09T16:21:14.692715
B006096,U003362,C004,2018-06,24057.19,2026-08-09T16:21:14.692743
B006097,U000033,C999,2015-01,19945.45,2026-08-09T16:21:14.692768
B006098,U000632,C004,,Rs.20635.41,2026-08-09T16:21:14.692781
B006099,U000297,C018,2018-11,39970.84,2026-08-09T16:21:14.692808
B006100,U004955,C001,Q1-2026,-45354.65,2026-08-09T16:21:14.692821
B006101,U000871,C013,,17787,2026-08-09T16:21:14.692834
B006102,U002530,C010,2005-10,47138.95,2026-08-09T16:21:14.692859
B006103,U002036,C001,1985-05,2743.39,2026-08-09T16:21:14.692884
B006104,U004251,C008,2012-03,42712.04,2026-08-09T16:21:14.692969
B006105,U004021,C009,2008-07,43111.16,2026-08-09T16:21:14.693012
B006106,U001240,C000,2013-06,45567.57,2026-08-09T16:21:14.693047
B006107,U001069,C010,2022-11,33264.05,2026-08-09T16:21:14.693083
B006108,U004148,C014,2003-09,34329.06,2026-08-09T16:21:14.693120
B006109,U000462,C015,2010-03,38688.73,2026-08-09T16:21:14.693148
B006110,U000892,C013,2014-03,49592.81,2026-08-09T16:21:14.693186
B006111,U003275,C018,1995-11,44332.61,2026-08-09T16:21:14.693225
B006112,U003665,C001,Q1-2026,26615,2026-08-09T16:21:14.693244
B006113,U000538,C003,2010-08,40690.09,2026-08-09T16:21:14.693278
B006114,U002071,C000,Q1-2026,-7349.7,2026-08-09T16:21:14.693294
B006115,U002209,C005,2026-13,48937.5,2026-08-09T16:21:14.693309
B006116,U002107,C007,2025-06,15512.47,2026-08-09T16:21:14.693346
B006117,U002511,C013,1975-03,16928.19,2026-08-09T16:21:14.693384
B006118,U002917,C001,2018-08,42369.87,2026-08-09T16:21:14.693418
B006119,U002330,C015,2021-10,44439.34,2026-08-09T16:21:14.693450
B006120,U002157,C002,1986-12,4093.87,2026-08-09T16:21:14.693482
B006121,U001285,C016,2000-01,18706.69,2026-08-09T16:21:14.693580
B006122,U002886,C006,2022-02,35855.27,2026-08-09T16:21:14.693651
B006123,U004500,C017,2026-03,36061.68,2026-08-09T16:21:14.693684
B006124,U004911,C999,1971-02,45014.09,2026-08-09T16:21:14.693723
B006125,U002592,C018,1970-04,46600.35,2026-08-09T16:21:14.693761
B006126,U002132,C002,2007-05,33658.55,2026-08-09T16:21:14.693801
B006127,U001340,C016,1991-10,36890.38,2026-08-09T16:21:14.693839
B006128,U001349,C007,2018-02,2496.2,2026-08-09T16:21:14.693879
B006129,U003271,C008,2018-11,36429.43,2026-08-09T16:21:14.693967
B006130,U002016,C999,2026-13,,2026-08-09T16:21:14.693985
B006131,U002415,C999,1984-06,38729.15,2026-08-09T16:21:14.694018
B006132,U001191,C018,1992-12,35114.15,2026-08-09T16:21:14.694045
B006133,U003740,C016,2019-12,21435.07,2026-08-09T16:21:14.694071
B006134,U004086,C999,2015-01,36575.75,2026-08-09T16:21:14.694096
B006135,U000440,C009,1978-10,49855.86,2026-08-09T16:21:14.694121
B006136,U003722,C004,2012-05,13098.79,2026-08-09T16:21:14.694147
B006137,U003222,C008,2001-09,45676.42,2026-08-09T16:21:14.694173
B006138,U000069,C006,2017-09,33078.2,2026-08-09T16:21:14.694199
B006139,U004611,C000,1998-06,20509.5,2026-08-09T16:21:14.694224
B006140,U000610,C000,2001-09,1619.26,2026-08-09T16:21:14.694250
B006141,U004579,C009,2006-06,14585.44,2026-08-09T16:21:14.694276
B006142,U004160,C005,1996-12,28951.22,2026-08-09T16:21:14.694303
B006143,U003106,C999,1983-10,12991.07,2026-08-09T16:21:14.694327
B006144,U004118,C004,1992-06,21189.31,2026-08-09T16:21:14.694353
B006145,U004951,C015,2006-02,48480.84,2026-08-09T16:21:14.694379
B006146,U001474,C009,Q1-2026,-29611.05,2026-08-09T16:21:14.694394
B006147,U003846,C018,2015-08,28653.08,2026-08-09T16:21:14.694421
B006148,U004331,C008,2026-13,13232.31,2026-08-09T16:21:14.694435
B006149,U002869,C003,1993-08,32536.31,2026-08-09T16:21:14.694462
B006150,U001826,C009,1984-05,10236.72,2026-08-09T16:21:14.694488
B006151,U000457,C014,2002-05,34591.92,2026-08-09T16:21:14.694516
B006152,U000164,C013,2022-05,42667.41,2026-08-09T16:21:14.694546
B006153,U001960,C018,1995-08,16445.65,2026-08-09T16:21:14.694580
B006154,U001955,C010,1972-07,46648.52,2026-08-09T16:21:14.694614
B006155,U002207,C010,1984-01,30972.68,2026-08-09T16:21:14.694643
B006156,U001714,C003,2018-06,7810.78,2026-08-09T16:21:14.694669
B006157,U000825,C002,1989-11,9132.58,2026-08-09T16:21:14.694701
B006158,U001246,C003,2001-11,48606.48,2026-08-09T16:21:14.694728
B006159,U002616,C008,2018-05,13136.17,2026-08-09T16:21:14.694756
B006160,U004535,C016,1995-09,29185.37,2026-08-09T16:21:14.694783
B006161,U003733,C001,1993-12,24384.78,2026-08-09T16:21:14.694810
B006162,U000231,C014,2017-12,1266.66,2026-08-09T16:21:14.694836
B006163,U000163,C999,2002-05,20115.01,2026-08-09T16:21:14.694862
B006164,U001780,C005,1987-05,22194.8,2026-08-09T16:21:14.694888
B006165,U001527,C006,1994-08,6508.8,2026-08-09T16:21:14.694966
B006166,U001252,C000,1995-11,47889.51,2026-08-09T16:21:14.694999
B006167,U004303,C001,1994-01,12774.16,2026-08-09T16:21:14.695027
B006168,U003942,C016,2023-10,31079.38,2026-08-09T16:21:14.695056
B006169,U001979,C014,2012-08,30217.25,2026-08-09T16:21:14.695084
B006170,U004052,C010,2009-03,8162.48,2026-08-09T16:21:14.695113
B006171,U001563,C019,1974-08,29449.97,2026-08-09T16:21:14.695140
B006172,U001598,C012,1976-10,28289.96,2026-08-09T16:21:14.695168
B006173,U004253,C009,1980-09,18103.81,2026-08-09T16:21:14.695195
B006174,U004802,C017,1990-08,33684.67,2026-08-09T16:21:14.695223
B006175,U002968,C014,1991-07,48654.97,2026-08-09T16:21:14.695251
B006176,U001258,C016,1984-04,8287.27,2026-08-09T16:21:14.695277
B006177,U004953,C000,1989-05,5039.43,2026-08-09T16:21:14.695302
B006178,U002882,C003,2007-03,15790.82,2026-08-09T16:21:14.695329
B006179,U002569,C005,2004-08,24088.85,2026-08-09T16:21:14.695354
B006180,U004451,C015,1976-05,47887.51,2026-08-09T16:21:14.695380
B006181,U002715,C007,1994-08,9661.43,2026-08-09T16:21:14.695405
B006182,U003653,C018,2002-10,47039.62,2026-08-09T16:21:14.695430
B006183,U001746,C999,2017-11,14944.98,2026-08-09T16:21:14.695457
B006184,U003136,C002,2017-12,30816.88,2026-08-09T16:21:14.695484
B006185,U000776,C014,2000-01,18979.2,2026-08-09T16:21:14.695510
B006186,U001167,C003,1990-02,40133.38,2026-08-09T16:21:14.695536
B006187,U000355,C005,2012-07,24940.62,2026-08-09T16:21:14.695564
B006188,U004612,C011,1995-05,44391.37,2026-08-09T16:21:14.695588
B006189,U003801,C001,2002-07,38424.81,2026-08-09T16:21:14.695614
B006190,U001025,C010,1971-06,11372.97,2026-08-09T16:21:14.695640
B006191,U000437,C999,1991-03,39280.89,2026-08-09T16:21:14.695665
B006192,U000022,C010,2006-12,45017.96,2026-08-09T16:21:14.695691
B006193,U003138,C019,2011-07,10417.61,2026-08-09T16:21:14.695718
B006194,U003831,C999,1982-01,28781.53,2026-08-09T16:21:14.695744
B006195,U001374,C015,2020-06,14356.35,2026-08-09T16:21:14.695771
B006196,U003152,C005,2003-06,8957.51,2026-08-09T16:21:14.695797
B006197,U003897,C010,2007-12,9729.8,2026-08-09T16:21:14.695824
B006198,U002850,C005,Q1-2026,13014.77,2026-08-09T16:21:14.695839
B006199,U001097,C000,2025-06,22229.2,2026-08-09T16:21:14.695866
B006200,U001579,C003,1997-06,15530.95,2026-08-09T16:21:14.695892
B006201,U002056,C999,2007-06,30439.29,2026-08-09T16:21:14.695974
B006202,U000942,C018,2018-06,35326.97,2026-08-09T16:21:14.696008
B006203,U002213,C010,2014-06,48453.96,2026-08-09T16:21:14.696037
B006204,U002156,C005,1997-01,31653.42,2026-08-09T16:21:14.696066
B006205,U004529,C008,1997-03,327.05,2026-08-09T16:21:14.696092
B006206,U001155,C015,2016-09,22343.32,2026-08-09T16:21:14.696118
B006207,U002906,C014,1976-04,42687.6,2026-08-09T16:21:14.696145
B006208,U003391,C016,1971-12,16577.35,2026-08-09T16:21:14.696172
B006209,U000481,C010,2015-07,33698.58,2026-08-09T16:21:14.696199
B006210,U001278,C011,2017-11,4442.77,2026-08-09T16:21:14.696225
B006211,U000250,C006,1996-06,4491.46,2026-08-09T16:21:14.696251
B006212,U003710,C004,2022-05,49860.9,2026-08-09T16:21:14.696276
B006213,U004743,C003,1977-08,13701.7,2026-08-09T16:21:14.696301
B006214,U003057,C013,1990-09,21487.41,2026-08-09T16:21:14.696329
B006215,U003343,C012,2023-11,36412.62,2026-08-09T16:21:14.696355
B006216,U000078,C002,1971-01,35998.82,2026-08-09T16:21:14.696381
B006217,U002214,C007,,49740.35,2026-08-09T16:21:14.696394
B006218,U001518,C012,Q1-2026,,2026-08-09T16:21:14.696406
B006219,U003780,C011,1974-11,20968.47,2026-08-09T16:21:14.696432
B006220,U003234,C011,1990-11,37305.02,2026-08-09T16:21:14.696460
B006221,U001140,C018,1985-12,32147.78,2026-08-09T16:21:14.696486
B006222,U002464,C002,2004-12,38228.07,2026-08-09T16:21:14.696511
B006223,U003548,C016,1972-01,16228.05,2026-08-09T16:21:14.696536
B006224,U001244,C007,2026-13,2735.23,2026-08-09T16:21:14.696548
B006225,U003491,C005,2017-01,5872.78,2026-08-09T16:21:14.696574
B006226,U000191,C013,2005-02,41894.48,2026-08-09T16:21:14.696601
B006227,U002739,C007,2005-04,42489.72,2026-08-09T16:21:14.696627
B006228,U001800,C000,2000-06,16105.66,2026-08-09T16:21:14.696654
B006229,U002427,C005,1995-12,27163.18,2026-08-09T16:21:14.696680
B006230,U004020,C016,2026-13,31750.91,2026-08-09T16:21:14.696694
B006231,U001658,C001,1988-04,46728.34,2026-08-09T16:21:14.696721
B006232,U003095,C003,1990-12,17587.33,2026-08-09T16:21:14.696745
B006233,U000913,C001,,Rs.19909.98,2026-08-09T16:21:14.696757
B006234,U003550,C014,2026-13,-16589.72,2026-08-09T16:21:14.696769
B006235,U003769,C018,2026-03,31992.87,2026-08-09T16:21:14.696794
B006236,U003629,C019,1982-04,21542.78,2026-08-09T16:21:14.696818
B006237,U004869,C018,1984-08,48937.92,2026-08-09T16:21:14.696843
B006238,U000264,C018,2021-04,46505.0,2026-08-09T16:21:14.696869
B006239,U000398,C017,2022-11,23064.68,2026-08-09T16:21:14.696894
B006240,U000567,C004,2001-02,7487.23,2026-08-09T16:21:14.696978
B006241,U004188,C007,1990-03,929.76,2026-08-09T16:21:14.697007
B006242,U000765,C017,2011-06,25858.64,2026-08-09T16:21:14.697035
B006243,U003705,C018,2010-03,26962.54,2026-08-09T16:21:14.697062
B006244,U001254,C008,2007-01,38886.42,2026-08-09T16:21:14.697087
B006245,U003303,C016,1992-02,37043.2,2026-08-09T16:21:14.697113
B006246,U003529,C005,2017-03,22355.11,2026-08-09T16:21:14.697139
B006247,U004114,C005,2012-08,46941.24,2026-08-09T16:21:14.697192
B006248,U000292,C018,1993-03,35654.35,2026-08-09T16:21:14.697220
B006249,U002657,C008,,N/A,2026-08-09T16:21:14.697233
B006250,U000947,C006,1983-09,42602.77,2026-08-09T16:21:14.697259
B006251,U001770,C012,1989-02,22621.86,2026-08-09T16:21:14.697283
B006252,U000719,C002,1985-05,41766.14,2026-08-09T16:21:14.697307
B006253,U004275,C002,1980-05,13858.4,2026-08-09T16:21:14.697330
B006254,U004380,C005,2010-02,47372.97,2026-08-09T16:21:14.697354
B006255,U003323,C009,2025-08,46910.68,2026-08-09T16:21:14.697378
B006256,U000975,C999,1971-06,12006.39,2026-08-09T16:21:14.697401
B006257,U002671,C001,Q1-2026,N/A,2026-08-09T16:21:14.697412
B006258,U001774,C003,2001-12,18691.27,2026-08-09T16:21:14.697438
B006259,U001931,C015,1989-04,49169.8,2026-08-09T16:21:14.697468
B006260,U001824,C003,Q1-2026,-41485.63,2026-08-09T16:21:14.697484
B006261,U000610,C007,1982-03,19066.55,2026-08-09T16:21:14.697576
B006262,U000191,C000,1970-07,13795.65,2026-08-09T16:21:14.697604
B006263,U000394,C009,1995-06,21616.12,2026-08-09T16:21:14.697630
B006264,U004902,C008,1996-08,3008.56,2026-08-09T16:21:14.697654
B006265,U004475,C002,2011-07,16437.19,2026-08-09T16:21:14.697679
B006266,U001824,C019,1977-05,12755.41,2026-08-09T16:21:14.697702
B006267,U004585,C018,2005-05,44332.8,2026-08-09T16:21:14.697725
B006268,U000595,C019,2009-05,48870.15,2026-08-09T16:21:14.697749
B006269,U004381,C019,1978-02,2726.82,2026-08-09T16:21:14.697772
B006270,U003489,C001,1992-01,32028.2,2026-08-09T16:21:14.697796
B006271,U004281,C002,1988-07,44628.03,2026-08-09T16:21:14.697819
B006272,U002525,C002,1998-09,21450.68,2026-08-09T16:21:14.697842
B006273,U003184,C003,2001-06,5150.3,2026-08-09T16:21:14.697866
B006274,U001246,C019,1973-05,13922.52,2026-08-09T16:21:14.697888
B006275,U003352,C015,2010-08,2517.15,2026-08-09T16:21:14.697963
B006276,U002804,C016,2002-11,37204.42,2026-08-09T16:21:14.697998
B006277,U001258,C008,1985-06,49946.48,2026-08-09T16:21:14.698031
B006278,U003929,C015,Q1-2026,34211.41,2026-08-09T16:21:14.698047
B006279,U003966,C005,2023-02,14250.73,2026-08-09T16:21:14.698076
B006280,U001888,C001,2026-13,-4184.81,2026-08-09T16:21:14.698089
B006281,U003388,C002,1978-12,22371.69,2026-08-09T16:21:14.698116
B006282,U004987,C013,2019-11,8911.88,2026-08-09T16:21:14.698142
B006283,U002540,C019,2025-08,15194.42,2026-08-09T16:21:14.698174
B006284,U003435,C008,2016-03,32266.95,2026-08-09T16:21:14.698210
B006285,U002215,C018,1971-04,48263.62,2026-08-09T16:21:14.698244
B006286,U004145,C006,1993-03,9065.67,2026-08-09T16:21:14.698273
B006287,U004907,C018,1993-12,1904.56,2026-08-09T16:21:14.698291
B006288,U003305,C007,2026-13,N/A,2026-08-09T16:21:14.698301
B006289,U001187,C014,2004-07,45968.02,2026-08-09T16:21:14.698319
B006290,U003878,C001,1971-10,26579.87,2026-08-09T16:21:14.698337
B006291,U001355,C013,2006-01,25312.64,2026-08-09T16:21:14.698355
B006292,U002952,C011,2014-01,13203.33,2026-08-09T16:21:14.698373
B006293,U002097,C017,1994-08,39394.11,2026-08-09T16:21:14.698390
B006294,U004281,C999,2026-13,Rs.5868.28,2026-08-09T16:21:14.698399
B006295,U003909,C012,2019-07,30105.0,2026-08-09T16:21:14.698417
B006296,U003036,C003,1984-12,10543.95,2026-08-09T16:21:14.698435
B006297,U002969,C011,1979-10,40301.17,2026-08-09T16:21:14.698453
B006298,U001677,C015,2021-03,18087.18,2026-08-09T16:21:14.698470
B006299,U001767,C019,2003-12,24753.63,2026-08-09T16:21:14.698488
B006300,U002618,C005,2016-08,40792.39,2026-08-09T16:21:14.698506
B006301,U001805,C004,2025-12,13945.21,2026-08-09T16:21:14.698523
B006302,U001185,C003,1981-02,36940.75,2026-08-09T16:21:14.698541
B006303,U003953,C018,1990-05,44293.54,2026-08-09T16:21:14.698558
B006304,U003581,C005,1973-03,27589.88,2026-08-09T16:21:14.698576
B006305,U001824,C011,1997-04,960.06,2026-08-09T16:21:14.698593
B006306,U002121,C010,2017-01,38567.14,2026-08-09T16:21:14.698611
B006307,U000362,C009,2015-05,39098.46,2026-08-09T16:21:14.698629
B006308,U002397,C001,1994-06,23798.03,2026-08-09T16:21:14.698646
B006309,U001304,C016,1982-09,18958.34,2026-08-09T16:21:14.698663
B006310,U002845,C016,1998-01,22039.87,2026-08-09T16:21:14.698681
B006311,U001550,C014,2014-03,1174.67,2026-08-09T16:21:14.698699
B006312,U001288,C999,2008-07,31993.33,2026-08-09T16:21:14.698717
B006313,U003793,C006,1984-06,19032.66,2026-08-09T16:21:14.698734
B006314,U003008,C011,1985-09,26929.22,2026-08-09T16:21:14.698752
B006315,U001113,C013,1976-01,7188.84,2026-08-09T16:21:14.698769
B006316,U000677,C013,2026-04,49680.91,2026-08-09T16:21:14.698787
B006317,U000164,C002,2001-12,4227.01,2026-08-09T16:21:14.698805
B006318,U001111,C999,1973-08,47056.9,2026-08-09T16:21:14.698822
B006319,U001761,C009,1976-04,38351.21,2026-08-09T16:21:14.698840
B006320,U002339,C014,1980-12,23845.2,2026-08-09T16:21:14.698858
B006321,U003110,C017,2008-07,25471.1,2026-08-09T16:21:14.698875
B006322,U001732,C015,2002-12,4496.58,2026-08-09T16:21:14.698893
B006323,U004834,C018,1971-03,26860.99,2026-08-09T16:21:14.698956
B006324,U000254,C010,2026-13,,2026-08-09T16:21:14.698967
B006325,U000616,C005,2017-05,35225.69,2026-08-09T16:21:14.698988
B006326,U001826,C019,1996-08,19523.41,2026-08-09T16:21:14.699008
B006327,U003710,C011,1979-10,42253.44,2026-08-09T16:21:14.699026
B006328,U003987,C012,2004-05,13498.76,2026-08-09T16:21:14.699044
B006329,U000932,C005,1989-06,31316.91,2026-08-09T16:21:14.699062
B006330,U001267,C005,1975-08,7668.06,2026-08-09T16:21:14.699080
B006331,U001683,C008,2004-04,38582.81,2026-08-09T16:21:14.699098
B006332,U002202,C004,1989-09,29408.43,2026-08-09T16:21:14.699116
B006333,U003167,C003,2004-09,10492.86,2026-08-09T16:21:14.699133
B006334,U000615,C017,Q1-2026,Rs.44120.52,2026-08-09T16:21:14.699142
B006335,U003543,C018,2000-01,29635.14,2026-08-09T16:21:14.699160
B006336,U004957,C019,1997-03,13157.03,2026-08-09T16:21:14.699178
B006337,U002156,C016,2026-13,-25939.79,2026-08-09T16:21:14.699187
B006338,U002284,C004,1998-11,48718.13,2026-08-09T16:21:14.699204
B006339,U003094,C000,1981-10,15313.38,2026-08-09T16:21:14.699222
B006340,U004152,C011,1997-01,35057.92,2026-08-09T16:21:14.699240
B006341,U000866,C001,1972-08,12280.87,2026-08-09T16:21:14.699257
B006342,U000102,C011,1999-08,18836.43,2026-08-09T16:21:14.699275
B006343,U003401,C005,1981-02,15805.76,2026-08-09T16:21:14.699293
B006344,U004761,C012,Q1-2026,-15011.12,2026-08-09T16:21:14.699302
B006345,U004481,C016,2012-09,27319.46,2026-08-09T16:21:14.699320
B006346,U000013,C017,2012-06,44480.27,2026-08-09T16:21:14.699338
B006347,U004251,C012,2016-09,38128.71,2026-08-09T16:21:14.699355
B006348,U000751,C000,2002-10,23024.89,2026-08-09T16:21:14.699373
B006349,U001428,C006,1978-01,35202.48,2026-08-09T16:21:14.699390
B006350,U003391,C016,2026-13,Rs.25384.59,2026-08-09T16:21:14.699399
B006351,U004141,C009,2023-08,13060.94,2026-08-09T16:21:14.699417
B006352,U001715,C015,1997-03,6725.2,2026-08-09T16:21:14.699434
B006353,U001625,C005,1983-02,21582.36,2026-08-09T16:21:14.699452
B006354,U004049,C015,2017-01,42685.38,2026-08-09T16:21:14.699469
B006355,U004579,C007,1994-06,38791.08,2026-08-09T16:21:14.699487
B006356,U004811,C002,Q1-2026,-46112.53,2026-08-09T16:21:14.699496
B006357,U004198,C009,2018-09,34924.44,2026-08-09T16:21:14.699514
B006358,U004843,C015,Q1-2026,Rs.48428.51,2026-08-09T16:21:14.699522
B006359,U004199,C008,1979-12,8837.06,2026-08-09T16:21:14.699540
B006360,U004555,C001,2014-02,3294.68,2026-08-09T16:21:14.699557
B006361,U003870,C008,2005-04,23138.02,2026-08-09T16:21:14.699575
B006362,U001871,C003,1975-07,6160.9,2026-08-09T16:21:14.699593
B006363,U002922,C019,1970-03,34590.73,2026-08-09T16:21:14.699610
B006364,U000060,C006,2009-06,2872.52,2026-08-09T16:21:14.699628
B006365,U000875,C004,2008-01,3617.6,2026-08-09T16:21:14.699645
B006366,U003668,C000,2006-02,15427.92,2026-08-09T16:21:14.699663
B006367,U001151,C015,2021-05,42802.22,2026-08-09T16:21:14.699681
B006368,U004517,C002,2004-09,43645.61,2026-08-09T16:21:14.699698
B006369,U001366,C000,1976-09,20731.11,2026-08-09T16:21:14.699716
B006370,U002143,C003,,17210.04,2026-08-09T16:21:14.699725
B006371,U003246,C002,2009-04,27666.2,2026-08-09T16:21:14.699766
B006372,U000079,C018,2002-05,17212.78,2026-08-09T16:21:14.699785
B006373,U000348,C000,2026-13,22989,2026-08-09T16:21:14.699794
B006374,U002653,C002,1987-01,11282.87,2026-08-09T16:21:14.699812
B006375,U001391,C004,2021-01,9756.47,2026-08-09T16:21:14.699829
B006376,U000615,C006,1972-03,33128.6,2026-08-09T16:21:14.699847
B006377,U001446,C000,1973-11,42530.08,2026-08-09T16:21:14.699864
B006378,U004587,C002,1976-01,41627.7,2026-08-09T16:21:14.699882
B006379,U000612,C008,1978-10,19414.47,2026-08-09T16:21:14.699924
B006380,U001935,C012,1996-02,1802.38,2026-08-09T16:21:14.699960
B006381,U001170,C015,2003-12,7844.41,2026-08-09T16:21:14.699982
B006382,U002312,C011,1975-05,2437.79,2026-08-09T16:21:14.700000
B006383,U004517,C000,1994-08,21700.91,2026-08-09T16:21:14.700019
B006384,U001676,C011,1990-03,11442.23,2026-08-09T16:21:14.700037
B006385,U002968,C000,1989-09,5610.63,2026-08-09T16:21:14.700055
B006386,U001535,C013,2025-04,6611.02,2026-08-09T16:21:14.700073
B006387,U000292,C009,2006-12,42155.72,2026-08-09T16:21:14.700091
B006388,U003095,C003,1971-07,24272.62,2026-08-09T16:21:14.700108
B006389,U002975,C002,Q1-2026,-47381.01,2026-08-09T16:21:14.700118
B006390,U001028,C000,1980-09,29588.19,2026-08-09T16:21:14.700136
B006391,U000451,C018,1983-01,41746.92,2026-08-09T16:21:14.700154
B006392,U001227,C009,2016-01,48773.45,2026-08-09T16:21:14.700171
B006393,U000764,C999,2012-06,42125.44,2026-08-09T16:21:14.700189
B006394,U003437,C013,1973-05,16878.32,2026-08-09T16:21:14.700207
B006395,U000408,C007,1990-10,39769.9,2026-08-09T16:21:14.700225
B006396,U004239,C011,2023-11,24030.95,2026-08-09T16:21:14.700243
B006397,U004956,C003,2025-09,29406.32,2026-08-09T16:21:14.700260
B006398,U000159,C000,2008-06,1392.95,2026-08-09T16:21:14.700278
B006399,U000835,C012,2006-08,7089.23,2026-08-09T16:21:14.700295
B006400,U002953,C001,1984-05,4635.22,2026-08-09T16:21:14.700313
B006401,U004255,C007,1982-04,32422.79,2026-08-09T16:21:14.700330
B006402,U002971,C000,2023-08,48254.76,2026-08-09T16:21:14.700348
B006403,U001844,C018,1986-06,12791.16,2026-08-09T16:21:14.700366
B006404,U003032,C011,1980-09,25548.45,2026-08-09T16:21:14.700383
B006405,U002379,C012,2008-03,43018.8,2026-08-09T16:21:14.700401
B006406,U001321,C001,2010-10,4893.05,2026-08-09T16:21:14.700419
B006407,U004897,C000,1990-03,7030.83,2026-08-09T16:21:14.700437
B006408,U000777,C012,2018-10,48877.11,2026-08-09T16:21:14.700454
B006409,U004278,C017,2012-03,46566.59,2026-08-09T16:21:14.700472
B006410,U000129,C019,2026-13,42583.67,2026-08-09T16:21:14.700481
B006411,U002814,C003,Q1-2026,-28922.68,2026-08-09T16:21:14.700490
B006412,U003780,C015,2026-06,31703.54,2026-08-09T16:21:14.700508
B006413,U002298,C012,2020-03,4716.25,2026-08-09T16:21:14.700525
B006414,U001306,C004,1999-12,33685.23,2026-08-09T16:21:14.700543
B006415,U002324,C006,1986-12,36671.09,2026-08-09T16:21:14.700560
B006416,U002832,C013,1983-09,26901.18,2026-08-09T16:21:14.700578
B006417,U004571,C999,2010-09,24956.86,2026-08-09T16:21:14.700602
B006418,U000083,C004,1983-08,44414.26,2026-08-09T16:21:14.700633
B006419,U004552,C015,2005-07,4025.84,2026-08-09T16:21:14.700670
B006420,U001862,C012,Q1-2026,Rs.16974.58,2026-08-09T16:21:14.700685
B006421,U002419,C002,2005-08,12633.55,2026-08-09T16:21:14.700722
B006422,U003842,C003,1988-05,34314.54,2026-08-09T16:21:14.700751
B006423,U003586,C009,2011-08,16862.42,2026-08-09T16:21:14.700783
B006424,U002429,C011,Q1-2026,-18416.46,2026-08-09T16:21:14.700797
B006425,U000417,C001,1970-07,7265.92,2026-08-09T16:21:14.700831
B006426,U000151,C013,2025-07,35947.77,2026-08-09T16:21:14.700864
B006427,U003854,C006,1980-02,48694.36,2026-08-09T16:21:14.700924
B006428,U002083,C004,1995-05,40574.41,2026-08-09T16:21:14.700983
B006429,U004861,C008,2014-09,10164.39,2026-08-09T16:21:14.701024
B006430,U000311,C019,2008-09,1249.99,2026-08-09T16:21:14.701047
B006431,U001306,C008,1974-06,16176.85,2026-08-09T16:21:14.701066
B006432,U000953,C008,1995-09,35491.19,2026-08-09T16:21:14.701084
B006433,U003620,C001,1981-07,7551.92,2026-08-09T16:21:14.701102
B006434,U000049,C014,1974-03,14787.13,2026-08-09T16:21:14.701119
B006435,U003505,C000,1978-12,8378.75,2026-08-09T16:21:14.701138
B006436,U002749,C010,1972-08,45404.24,2026-08-09T16:21:14.701156
B006437,U000657,C006,2017-08,12737.74,2026-08-09T16:21:14.701173
B006438,U003450,C005,2026-13,27304.02,2026-08-09T16:21:14.701182
B006439,U000567,C015,1989-12,18505.11,2026-08-09T16:21:14.701200
B006440,U000788,C012,1978-12,12373.73,2026-08-09T16:21:14.701218
B006441,U000296,C011,1995-02,38570.25,2026-08-09T16:21:14.701235
B006442,U001349,C017,2004-04,5689.44,2026-08-09T16:21:14.701253
B006443,U001672,C006,1985-09,37759.58,2026-08-09T16:21:14.701271
B006444,U003326,C019,2017-08,31532.92,2026-08-09T16:21:14.701288
B006445,U004449,C005,2005-11,40069.63,2026-08-09T16:21:14.701306
B006446,U002899,C013,2008-03,47611.64,2026-08-09T16:21:14.701324
B006447,U000498,C012,2009-10,14251.73,2026-08-09T16:21:14.701342
B006448,U003348,C015,1983-12,18807.42,2026-08-09T16:21:14.701361
B006449,U002913,C012,1996-05,8486.96,2026-08-09T16:21:14.701378
B006450,U004547,C008,1992-05,46085.51,2026-08-09T16:21:14.701395
B006451,U000636,C999,,12398.19,2026-08-09T16:21:14.701405
B006452,U004754,C018,2001-08,7770.58,2026-08-09T16:21:14.701422
B006453,U000127,C018,1996-02,28951.78,2026-08-09T16:21:14.701440
B006454,U003538,C003,2010-01,424.15,2026-08-09T16:21:14.701458
B006455,U002743,C003,2003-05,12551.71,2026-08-09T16:21:14.701475
B006456,U001254,C010,1983-08,34177.07,2026-08-09T16:21:14.701538
B006457,U002016,C005,1998-11,46942.16,2026-08-09T16:21:14.701564
B006458,U004436,C013,2007-09,16874.0,2026-08-09T16:21:14.701585
B006459,U004396,C003,2002-03,43056.39,2026-08-09T16:21:14.701605
B006460,U004334,C001,1985-03,38949.82,2026-08-09T16:21:14.701623
B006461,U001680,C019,2003-08,38570.82,2026-08-09T16:21:14.701641
B006462,U002775,C006,2015-05,765.49,2026-08-09T16:21:14.701659
B006463,U001796,C000,2018-05,36700.27,2026-08-09T16:21:14.701678
B006464,U000434,C007,2024-10,28105.0,2026-08-09T16:21:14.701696
B006465,U000152,C003,1995-01,36883.72,2026-08-09T16:21:14.701714
B006466,U003800,C012,1998-09,29627.61,2026-08-09T16:21:14.701731
B006467,U000533,C018,1997-03,43254.64,2026-08-09T16:21:14.701749
B006468,U000142,C010,1998-03,644.97,2026-08-09T16:21:14.701766
B006469,U000831,C018,2000-06,22915.34,2026-08-09T16:21:14.701783
B006470,U003973,C009,2022-01,48578.1,2026-08-09T16:21:14.701801
B006471,U002853,C008,1974-09,1234.7,2026-08-09T16:21:14.701819
B006472,U000953,C009,1986-09,12369.21,2026-08-09T16:21:14.701836
B006473,U003555,C015,1995-01,10370.93,2026-08-09T16:21:14.701854
B006474,U002012,C003,2009-11,38587.64,2026-08-09T16:21:14.701871
B006475,U002600,C011,2018-07,20663.45,2026-08-09T16:21:14.701889
B006476,U002576,C019,1979-05,45735.67,2026-08-09T16:21:14.701946
B006477,U004613,C012,1991-05,9011.02,2026-08-09T16:21:14.701974
B006478,U001344,C015,2005-02,10929.82,2026-08-09T16:21:14.701995
B006479,U001870,C015,2014-12,37804.74,2026-08-09T16:21:14.702016
B006480,U000645,C018,1987-09,33342.15,2026-08-09T16:21:14.702034
B006481,U003351,C012,,34165.02,2026-08-09T16:21:14.702044
B006482,U002175,C002,2017-04,34264.54,2026-08-09T16:21:14.702061
B006483,U000172,C014,1985-12,19864.82,2026-08-09T16:21:14.702079
B006484,U001889,C004,2012-02,47466.75,2026-08-09T16:21:14.702097
B006485,U003636,C012,1997-07,40534.88,2026-08-09T16:21:14.702115
B006486,U003534,C001,1974-03,46631.04,2026-08-09T16:21:14.702132
B006487,U000710,C018,1999-01,5172.68,2026-08-09T16:21:14.702150
B006488,U001311,C008,1977-12,9312.42,2026-08-09T16:21:14.702168
B006489,U001968,C014,1986-03,12525.13,2026-08-09T16:21:14.702185
B006490,U003788,C007,1984-12,26710.3,2026-08-09T16:21:14.702202
B006491,U000616,C016,,-9646.99,2026-08-09T16:21:14.702212
B006492,U003944,C003,2009-11,40241.59,2026-08-09T16:21:14.702230
B006493,U001170,C013,1970-06,6225.52,2026-08-09T16:21:14.702247
B006494,U002350,C014,2015-08,19093.78,2026-08-09T16:21:14.702265
B006495,U000206,C014,2002-01,10256.59,2026-08-09T16:21:14.702283
B006496,U003944,C007,1977-08,36651.96,2026-08-09T16:21:14.702322
B006497,U002298,C010,2013-11,46587.69,2026-08-09T16:21:14.702340
B006498,U003420,C009,1985-11,22608.7,2026-08-09T16:21:14.702358
B006499,U001589,C002,2014-07,32598.84,2026-08-09T16:21:14.702376
B006500,U004193,C017,1984-01,16347.53,2026-08-09T16:21:14.702393
B006501,U003296,C007,1973-03,23676.2,2026-08-09T16:21:14.702411
B006502,U000113,C017,2022-05,43410.17,2026-08-09T16:21:14.702428
B006503,U004951,C008,1993-11,11187.42,2026-08-09T16:21:14.702446
B006504,U001020,C009,1994-10,27354.92,2026-08-09T16:21:14.702463
B006505,U004154,C003,2022-04,20236.0,2026-08-09T16:21:14.702481
B006506,U000080,C016,1986-06,26480.46,2026-08-09T16:21:14.702499
B006507,U002167,C002,Q1-2026,-34192.53,2026-08-09T16:21:14.702508
B006508,U001063,C009,1992-05,14223.8,2026-08-09T16:21:14.702525
B006509,U001512,C017,2015-04,26347.65,2026-08-09T16:21:14.702543
B006510,U000537,C014,1987-12,10269.22,2026-08-09T16:21:14.702560
B006511,U000278,C017,1974-06,22881.0,2026-08-09T16:21:14.702578
B006512,U003554,C006,1981-11,3918.84,2026-08-09T16:21:14.702595
B006513,U000767,C016,1981-10,4278.36,2026-08-09T16:21:14.702613
B006514,U001095,C004,1973-07,29477.73,2026-08-09T16:21:14.702630
B006515,U000056,C009,1974-07,16974.75,2026-08-09T16:21:14.702648
B006516,U000026,C999,2019-12,26237.62,2026-08-09T16:21:14.702666
B006517,U002270,C018,2010-09,5606.12,2026-08-09T16:21:14.702683
B006518,U002344,C015,,-12761.04,2026-08-09T16:21:14.702692
B006519,U004594,C013,1998-12,27753.6,2026-08-09T16:21:14.702709
B006520,U001915,C015,Q1-2026,6583,2026-08-09T16:21:14.702718
B006521,U004574,C003,1990-11,27917.71,2026-08-09T16:21:14.702736
B006522,U001700,C018,1995-01,9278.3,2026-08-09T16:21:14.702753
B006523,U004382,C007,1982-10,1718.57,2026-08-09T16:21:14.702770
B006524,U001639,C012,2019-07,24339.25,2026-08-09T16:21:14.702788
B006525,U001953,C007,2015-12,25187.86,2026-08-09T16:21:14.702805
B006526,U003879,C016,,-20189.19,2026-08-09T16:21:14.702814
B006527,U004897,C000,1997-01,23609.13,2026-08-09T16:21:14.702831
B006528,U001763,C016,2009-04,25445.52,2026-08-09T16:21:14.702849
B006529,U000248,C007,Q1-2026,,2026-08-09T16:21:14.702857
B006530,U004350,C016,Q1-2026,N/A,2026-08-09T16:21:14.702865
B006531,U004424,C010,2010-12,45286.31,2026-08-09T16:21:14.702882
B006532,U000474,C017,2010-07,44639.09,2026-08-09T16:21:14.702942
B006533,U001505,C014,2025-11,32315.94,2026-08-09T16:21:14.702973
B006534,U002243,C013,2009-03,28612.92,2026-08-09T16:21:14.702994
B006535,U002594,C007,1985-07,41378.48,2026-08-09T16:21:14.703013
B006536,U004231,C004,1980-10,12156.17,2026-08-09T16:21:14.703032
B006537,U001428,C001,2021-03,21939.17,2026-08-09T16:21:14.703050
B006538,U004191,C013,1995-07,4965.66,2026-08-09T16:21:14.703069
B006539,U002790,C013,1993-06,39990.52,2026-08-09T16:21:14.703087
B006540,U001304,C007,1971-07,49670.01,2026-08-09T16:21:14.703105
B006541,U003185,C015,1998-04,27631.5,2026-08-09T16:21:14.703122
B006542,U004718,C008,,24565.74,2026-08-09T16:21:14.703131
B006543,U000634,C004,1983-03,28072.37,2026-08-09T16:21:14.703149
B006544,U001527,C009,1980-06,21881.79,2026-08-09T16:21:14.703166
B006545,U001298,C001,1975-11,49360.98,2026-08-09T16:21:14.703184
B006546,U003439,C004,2022-10,14255.56,2026-08-09T16:21:14.703202
B006547,U004127,C010,2026-07,20140.69,2026-08-09T16:21:14.703219
B006548,U003675,C017,2018-02,32330.55,2026-08-09T16:21:14.703237
B006549,U000575,C015,1995-03,46334.15,2026-08-09T16:21:14.703254
B006550,U001064,C014,1995-08,22965.01,2026-08-09T16:21:14.703272
B006551,U003407,C006,1983-05,30564.92,2026-08-09T16:21:14.703289
B006552,U002718,C999,2003-09,3322.71,2026-08-09T16:21:14.703307
B006553,U004565,C018,2015-12,42992.02,2026-08-09T16:21:14.703325
B006554,U002946,C015,,Rs.3731.91,2026-08-09T16:21:14.703334
B006555,U001796,C013,2007-04,20239.26,2026-08-09T16:21:14.703351
B006556,U002020,C015,1974-09,37069.45,2026-08-09T16:21:14.703369
B006557,U003411,C002,2020-02,45310.61,2026-08-09T16:21:14.703386
B006558,U002896,C007,1970-04,17139.26,2026-08-09T16:21:14.703404
B006559,U004062,C016,2007-05,18115.96,2026-08-09T16:21:14.703421
B006560,U004992,C008,2023-06,48227.29,2026-08-09T16:21:14.703438
B006561,U003391,C002,2002-01,26790.8,2026-08-09T16:21:14.703456
B006562,U004202,C006,1993-06,21996.18,2026-08-09T16:21:14.703473
B006563,U004633,C005,1974-05,9513.55,2026-08-09T16:21:14.703491
B006564,U003091,C001,2015-03,14109.57,2026-08-09T16:21:14.703509
B006565,U002657,C000,2001-03,9128.93,2026-08-09T16:21:14.703526
B006566,U003194,C015,2018-04,32025.18,2026-08-09T16:21:14.703543
B006567,U003927,C016,2022-01,8661.18,2026-08-09T16:21:14.703561
B006568,U004814,C017,1979-01,27332.4,2026-08-09T16:21:14.703579
B006569,U003260,C003,Q1-2026,-178.35,2026-08-09T16:21:14.703587
B006570,U001706,C005,2011-02,29459.11,2026-08-09T16:21:14.703605
B006571,U004160,C000,,Rs.10701.4,2026-08-09T16:21:14.703614
B006572,U003580,C019,2020-09,44597.79,2026-08-09T16:21:14.703631
B006573,U000078,C016,1970-11,36560.24,2026-08-09T16:21:14.703649
B006574,U000984,C000,1970-01,26205.22,2026-08-09T16:21:14.703666
B006575,U000832,C019,1974-05,41277.92,2026-08-09T16:21:14.703684
B006576,U000025,C015,1999-09,42399.66,2026-08-09T16:21:14.703701
B006577,U001695,C019,1988-12,39537.23,2026-08-09T16:21:14.703718
B006578,U001924,C004,2017-11,31127.87,2026-08-09T16:21:14.703735
B006579,U003858,C011,Q1-2026,Rs.14553.66,2026-08-09T16:21:14.703744
B006580,U003305,C011,,Rs.18228.42,2026-08-09T16:21:14.703753
B006581,U003096,C006,2003-08,31733.74,2026-08-09T16:21:14.703770
B006582,U000088,C015,2022-06,33485.22,2026-08-09T16:21:14.703788
B006583,U002792,C012,1972-12,2975.34,2026-08-09T16:21:14.703806
B006584,U002576,C015,2021-10,10516.93,2026-08-09T16:21:14.703823
B006585,U002325,C003,1987-09,2549.16,2026-08-09T16:21:14.703841
B006586,U000234,C013,1974-10,46406.12,2026-08-09T16:21:14.703858
B006587,U003342,C002,2023-10,33002.97,2026-08-09T16:21:14.703876
B006588,U000649,C014,1984-02,18929.53,2026-08-09T16:21:14.703893
B006589,U001347,C009,,Rs.34684.02,2026-08-09T16:21:14.703930
B006590,U004832,C002,2000-09,25518.17,2026-08-09T16:21:14.703963
B006591,U001885,C012,1972-05,43341.78,2026-08-09T16:21:14.703986
B006592,U002688,C014,1985-08,16626.67,2026-08-09T16:21:14.704004
B006593,U002153,C012,1996-08,39267.64,2026-08-09T16:21:14.704023
B006594,U001560,C008,1973-08,38743.35,2026-08-09T16:21:14.704040
B006595,U000175,C011,2001-07,9725.86,2026-08-09T16:21:14.704059
B006596,U004477,C005,2018-04,40645.43,2026-08-09T16:21:14.704077
B006597,U004823,C013,2026-04,29423.4,2026-08-09T16:21:14.704096
B006598,U000411,C017,1971-11,35213.17,2026-08-09T16:21:14.704114
B006599,U000944,C016,1987-02,23317.97,2026-08-09T16:21:14.704132
B006600,U004554,C001,1972-12,14429.5,2026-08-09T16:21:14.704150
B006601,U000160,C006,2020-08,20957.61,2026-08-09T16:21:14.704168
B006602,U002505,C016,2012-03,22251.17,2026-08-09T16:21:14.704186
B006603,U001131,C012,2022-03,6055.78,2026-08-09T16:21:14.704204
B006604,U001975,C014,2010-01,30627.15,2026-08-09T16:21:14.704222
B006605,U001295,C999,2002-05,37123.3,2026-08-09T16:21:14.704240
B006606,U000180,C019,1988-07,32331.76,2026-08-09T16:21:14.704258
B006607,U001764,C002,2024-09,34328.5,2026-08-09T16:21:14.704276
B006608,U001616,C008,Q1-2026,16183.87,2026-08-09T16:21:14.704285
B006609,U004887,C000,2020-08,45985.57,2026-08-09T16:21:14.704302
B006610,U002806,C012,2022-02,19374.21,2026-08-09T16:21:14.704320
B006611,U004563,C015,2005-07,6564.69,2026-08-09T16:21:14.704337
B006612,U003125,C999,1973-04,10494.92,2026-08-09T16:21:14.704354
B006613,U003659,C016,2024-07,48760.57,2026-08-09T16:21:14.704372
B006614,U000603,C999,1997-04,34053.72,2026-08-09T16:21:14.704390
B006615,U000430,C009,2003-12,4961.19,2026-08-09T16:21:14.704407
B006616,U003730,C015,1980-10,47720.18,2026-08-09T16:21:14.704425
B006617,U004966,C011,2020-04,40229.08,2026-08-09T16:21:14.704443
B006618,U001652,C004,2018-10,35978.47,2026-08-09T16:21:14.704460
B006619,U004927,C012,2015-02,23977.21,2026-08-09T16:21:14.704478
B006620,U004827,C013,2025-07,23587.92,2026-08-09T16:21:14.704495
B006621,U003699,C018,1997-12,49090.46,2026-08-09T16:21:14.704531
B006622,U000246,C019,1997-06,15293.88,2026-08-09T16:21:14.704549
B006623,U000195,C005,1994-09,26909.28,2026-08-09T16:21:14.704567
B006624,U002275,C009,1972-10,10176.85,2026-08-09T16:21:14.704585
B006625,U004328,C004,1988-07,18859.62,2026-08-09T16:21:14.704602
B006626,U003306,C018,2021-09,13948.72,2026-08-09T16:21:14.704619
B006627,U003183,C012,2017-09,24350.35,2026-08-09T16:21:14.704637
B006628,U004267,C013,1988-10,42060.54,2026-08-09T16:21:14.704654
B006629,U004776,C012,1978-06,30130.16,2026-08-09T16:21:14.704672
B006630,U003923,C016,,11604.94,2026-08-09T16:21:14.704681
B006631,U002433,C003,1996-09,26966.15,2026-08-09T16:21:14.704702
B006632,U004784,C001,1970-06,37296.81,2026-08-09T16:21:14.704720
B006633,U002337,C019,1985-06,2656.41,2026-08-09T16:21:14.704737
B006634,U002384,C008,1980-02,23328.58,2026-08-09T16:21:14.704754
B006635,U000436,C014,1992-09,6893.99,2026-08-09T16:21:14.704772
B006636,U002814,C004,1984-10,24026.34,2026-08-09T16:21:14.704789
B006637,U000498,C019,1973-03,16708.95,2026-08-09T16:21:14.704807
B006638,U001336,C017,2003-06,23767.93,2026-08-09T16:21:14.704824
B006639,U003738,C010,1984-11,49007.33,2026-08-09T16:21:14.704841
B006640,U002012,C019,2012-03,6204.09,2026-08-09T16:21:14.704859
B006641,U000059,C007,1998-04,22447.21,2026-08-09T16:21:14.704876
B006642,U004578,C000,2012-11,11427.1,2026-08-09T16:21:14.704894
B006643,U004901,C019,2014-03,34464.98,2026-08-09T16:21:14.704951
B006644,U000152,C017,2013-01,32612.19,2026-08-09T16:21:14.704975
B006645,U004053,C015,1989-02,22957.96,2026-08-09T16:21:14.704995
B006646,U003847,C011,1984-08,1479.85,2026-08-09T16:21:14.705014
B006647,U001765,C019,1975-12,31399.86,2026-08-09T16:21:14.705033
B006648,U003225,C014,1999-05,41877.81,2026-08-09T16:21:14.705051
B006649,U003916,C009,1998-03,38662.15,2026-08-09T16:21:14.705069
B006650,U002005,C002,1998-03,38156.07,2026-08-09T16:21:14.705086
B006651,U003951,C002,2014-11,25943.5,2026-08-09T16:21:14.705104
B006652,U003329,C014,1986-12,36743.72,2026-08-09T16:21:14.705122
B006653,U003368,C002,2001-08,20193.68,2026-08-09T16:21:14.705140
B006654,U001855,C017,2014-08,19622.5,2026-08-09T16:21:14.705158
B006655,U000977,C007,1991-08,527.43,2026-08-09T16:21:14.705176
B006656,U003359,C004,1990-11,15159.28,2026-08-09T16:21:14.705194
B006657,U004224,C013,2001-06,15164.92,2026-08-09T16:21:14.705211
B006658,U003296,C012,2023-08,18319.71,2026-08-09T16:21:14.705229
B006659,U004645,C015,2002-02,22630.89,2026-08-09T16:21:14.705246
B006660,U001843,C012,2007-12,14854.19,2026-08-09T16:21:14.705264
B006661,U002035,C008,2018-11,48290.75,2026-08-09T16:21:14.705282
B006662,U002353,C003,1990-01,6606.48,2026-08-09T16:21:14.705299
B006663,U003115,C005,1997-09,2429.35,2026-08-09T16:21:14.705317
B006664,U000257,C002,2001-07,35034.54,2026-08-09T16:21:14.705334
B006665,U002044,C008,1992-09,45895.22,2026-08-09T16:21:14.705352
B006666,U000074,C000,2011-10,39494.93,2026-08-09T16:21:14.705370
B006667,U000153,C011,1991-08,12312.3,2026-08-09T16:21:14.705388
B006668,U000212,C009,2024-03,31652.9,2026-08-09T16:21:14.705405
B006669,U003492,C019,2020-03,20944.12,2026-08-09T16:21:14.705423
B006670,U000652,C019,2026-13,-43828.96,2026-08-09T16:21:14.705433
B006671,U002589,C004,1984-11,40309.28,2026-08-09T16:21:14.705450
B006672,U002231,C003,,Rs.31866.84,2026-08-09T16:21:14.705459
B006673,U001191,C014,2011-07,21163.51,2026-08-09T16:21:14.705477
B006674,U000763,C999,1975-03,40541.58,2026-08-09T16:21:14.705537
B006675,U004674,C006,1986-12,40218.34,2026-08-09T16:21:14.705563
B006676,U002692,C013,2025-09,46932.96,2026-08-09T16:21:14.705583
B006677,U001267,C000,2012-04,4693.02,2026-08-09T16:21:14.705602
B006678,U002625,C014,2005-04,19692.97,2026-08-09T16:21:14.705621
B006679,U003392,C005,2022-04,44212.83,2026-08-09T16:21:14.705639
B006680,U002981,C001,2013-05,36570.57,2026-08-09T16:21:14.705658
B006681,U000113,C006,2012-05,3899.88,2026-08-09T16:21:14.705675
B006682,U003988,C007,1997-12,33421.61,2026-08-09T16:21:14.705694
B006683,U003019,C004,2005-08,10605.4,2026-08-09T16:21:14.705712
B006684,U003506,C011,2000-01,35060.0,2026-08-09T16:21:14.705730
B006685,U002305,C013,1973-06,37390.95,2026-08-09T16:21:14.705747
B006686,U000504,C007,1989-08,38044.58,2026-08-09T16:21:14.705765
B006687,U003369,C014,1972-06,33774.12,2026-08-09T16:21:14.705783
B006688,U000499,C001,1988-08,3815.54,2026-08-09T16:21:14.705801
B006689,U004202,C019,1977-01,8652.53,2026-08-09T16:21:14.705818
B006690,U004928,C003,1994-10,44631.68,2026-08-09T16:21:14.705836
B006691,U002735,C006,1998-12,16989.13,2026-08-09T16:21:14.705853
B006692,U002147,C005,1993-06,17149.15,2026-08-09T16:21:14.705871
B006693,U003520,C004,2013-08,41471.71,2026-08-09T16:21:14.705889
B006694,U003463,C999,1980-01,126.63,2026-08-09T16:21:14.705941
B006695,U004187,C002,1998-11,41786.07,2026-08-09T16:21:14.705967
B006696,U004151,C009,2019-09,48442.03,2026-08-09T16:21:14.705987
B006697,U002728,C002,2023-08,12250.74,2026-08-09T16:21:14.706006
B006698,U000355,C014,1995-02,33636.29,2026-08-09T16:21:14.706024
B006699,U004120,C010,1986-08,932.62,2026-08-09T16:21:14.706042
B006700,U004388,C004,1984-06,33497.13,2026-08-09T16:21:14.706060
B006701,U002832,C010,,Rs.20889.22,2026-08-09T16:21:14.706070
B006702,U003289,C019,1993-04,1163.95,2026-08-09T16:21:14.706087
B006703,U003528,C003,2001-11,4794.61,2026-08-09T16:21:14.706105
B006704,U002857,C018,1998-07,22722.12,2026-08-09T16:21:14.706123
B006705,U001274,C010,1986-09,11927.68,2026-08-09T16:21:14.706140
B006706,U000973,C010,Q1-2026,Rs.13650.85,2026-08-09T16:21:14.706149
B006707,U004881,C008,2019-06,13580.55,2026-08-09T16:21:14.706167
B006708,U001046,C017,2022-06,831.0,2026-08-09T16:21:14.706185
B006709,U000138,C001,1995-03,29227.01,2026-08-09T16:21:14.706203
B006710,U001726,C003,1991-08,28753.8,2026-08-09T16:21:14.706221
B006711,U000391,C015,2000-07,28014.44,2026-08-09T16:21:14.706238
B006712,U002803,C006,1994-11,29095.64,2026-08-09T16:21:14.706256
B006713,U001965,C008,1970-08,31704.6,2026-08-09T16:21:14.706274
B006714,U001713,C005,1994-04,37303.0,2026-08-09T16:21:14.706291
B006715,U003181,C004,1974-05,1265.16,2026-08-09T16:21:14.706309
B006716,U002984,C011,1984-12,35345.91,2026-08-09T16:21:14.706326
B006717,U003134,C004,1994-02,44406.77,2026-08-09T16:21:14.706344
B006718,U004078,C011,2002-08,19234.23,2026-08-09T16:21:14.706361
B006719,U003625,C017,1978-09,34575.22,2026-08-09T16:21:14.706379
B006720,U001879,C019,2022-10,12154.97,2026-08-09T16:21:14.706396
B006721,U002369,C006,2003-09,3591.29,2026-08-09T16:21:14.706414
B006722,U002876,C002,2006-10,48554.92,2026-08-09T16:21:14.706431
B006723,U002895,C014,1996-06,27351.79,2026-08-09T16:21:14.706448
B006724,U001530,C016,1993-04,47012.6,2026-08-09T16:21:14.706466
B006725,U004635,C010,,9013.7,2026-08-09T16:21:14.706475
B006726,U004947,C014,1975-12,25926.43,2026-08-09T16:21:14.706492
B006727,U000583,C017,Q1-2026,28127.1,2026-08-09T16:21:14.706501
B006728,U004821,C016,1972-09,14627.6,2026-08-09T16:21:14.706518
B006729,U000145,C014,1984-03,37686.7,2026-08-09T16:21:14.706536
B006730,U003436,C005,2018-12,33469.02,2026-08-09T16:21:14.706554
B006731,U003089,C999,2014-05,23393.22,2026-08-09T16:21:14.706571
B006732,U001282,C014,1988-04,4979.31,2026-08-09T16:21:14.706589
B006733,U004158,C014,1971-08,17840.48,2026-08-09T16:21:14.706606
B006734,U002688,C001,1997-12,39735.51,2026-08-09T16:21:14.706624
B006735,U000261,C004,1970-10,1737.47,2026-08-09T16:21:14.706641
B006736,U001039,C001,2008-12,12611.64,2026-08-09T16:21:14.706659
B006737,U004795,C001,2019-04,44334.58,2026-08-09T16:21:14.706676
B006738,U001705,C018,1989-09,1053.28,2026-08-09T16:21:14.706693
B006739,U002127,C017,2024-06,12577.27,2026-08-09T16:21:14.706711
B006740,U001557,C019,2010-03,8395.66,2026-08-09T16:21:14.706728
B006741,U002092,C008,2000-05,661.4,2026-08-09T16:21:14.706746
B006742,U000829,C018,1970-05,24194.48,2026-08-09T16:21:14.706763
B006743,U000003,C003,2020-11,3387.7,2026-08-09T16:21:14.706781
B006744,U001604,C012,,N/A,2026-08-09T16:21:14.706790
B006745,U000589,C012,2021-08,30923.07,2026-08-09T16:21:14.706807
B006746,U001026,C013,2001-05,4136.89,2026-08-09T16:21:14.706845
B006747,U003213,C013,1980-02,33117.74,2026-08-09T16:21:14.706863
B006748,U000542,C000,1986-01,24440.81,2026-08-09T16:21:14.706881
B006749,U002839,C005,1990-10,22153.95,2026-08-09T16:21:14.706922
B006750,U001107,C000,1995-11,27189.97,2026-08-09T16:21:14.706958
B006751,U001579,C000,1975-10,32574.46,2026-08-09T16:21:14.706981
B006752,U003164,C002,Q1-2026,-43290.99,2026-08-09T16:21:14.706991
B006753,U001297,C018,2026-13,2980.15,2026-08-09T16:21:14.707000
B006754,U003139,C012,2005-05,35569.99,2026-08-09T16:21:14.707020
B006755,U000308,C017,2022-02,18895.66,2026-08-09T16:21:14.707038
B006756,U001215,C017,1997-04,42867.77,2026-08-09T16:21:14.707057
B006757,U003258,C015,1972-08,7023.35,2026-08-09T16:21:14.707075
B006758,U002463,C012,1994-03,41840.44,2026-08-09T16:21:14.707092
B006759,U002300,C015,1977-06,5792.91,2026-08-09T16:21:14.707110
B006760,U003223,C001,1975-03,21508.63,2026-08-09T16:21:14.707128
B006761,U001940,C015,2011-02,45395.28,2026-08-09T16:21:14.707145
B006762,U001347,C002,2015-03,12789.28,2026-08-09T16:21:14.707163
B006763,U000322,C001,1980-01,22961.99,2026-08-09T16:21:14.707181
B006764,U000208,C016,2013-01,33038.54,2026-08-09T16:21:14.707198
B006765,U004366,C001,1986-12,36323.49,2026-08-09T16:21:14.707216
B006766,U003736,C001,2018-11,36745.14,2026-08-09T16:21:14.707234
B006767,U002223,C014,1984-08,31889.51,2026-08-09T16:21:14.707251
B006768,U002711,C017,1970-08,31493.43,2026-08-09T16:21:14.707269
B006769,U002987,C014,2005-12,29632.38,2026-08-09T16:21:14.707287
B006770,U001842,C012,2015-01,31425.31,2026-08-09T16:21:14.707305
B006771,U002623,C999,1976-04,29457.63,2026-08-09T16:21:14.707322
B006772,U002289,C015,1978-12,46583.99,2026-08-09T16:21:14.707340
B006773,U000169,C018,2023-11,38049.96,2026-08-09T16:21:14.707357
B006774,U004783,C999,2012-03,10880.05,2026-08-09T16:21:14.707375
B006775,U003957,C016,2005-03,14124.9,2026-08-09T16:21:14.707393
B006776,U003294,C010,2000-04,8120.13,2026-08-09T16:21:14.707410
B006777,U004407,C000,1981-02,14457.73,2026-08-09T16:21:14.707427
B006778,U001585,C008,2023-12,43850.08,2026-08-09T16:21:14.707445
B006779,U004461,C005,2026-13,39378.46,2026-08-09T16:21:14.707454
B006780,U001260,C012,,Rs.17482.2,2026-08-09T16:21:14.707462
B006781,U003556,C009,1996-04,39497.21,2026-08-09T16:21:14.707480
B006782,U003476,C006,Q1-2026,-6983.69,2026-08-09T16:21:14.707489
B006783,U001155,C999,2025-01,10124.08,2026-08-09T16:21:14.707507
B006784,U002858,C016,2014-06,8201.06,2026-08-09T16:21:14.707525
B006785,U001435,C012,1973-01,47833.28,2026-08-09T16:21:14.707543
B006786,U000239,C017,1999-08,38335.92,2026-08-09T16:21:14.707560
B006787,U002115,C017,Q1-2026,-49452.11,2026-08-09T16:21:14.707569
B006788,U004223,C013,2002-08,44028.34,2026-08-09T16:21:14.707587
B006789,U001362,C011,Q1-2026,Rs.1044.69,2026-08-09T16:21:14.707596
B006790,U000492,C012,1979-08,49078.83,2026-08-09T16:21:14.707613
B006791,U003804,C015,2013-08,6352.25,2026-08-09T16:21:14.707632
B006792,U003647,C003,Q1-2026,-20239.41,2026-08-09T16:21:14.707640
B006793,U000776,C014,1989-07,49962.02,2026-08-09T16:21:14.707658
B006794,U001908,C011,2003-01,6443.49,2026-08-09T16:21:14.707676
B006795,U003426,C015,1985-02,10106.81,2026-08-09T16:21:14.707694
B006796,U000938,C002,1986-03,634.62,2026-08-09T16:21:14.707711
B006797,U003235,C017,1996-05,20525.92,2026-08-09T16:21:14.707729
B006798,U002245,C013,2019-09,49605.01,2026-08-09T16:21:14.707746
B006799,U000826,C009,1992-02,23638.24,2026-08-09T16:21:14.707764
B006800,U004971,C009,2011-07,21392.29,2026-08-09T16:21:14.707781
B006801,U001568,C999,2000-03,23336.01,2026-08-09T16:21:14.707799
B006802,U002808,C005,2018-09,15882.25,2026-08-09T16:21:14.707816
B006803,U003111,C017,1971-08,29151.25,2026-08-09T16:21:14.707834
B006804,U004024,C015,1979-12,40563.98,2026-08-09T16:21:14.707851
B006805,U004690,C011,2013-10,4430.98,2026-08-09T16:21:14.707869
B006806,U003160,C001,1989-05,11235.44,2026-08-09T16:21:14.707887
B006807,U002041,C015,1992-12,36982.55,2026-08-09T16:21:14.707932
B006808,U002171,C000,Q1-2026,N/A,2026-08-09T16:21:14.707949
B006809,U003433,C999,2026-13,17563.84,2026-08-09T16:21:14.707959
B006810,U004996,C012,Q1-2026,33374,2026-08-09T16:21:14.707968
B006811,U000474,C999,1977-04,15354.77,2026-08-09T16:21:14.707992
B006812,U001236,C010,2000-02,35889.43,2026-08-09T16:21:14.708012
B006813,U000749,C011,1993-06,31935.26,2026-08-09T16:21:14.708030
B006814,U002822,C999,2012-01,42925.83,2026-08-09T16:21:14.708049
B006815,U004137,C009,2018-08,4590.39,2026-08-09T16:21:14.708067
B006816,U004748,C000,2000-07,21726.09,2026-08-09T16:21:14.708086
B006817,U004168,C002,1978-06,16052.44,2026-08-09T16:21:14.708104
B006818,U003347,C012,1997-10,2687.94,2026-08-09T16:21:14.708121
B006819,U001581,C000,2007-04,48519.32,2026-08-09T16:21:14.708139
B006820,U000475,C011,2014-11,47082.91,2026-08-09T16:21:14.708157
B006821,U001765,C008,2018-02,46553.57,2026-08-09T16:21:14.708174
B006822,U002784,C006,2019-07,20376.54,2026-08-09T16:21:14.708192
B006823,U004320,C001,1979-07,34622.26,2026-08-09T16:21:14.708210
B006824,U004085,C014,1972-09,30780.9,2026-08-09T16:21:14.708227
B006825,U002038,C009,2007-01,24367.22,2026-08-09T16:21:14.708245
B006826,U002134,C003,2010-08,35194.56,2026-08-09T16:21:14.708262
B006827,U001181,C003,1995-11,40038.88,2026-08-09T16:21:14.708280
B006828,U002377,C007,1982-10,1039.32,2026-08-09T16:21:14.708297
B006829,U004094,C009,1991-01,6532.84,2026-08-09T16:21:14.708314
B006830,U001147,C012,1989-01,26418.09,2026-08-09T16:21:14.708332
B006831,U004280,C015,1989-11,1218.81,2026-08-09T16:21:14.708349
B006832,U001411,C018,2019-12,42428.29,2026-08-09T16:21:14.708367
B006833,U001382,C017,1975-12,35480.75,2026-08-09T16:21:14.708384
B006834,U002557,C011,,-26315.41,2026-08-09T16:21:14.708393
B006835,U003905,C006,1976-12,11170.02,2026-08-09T16:21:14.708411
B006836,U001533,C010,1994-10,26065.28,2026-08-09T16:21:14.708428
B006837,U004590,C014,1991-06,19673.52,2026-08-09T16:21:14.708446
B006838,U002178,C000,1974-05,12812.71,2026-08-09T16:21:14.708463
B006839,U003623,C008,2009-12,13069.14,2026-08-09T16:21:14.708481
B006840,U003484,C010,1978-08,35754.17,2026-08-09T16:21:14.708498
B006841,U001057,C009,2002-05,20052.76,2026-08-09T16:21:14.708515
B006842,U004227,C010,2019-08,47004.62,2026-08-09T16:21:14.708532
B006843,U004855,C005,2024-10,3335.88,2026-08-09T16:21:14.708550
B006844,U003779,C003,2000-08,12384.37,2026-08-09T16:21:14.708567
B006845,U001176,C999,1992-06,27673.16,2026-08-09T16:21:14.708584
B006846,U003721,C000,2019-06,35587.51,2026-08-09T16:21:14.708602
B006847,U000058,C999,1980-12,1160.21,2026-08-09T16:21:14.708619
B006848,U003601,C008,2018-06,34150.68,2026-08-09T16:21:14.708637
B006849,U000356,C015,1973-01,20805.21,2026-08-09T16:21:14.708655
B006850,U003765,C016,2014-03,14912.87,2026-08-09T16:21:14.708672
B006851,U002045,C003,1983-10,8948.23,2026-08-09T16:21:14.708689
B006852,U004058,C017,2018-10,38653.52,2026-08-09T16:21:14.708707
B006853,U004969,C009,1999-01,27037.51,2026-08-09T16:21:14.708724
B006854,U001044,C008,1980-08,18121.77,2026-08-09T16:21:14.708742
B006855,U004432,C017,1978-03,5943.66,2026-08-09T16:21:14.708759
B006856,U001548,C011,1973-06,40348.22,2026-08-09T16:21:14.708776
B006857,U003991,C013,1978-05,35011.36,2026-08-09T16:21:14.708794
B006858,U003337,C003,1988-06,40372.49,2026-08-09T16:21:14.708811
B006859,U004740,C999,2026-13,-1639.82,2026-08-09T16:21:14.708819
B006860,U003788,C007,1985-08,28412.94,2026-08-09T16:21:14.708837
B006861,U000651,C999,1972-08,8479.29,2026-08-09T16:21:14.708854
B006862,U001927,C010,2001-02,25993.68,2026-08-09T16:21:14.708872
B006863,U000067,C003,2023-07,6742.08,2026-08-09T16:21:14.708890
B006864,U001109,C014,1971-02,48982.52,2026-08-09T16:21:14.708943
B006865,U002635,C012,2004-10,32362.26,2026-08-09T16:21:14.708968
B006866,U001594,C019,1971-01,234.69,2026-08-09T16:21:14.708988
B006867,U003693,C009,1994-11,13577.84,2026-08-09T16:21:14.709007
B006868,U002067,C000,2015-04,45608.14,2026-08-09T16:21:14.709026
B006869,U001575,C000,Q1-2026,-29759.11,2026-08-09T16:21:14.709035
B006870,U000366,C012,1996-03,13078.62,2026-08-09T16:21:14.709071
B006871,U003187,C010,Q1-2026,-37445.01,2026-08-09T16:21:14.709081
B006872,U002007,C014,1981-07,21044.89,2026-08-09T16:21:14.709098
B006873,U003407,C999,2024-04,15956.1,2026-08-09T16:21:14.709117
B006874,U001060,C016,2006-10,722.63,2026-08-09T16:21:14.709136
B006875,U004506,C012,2001-08,16019.13,2026-08-09T16:21:14.709154
B006876,U003391,C001,2021-08,49377.51,2026-08-09T16:21:14.709172
B006877,U002990,C018,2016-04,27192.06,2026-08-09T16:21:14.709190
B006878,U000984,C016,2000-04,38422.58,2026-08-09T16:21:14.709208
B006879,U000056,C007,1981-04,12.54,2026-08-09T16:21:14.709225
B006880,U001598,C014,2020-04,26908.59,2026-08-09T16:21:14.709243
B006881,U003254,C016,2020-06,36810.81,2026-08-09T16:21:14.709261
B006882,U001266,C001,2012-09,45418.44,2026-08-09T16:21:14.709279
B006883,U000082,C014,2025-08,3535.33,2026-08-09T16:21:14.709297
B006884,U004443,C002,2006-03,44982.68,2026-08-09T16:21:14.709315
B006885,U001393,C005,1994-09,10261.37,2026-08-09T16:21:14.709333
B006886,U003828,C012,1988-04,47238.61,2026-08-09T16:21:14.709350
B006887,U000924,C011,1986-07,13463.01,2026-08-09T16:21:14.709368
B006888,U000555,C018,1986-04,49606.79,2026-08-09T16:21:14.709385
B006889,U000021,C004,,N/A,2026-08-09T16:21:14.709394
B006890,U004868,C009,2024-05,42445.71,2026-08-09T16:21:14.709411
B006891,U004576,C013,2024-06,10840.84,2026-08-09T16:21:14.709429
B006892,U001947,C009,2018-03,29191.76,2026-08-09T16:21:14.709446
B006893,U003198,C006,2012-10,27976.69,2026-08-09T16:21:14.709464
B006894,U004428,C015,2014-09,32246.82,2026-08-09T16:21:14.709482
B006895,U002652,C011,1983-02,30454.26,2026-08-09T16:21:14.709544
B006896,U001153,C007,2026-13,17979.23,2026-08-09T16:21:14.709554
B006897,U003731,C004,1971-07,44612.49,2026-08-09T16:21:14.709575
B006898,U002150,C012,1970-05,32743.18,2026-08-09T16:21:14.709594
B006899,U004988,C003,1994-05,44375.41,2026-08-09T16:21:14.709612
B006900,U004914,C000,,16065.76,2026-08-09T16:21:14.709621
B006901,U001703,C000,1982-09,34913.04,2026-08-09T16:21:14.709638
B006902,U003353,C002,2015-12,13600.98,2026-08-09T16:21:14.709656
B006903,U000467,C019,2017-05,14889.83,2026-08-09T16:21:14.709675
B006904,U004639,C010,2010-06,31364.59,2026-08-09T16:21:14.709693
B006905,U000345,C005,1970-01,23215.43,2026-08-09T16:21:14.709710
B006906,U004161,C019,2000-03,34114.64,2026-08-09T16:21:14.709728
B006907,U002251,C010,2009-06,42541.97,2026-08-09T16:21:14.709745
B006908,U000662,C002,2023-11,28125.59,2026-08-09T16:21:14.709763
B006909,U000991,C015,1998-02,31320.46,2026-08-09T16:21:14.709781
B006910,U002762,C016,1972-02,15049.57,2026-08-09T16:21:14.709799
B006911,U002215,C018,1985-08,12880.6,2026-08-09T16:21:14.709816
B006912,U004721,C005,2018-10,21050.2,2026-08-09T16:21:14.709834
B006913,U004233,C012,2008-09,17336.27,2026-08-09T16:21:14.709852
B006914,U000181,C015,1996-08,32842.74,2026-08-09T16:21:14.709870
B006915,U000457,C017,2005-04,31890.35,2026-08-09T16:21:14.709887
B006916,U003742,C000,2026-13,,2026-08-09T16:21:14.709917
B006917,U002636,C014,1970-04,16082.29,2026-08-09T16:21:14.709954
B006918,U001055,C010,1985-12,17198.73,2026-08-09T16:21:14.709978
B006919,U003060,C999,2020-01,21089.19,2026-08-09T16:21:14.709998
B006920,U004482,C008,,40899,2026-08-09T16:21:14.710008
B006921,U002780,C999,Q1-2026,5569.87,2026-08-09T16:21:14.710016
B006922,U001248,C008,2025-05,35188.9,2026-08-09T16:21:14.710035
B006923,U002338,C015,2005-12,33922.41,2026-08-09T16:21:14.710053
B006924,U002825,C003,Q1-2026,Rs.34634.03,2026-08-09T16:21:14.710062
B006925,U001138,C009,2023-08,34723.62,2026-08-09T16:21:14.710080
B006926,U000414,C019,2012-04,46938.23,2026-08-09T16:21:14.710098
B006927,U003875,C015,2016-06,44878.01,2026-08-09T16:21:14.710116
B006928,U004363,C015,1973-04,24225.04,2026-08-09T16:21:14.710133
B006929,U001989,C001,1996-08,47196.83,2026-08-09T16:21:14.710151
B006930,U002730,C014,1977-02,6610.24,2026-08-09T16:21:14.710169
B006931,U000242,C019,2007-01,4733.58,2026-08-09T16:21:14.710187
B006932,U000465,C001,2002-08,35808.68,2026-08-09T16:21:14.710204
B006933,U002046,C008,1979-01,32050.8,2026-08-09T16:21:14.710222
B006934,U000659,C016,1995-10,727.81,2026-08-09T16:21:14.710239
B006935,U001102,C001,1984-11,33901.07,2026-08-09T16:21:14.710257
B006936,U000126,C010,1976-06,39051.47,2026-08-09T16:21:14.710274
B006937,U002820,C014,1980-08,12467.13,2026-08-09T16:21:14.710292
B006938,U003544,C017,2008-10,38733.91,2026-08-09T16:21:14.710310
B006939,U004106,C015,2013-06,18913.53,2026-08-09T16:21:14.710327
B006940,U002948,C011,1988-02,17358.81,2026-08-09T16:21:14.710345
B006941,U003388,C017,2005-09,16195.43,2026-08-09T16:21:14.710362
B006942,U004428,C011,1972-10,1233.26,2026-08-09T16:21:14.710379
B006943,U003149,C008,2018-05,49288.21,2026-08-09T16:21:14.710397
B006944,U004301,C005,2020-08,32895.55,2026-08-09T16:21:14.710414
B006945,U004179,C015,2000-11,5587.22,2026-08-09T16:21:14.710432
B006946,U000440,C005,,Rs.17624.01,2026-08-09T16:21:14.710441
B006947,U002042,C007,2023-10,14292.85,2026-08-09T16:21:14.710459
B006948,U002860,C004,2021-10,29252.41,2026-08-09T16:21:14.710476
B006949,U004167,C009,1988-08,14398.51,2026-08-09T16:21:14.710494
B006950,U000968,C009,,1770,2026-08-09T16:21:14.710502
B006951,U001604,C015,1997-04,2028.19,2026-08-09T16:21:14.710520
B006952,U002743,C999,2021-02,5304.15,2026-08-09T16:21:14.710537
B006953,U000855,C018,,-32420.13,2026-08-09T16:21:14.710546
B006954,U002981,C999,1998-10,30845.85,2026-08-09T16:21:14.710563
B006955,U002288,C005,1970-01,8916.44,2026-08-09T16:21:14.710581
B006956,U000845,C006,1986-01,12315.09,2026-08-09T16:21:14.710598
B006957,U001243,C009,1997-06,3837.08,2026-08-09T16:21:14.710616
B006958,U003770,C014,1971-05,35942.84,2026-08-09T16:21:14.710634
B006959,U000047,C003,Q1-2026,Rs.34680.25,2026-08-09T16:21:14.710643
B006960,U002412,C006,1979-01,18957.15,2026-08-09T16:21:14.710660
B006961,U004468,C019,1979-04,48604.87,2026-08-09T16:21:14.710678
B006962,U004257,C010,1988-06,30184.7,2026-08-09T16:21:14.710696
B006963,U002115,C007,1970-02,34225.74,2026-08-09T16:21:14.710713
B006964,U002222,C015,1979-04,12652.15,2026-08-09T16:21:14.710730
B006965,U002504,C015,1987-10,19527.88,2026-08-09T16:21:14.710748
B006966,U004368,C018,1980-05,10619.6,2026-08-09T16:21:14.710765
B006967,U000667,C012,1990-12,31596.35,2026-08-09T16:21:14.710783
B006968,U004312,C015,,19161.13,2026-08-09T16:21:14.710791
B006969,U000456,C017,1977-12,14652.79,2026-08-09T16:21:14.710808
B006970,U003393,C999,,-8136.57,2026-08-09T16:21:14.710817
B006971,U004623,C001,2000-05,32013.28,2026-08-09T16:21:14.710834
B006972,U002631,C006,Q1-2026,3248.68,2026-08-09T16:21:14.710843
B006973,U002609,C015,,3115.22,2026-08-09T16:21:14.710851
B006974,U004354,C009,1974-02,46322.61,2026-08-09T16:21:14.710868
B006975,U004405,C014,2017-09,21178.72,2026-08-09T16:21:14.710886
B006976,U004630,C003,2020-11,32022.77,2026-08-09T16:21:14.710931
B006977,U000741,C007,1976-08,1746.8,2026-08-09T16:21:14.710962
B006978,U003694,C006,1988-08,5468.69,2026-08-09T16:21:14.710984
B006979,U001980,C011,1984-04,29080.25,2026-08-09T16:21:14.711003
B006980,U001401,C007,1974-07,38248.53,2026-08-09T16:21:14.711022
B006981,U002685,C018,2015-05,35842.97,2026-08-09T16:21:14.711040
B006982,U003029,C016,2001-04,2799.17,2026-08-09T16:21:14.711058
B006983,U002367,C011,1996-10,15969.55,2026-08-09T16:21:14.711076
B006984,U000832,C012,2013-01,49690.9,2026-08-09T16:21:14.711094
B006985,U003811,C008,2013-11,38575.44,2026-08-09T16:21:14.711112
B006986,U002318,C019,1970-10,6286.75,2026-08-09T16:21:14.711129
B006987,U001647,C004,1990-06,24795.81,2026-08-09T16:21:14.711147
B006988,U001683,C003,,12829.2,2026-08-09T16:21:14.711156
B006989,U004298,C002,2026-13,-48114.93,2026-08-09T16:21:14.711164
B006990,U003969,C012,1981-10,11628.48,2026-08-09T16:21:14.711182
B006991,U000953,C006,2018-12,13998.95,2026-08-09T16:21:14.711199
B006992,U001486,C999,2012-03,49988.05,2026-08-09T16:21:14.711217
B006993,U003074,C006,1976-10,12289.46,2026-08-09T16:21:14.711235
B006994,U002275,C002,2000-01,35520.4,2026-08-09T16:21:14.711252
B006995,U004853,C017,1985-02,33201.85,2026-08-09T16:21:14.711295
B006996,U001401,C010,1999-01,7545.87,2026-08-09T16:21:14.711312
B006997,U000722,C008,1990-04,33903.7,2026-08-09T16:21:14.711330
B006998,U001865,C011,1975-03,42724.6,2026-08-09T16:21:14.711347
B006999,U001070,C999,2026-13,33430.79,2026-08-09T16:21:14.711356
B007000,U002156,C009,1986-05,26803.85,2026-08-09T16:21:14.711373
B007001,U000420,C999,1977-03,44182.35,2026-08-09T16:21:14.711391
B007002,U002013,C010,2024-10,14372.36,2026-08-09T16:21:14.711408
B007003,U001380,C008,2023-01,1786.22,2026-08-09T16:21:14.711426
B007004,U002950,C007,1970-03,2282.47,2026-08-09T16:21:14.711444
B007005,U000629,C003,1984-08,49670.69,2026-08-09T16:21:14.711461
B007006,U000034,C008,2022-05,18284.89,2026-08-09T16:21:14.711478
B007007,U004950,C004,2025-05,23668.81,2026-08-09T16:21:14.711495
B007008,U001352,C006,2011-08,13405.21,2026-08-09T16:21:14.711513
B007009,U000292,C011,1991-02,20947.31,2026-08-09T16:21:14.711530
B007010,U001847,C007,1988-09,16730.09,2026-08-09T16:21:14.711548
B007011,U003291,C007,2002-11,25460.85,2026-08-09T16:21:14.711565
B007012,U000518,C016,2021-09,38509.17,2026-08-09T16:21:14.711583
B007013,U001719,C019,1982-01,28195.85,2026-08-09T16:21:14.711600
B007014,U004340,C012,2015-05,28996.64,2026-08-09T16:21:14.711617
B007015,U002828,C011,,-35574.84,2026-08-09T16:21:14.711626
B007016,U001658,C016,1978-09,174.86,2026-08-09T16:21:14.711643
B007017,U001030,C012,1993-01,31486.87,2026-08-09T16:21:14.711660
B007018,U002366,C000,,12600.91,2026-08-09T16:21:14.711669
B007019,U000840,C014,2005-05,40367.17,2026-08-09T16:21:14.711686
B007020,U003378,C012,,,2026-08-09T16:21:14.711694
B007021,U000318,C999,2014-05,19892.24,2026-08-09T16:21:14.711712
B007022,U003251,C018,1991-08,24846.89,2026-08-09T16:21:14.711729
B007023,U001090,C005,2002-05,10105.76,2026-08-09T16:21:14.711746
B007024,U000345,C008,2021-12,12019.15,2026-08-09T16:21:14.711763
B007025,U001958,C002,Q1-2026,-5260.87,2026-08-09T16:21:14.711772
B007026,U004617,C015,1985-01,41908.01,2026-08-09T16:21:14.711789
B007027,U002017,C012,1982-10,37942.42,2026-08-09T16:21:14.711806
B007028,U000643,C002,1996-05,42258.13,2026-08-09T16:21:14.711824
B007029,U001204,C001,2004-08,48795.88,2026-08-09T16:21:14.711841
B007030,U003259,C003,1972-05,6687.49,2026-08-09T16:21:14.711858
B007031,U001292,C017,2022-12,20563.77,2026-08-09T16:21:14.711876
B007032,U000988,C008,2008-03,108.92,2026-08-09T16:21:14.711893
B007033,U002355,C010,1980-02,14904.35,2026-08-09T16:21:14.711958
B007034,U004871,C004,1981-07,8548.77,2026-08-09T16:21:14.711981
B007035,U001217,C007,1972-09,34570.42,2026-08-09T16:21:14.712002
B007036,U000456,C000,2025-05,1371.2,2026-08-09T16:21:14.712021
B007037,U003666,C016,1990-10,46912.88,2026-08-09T16:21:14.712039
B007038,U001319,C008,1981-03,33118.02,2026-08-09T16:21:14.712057
B007039,U004800,C015,2015-12,28363.05,2026-08-09T16:21:14.712076
B007040,U001911,C010,1994-11,11520.37,2026-08-09T16:21:14.712094
B007041,U002643,C012,1978-06,5837.54,2026-08-09T16:21:14.712112
B007042,U003365,C005,2016-12,29423.28,2026-08-09T16:21:14.712130
B007043,U004255,C008,2017-12,20400.86,2026-08-09T16:21:14.712148
B007044,U003078,C009,1981-07,2809.67,2026-08-09T16:21:14.712165
B007045,U004883,C014,1981-08,22924.02,2026-08-09T16:21:14.712183
B007046,U001765,C012,2017-11,3465.05,2026-08-09T16:21:14.712201
B007047,U004520,C006,2004-11,23.34,2026-08-09T16:21:14.712219
B007048,U004894,C001,1977-10,19611.64,2026-08-09T16:21:14.712237
B007049,U001945,C012,1987-09,2746.95,2026-08-09T16:21:14.712254
B007050,U001537,C003,2025-12,36068.83,2026-08-09T16:21:14.712272
B007051,U003849,C005,1973-12,21075.63,2026-08-09T16:21:14.712289
B007052,U001620,C013,1982-07,9359.08,2026-08-09T16:21:14.712307
B007053,U002631,C019,1994-05,33428.86,2026-08-09T16:21:14.712324
B007054,U003690,C014,2002-10,9782.17,2026-08-09T16:21:14.712342
B007055,U001493,C009,2019-03,9720.3,2026-08-09T16:21:14.712360
B007056,U000524,C008,1994-05,21614.51,2026-08-09T16:21:14.712377
B007057,U001357,C005,1981-10,49580.61,2026-08-09T16:21:14.712394
B007058,U001827,C006,1994-03,26106.97,2026-08-09T16:21:14.712412
B007059,U001612,C016,2008-05,46941.15,2026-08-09T16:21:14.712430
B007060,U001338,C006,1981-01,16899.19,2026-08-09T16:21:14.712447
B007061,U003152,C004,2007-03,24272.42,2026-08-09T16:21:14.712465
B007062,U004758,C009,2026-13,43873,2026-08-09T16:21:14.712474
B007063,U002451,C002,2021-01,8596.78,2026-08-09T16:21:14.712491
B007064,U001314,C005,2024-11,29517.25,2026-08-09T16:21:14.712509
B007065,U003028,C012,2009-03,22144.33,2026-08-09T16:21:14.712527
B007066,U004647,C007,Q1-2026,35314.55,2026-08-09T16:21:14.712536
B007067,U002854,C001,2003-09,13984.3,2026-08-09T16:21:14.712553
B007068,U001549,C006,2014-11,32139.72,2026-08-09T16:21:14.712571
B007069,U000699,C011,1991-02,46158.01,2026-08-09T16:21:14.712588
B007070,U004528,C007,1993-10,10369.07,2026-08-09T16:21:14.712606
B007071,U004165,C999,2013-01,47164.25,2026-08-09T16:21:14.712624
B007072,U000652,C019,1990-11,1091.37,2026-08-09T16:21:14.712642
B007073,U000264,C018,2012-09,31954.0,2026-08-09T16:21:14.712659
B007074,U004598,C015,2003-01,18076.81,2026-08-09T16:21:14.712677
B007075,U004167,C005,2026-03,17274.73,2026-08-09T16:21:14.712695
B007076,U001057,C007,2021-11,9103.38,2026-08-09T16:21:14.712712
B007077,U001565,C000,1991-08,293.81,2026-08-09T16:21:14.712729
B007078,U003451,C002,Q1-2026,21792.23,2026-08-09T16:21:14.712738
B007079,U002441,C012,1983-03,34066.75,2026-08-09T16:21:14.712756
B007080,U001019,C005,2006-12,37160.3,2026-08-09T16:21:14.712773
B007081,U004486,C007,Q1-2026,N/A,2026-08-09T16:21:14.712782
B007082,U000338,C017,2025-05,31904.87,2026-08-09T16:21:14.712799
B007083,U001117,C004,2000-03,22909.14,2026-08-09T16:21:14.712817
B007084,U000005,C005,2004-12,16653.66,2026-08-09T16:21:14.712835
B007085,U003022,C999,2002-10,33402.88,2026-08-09T16:21:14.712852
B007086,U000846,C003,2019-09,37302.31,2026-08-09T16:21:14.712870
B007087,U003014,C011,Q1-2026,20529,2026-08-09T16:21:14.712879
B007088,U001170,C013,2014-03,32989.09,2026-08-09T16:21:14.712916
B007089,U004156,C000,1983-07,39299.73,2026-08-09T16:21:14.712956
B007090,U002173,C001,2008-02,36951.03,2026-08-09T16:21:14.712980
B007091,U002475,C015,1972-08,1779.78,2026-08-09T16:21:14.713000
B007092,U002184,C005,1981-03,42069.96,2026-08-09T16:21:14.713019
B007093,U002661,C006,1985-12,48920.86,2026-08-09T16:21:14.713038
B007094,U003523,C010,2015-11,13540.01,2026-08-09T16:21:14.713056
B007095,U001842,C004,1981-11,48916.09,2026-08-09T16:21:14.713074
B007096,U002416,C007,2016-01,14925.59,2026-08-09T16:21:14.713092
B007097,U001701,C015,2026-13,17268.05,2026-08-09T16:21:14.713101
B007098,U001557,C003,2009-02,2160.1,2026-08-09T16:21:14.713119
B007099,U003369,C017,2026-13,-32530.77,2026-08-09T16:21:14.713128
B007100,U002991,C007,1999-09,36333.06,2026-08-09T16:21:14.713146
B007101,U001526,C005,2012-12,49569.93,2026-08-09T16:21:14.713164
B007102,U003291,C008,1975-11,29327.27,2026-08-09T16:21:14.713182
B007103,U004497,C014,2002-04,3096.3,2026-08-09T16:21:14.713200
B007104,U003123,C009,1970-03,14097.69,2026-08-09T16:21:14.713218
B007105,U001906,C001,1978-03,23339.34,2026-08-09T16:21:14.713236
B007106,U000245,C014,1971-07,26214.79,2026-08-09T16:21:14.713253
B007107,U000566,C001,2011-02,5465.74,2026-08-09T16:21:14.713271
B007108,U002375,C016,2007-04,38570.89,2026-08-09T16:21:14.713289
B007109,U004964,C999,1998-01,14872.58,2026-08-09T16:21:14.713306
B007110,U000921,C016,1984-08,24123.5,2026-08-09T16:21:14.713324
B007111,U000161,C000,1971-05,13980.48,2026-08-09T16:21:14.713341
B007112,U000447,C001,1987-07,21971.67,2026-08-09T16:21:14.713359
B007113,U000584,C009,2013-11,45876.6,2026-08-09T16:21:14.713377
B007114,U000252,C009,2000-12,28426.32,2026-08-09T16:21:14.713395
B007115,U003393,C009,1994-08,2839.35,2026-08-09T16:21:14.713412
B007116,U001065,C002,1991-06,2959.22,2026-08-09T16:21:14.713429
B007117,U002248,C006,2026-13,Rs.1470.79,2026-08-09T16:21:14.713438
B007118,U001777,C002,1999-02,18227.97,2026-08-09T16:21:14.713456
B007119,U003733,C017,1996-06,15831.71,2026-08-09T16:21:14.713473
B007120,U000126,C013,2015-12,22249.16,2026-08-09T16:21:14.713553
B007121,U000948,C008,2006-12,5809.63,2026-08-09T16:21:14.713577
B007122,U002830,C002,1992-01,16613.24,2026-08-09T16:21:14.713599
B007123,U002876,C003,,35971.65,2026-08-09T16:21:14.713608
B007124,U001278,C002,2011-10,17144.64,2026-08-09T16:21:14.713626
B007125,U003180,C003,1996-04,5244.83,2026-08-09T16:21:14.713645
B007126,U000962,C002,1996-12,45361.68,2026-08-09T16:21:14.713663
B007127,U003857,C003,1998-08,12810.17,2026-08-09T16:21:14.713681
B007128,U001579,C008,1993-09,5602.0,2026-08-09T16:21:14.713699
B007129,U003455,C010,1994-02,530.77,2026-08-09T16:21:14.713716
B007130,U004087,C005,1993-05,47352.92,2026-08-09T16:21:14.713734
B007131,U000995,C001,1971-08,24843.92,2026-08-09T16:21:14.713752
B007132,U000609,C005,1981-08,7289.83,2026-08-09T16:21:14.713769
B007133,U002637,C001,2026-05,27291.56,2026-08-09T16:21:14.713787
B007134,U002628,C005,1980-12,15039.05,2026-08-09T16:21:14.713805
B007135,U004239,C013,Q1-2026,39560,2026-08-09T16:21:14.713814
B007136,U004857,C004,1973-04,15886.87,2026-08-09T16:21:14.713832
B007137,U001923,C013,2001-05,1958.42,2026-08-09T16:21:14.713849
B007138,U004770,C999,1999-10,30658.9,2026-08-09T16:21:14.713867
B007139,U000609,C018,2024-05,49155.23,2026-08-09T16:21:14.713885
B007140,U002202,C001,1981-05,1296.76,2026-08-09T16:21:14.713939
B007141,U004137,C003,2019-12,8245.4,2026-08-09T16:21:14.713967
B007142,U003700,C003,1972-06,49697.08,2026-08-09T16:21:14.713988
B007143,U001513,C016,1996-01,26044.15,2026-08-09T16:21:14.714008
B007144,U002505,C002,1975-04,16778.19,2026-08-09T16:21:14.714027
B007145,U002104,C019,2015-02,7509.65,2026-08-09T16:21:14.714045
B007146,U001570,C009,2002-11,35387.58,2026-08-09T16:21:14.714063
B007147,U001217,C012,1979-08,21324.37,2026-08-09T16:21:14.714081
B007148,U003925,C007,1996-04,26631.99,2026-08-09T16:21:14.714098
B007149,U004876,C012,1972-11,41993.94,2026-08-09T16:21:14.714116
B007150,U004494,C002,2008-11,43937.54,2026-08-09T16:21:14.714134
B007151,U000574,C005,Q1-2026,-32030.74,2026-08-09T16:21:14.714143
B007152,U001215,C008,1990-06,9459.4,2026-08-09T16:21:14.714161
B007153,U004036,C015,1999-08,24889.35,2026-08-09T16:21:14.714178
B007154,U003157,C014,2022-03,22944.0,2026-08-09T16:21:14.714196
B007155,U004040,C000,Q1-2026,-34561.38,2026-08-09T16:21:14.714205
B007156,U004123,C019,1977-11,39621.13,2026-08-09T16:21:14.714223
B007157,U000681,C007,1970-03,9557.86,2026-08-09T16:21:14.714240
B007158,U002911,C014,1998-09,28820.9,2026-08-09T16:21:14.714258
B007159,U001476,C007,,19273.37,2026-08-09T16:21:14.714267
B007160,U001343,C000,2005-05,4126.44,2026-08-09T16:21:14.714285
B007161,U001237,C018,2015-01,40579.06,2026-08-09T16:21:14.714302
B007162,U000959,C004,2016-12,19073.99,2026-08-09T16:21:14.714320
B007163,U003286,C001,1993-06,44081.88,2026-08-09T16:21:14.714338
B007164,U003428,C018,1980-08,21169.27,2026-08-09T16:21:14.714355
B007165,U000716,C000,1996-01,27738.29,2026-08-09T16:21:14.714373
B007166,U001960,C019,2026-13,-37116.79,2026-08-09T16:21:14.714382
B007167,U003911,C012,2022-11,44910.3,2026-08-09T16:21:14.714399
B007168,U003375,C000,2008-10,38728.55,2026-08-09T16:21:14.714417
B007169,U001693,C006,1998-08,40813.08,2026-08-09T16:21:14.714434
B007170,U002838,C001,2006-10,19562.51,2026-08-09T16:21:14.714452
B007171,U004040,C013,2019-10,439.28,2026-08-09T16:21:14.714470
B007172,U002901,C000,2000-10,26311.04,2026-08-09T16:21:14.714488
B007173,U000302,C010,2026-13,-33942.05,2026-08-09T16:21:14.714497
B007174,U003408,C999,2002-06,31098.69,2026-08-09T16:21:14.714514
B007175,U004837,C016,1970-08,41474.27,2026-08-09T16:21:14.714532
B007176,U003037,C013,1991-06,46407.05,2026-08-09T16:21:14.714549
B007177,U000637,C018,2020-01,28699.94,2026-08-09T16:21:14.714567
B007178,U000553,C004,1992-08,13069.85,2026-08-09T16:21:14.714584
B007179,U003214,C001,2014-11,18596.38,2026-08-09T16:21:14.714602
B007180,U004884,C999,2008-07,37582.06,2026-08-09T16:21:14.714619
B007181,U000346,C014,1999-08,19952.43,2026-08-09T16:21:14.714637
B007182,U004134,C003,2019-07,37101.35,2026-08-09T16:21:14.714654
B007183,U004395,C006,1979-01,20658.73,2026-08-09T16:21:14.714672
B007184,U004996,C000,2003-04,11858.14,2026-08-09T16:21:14.714690
B007185,U000767,C014,1987-08,22127.95,2026-08-09T16:21:14.714712
B007186,U000766,C003,2018-12,38343.56,2026-08-09T16:21:14.714730
B007187,U002726,C011,1990-11,1174.3,2026-08-09T16:21:14.714748
B007188,U000332,C008,2000-10,9421.87,2026-08-09T16:21:14.714765
B007189,U001630,C003,1985-01,16626.9,2026-08-09T16:21:14.714783
B007190,U001083,C005,1988-04,31043.52,2026-08-09T16:21:14.714801
B007191,U004410,C007,Q1-2026,19689.19,2026-08-09T16:21:14.714809
B007192,U000482,C006,2022-07,21230.78,2026-08-09T16:21:14.714827
B007193,U003517,C014,1993-11,42517.73,2026-08-09T16:21:14.714844
B007194,U003866,C011,2013-12,42672.73,2026-08-09T16:21:14.714862
B007195,U002662,C002,2008-05,44431.41,2026-08-09T16:21:14.714879
B007196,U004045,C009,2003-10,10104.96,2026-08-09T16:21:14.714919
B007197,U004067,C000,1978-11,25910.84,2026-08-09T16:21:14.714966
B007198,U003753,C017,1986-02,2247.8,2026-08-09T16:21:14.714999
B007199,U000211,C006,2007-09,24634.05,2026-08-09T16:21:14.715034
B007200,U000017,C003,2026-13,-12461.41,2026-08-09T16:21:14.715049
B007201,U004118,C004,2004-07,42355.31,2026-08-09T16:21:14.715079
B007202,U000793,C012,1995-10,491.36,2026-08-09T16:21:14.715105
B007203,U000201,C018,2004-03,23207.27,2026-08-09T16:21:14.715130
B007204,U004261,C017,1970-06,40333.91,2026-08-09T16:21:14.715160
B007205,U003281,C012,1976-12,4227.54,2026-08-09T16:21:14.715187
B007206,U003246,C008,,N/A,2026-08-09T16:21:14.715201
B007207,U004833,C009,2001-07,37245.36,2026-08-09T16:21:14.715226
B007208,U003265,C002,2000-01,21714.17,2026-08-09T16:21:14.715252
B007209,U001025,C005,1984-12,49259.68,2026-08-09T16:21:14.715278
B007210,U003636,C004,2011-01,21582.06,2026-08-09T16:21:14.715304
B007211,U002200,C999,2026-13,Rs.8476.97,2026-08-09T16:21:14.715317
B007212,U001475,C016,2004-12,32488.0,2026-08-09T16:21:14.715343
B007213,U003377,C011,2021-09,36054.33,2026-08-09T16:21:14.715375
B007214,U000745,C016,1989-07,29391.72,2026-08-09T16:21:14.715400
B007215,U004154,C012,2011-01,45162.26,2026-08-09T16:21:14.715425
B007216,U004719,C006,1984-07,42492.04,2026-08-09T16:21:14.715452
B007217,U003684,C008,2000-01,17620.34,2026-08-09T16:21:14.715477
B007218,U000519,C017,1995-10,2142.07,2026-08-09T16:21:14.715502
B007219,U002408,C017,2002-06,22050.32,2026-08-09T16:21:14.715528
B007220,U002488,C009,,11200,2026-08-09T16:21:14.715542
B007221,U003614,C007,2023-06,18893.35,2026-08-09T16:21:14.715568
B007222,U000303,C019,2015-03,48458.28,2026-08-09T16:21:14.715595
B007223,U002697,C014,,11143,2026-08-09T16:21:14.715608
B007224,U003627,C012,1985-05,37690.15,2026-08-09T16:21:14.715633
B007225,U001784,C999,2023-06,12753.82,2026-08-09T16:21:14.715658
B007226,U000131,C000,1983-12,7930.81,2026-08-09T16:21:14.715682
B007227,U001359,C999,1984-06,24365.23,2026-08-09T16:21:14.715708
B007228,U002800,C005,2020-12,42348.99,2026-08-09T16:21:14.715734
B007229,U000642,C010,1988-01,3478.92,2026-08-09T16:21:14.715761
B007230,U001307,C003,1991-05,37777.15,2026-08-09T16:21:14.715785
B007231,U003303,C000,2009-03,41032.1,2026-08-09T16:21:14.715810
B007232,U003349,C001,2021-11,4440.34,2026-08-09T16:21:14.715835
B007233,U003499,C010,2005-11,25288.67,2026-08-09T16:21:14.715863
B007234,U004112,C005,1991-11,35286.99,2026-08-09T16:21:14.715888
B007235,U003027,C013,1980-05,18033.05,2026-08-09T16:21:14.715973
B007236,U004723,C006,1982-04,27844.03,2026-08-09T16:21:14.716012
B007237,U000340,C999,2007-12,32954.9,2026-08-09T16:21:14.716041
B007238,U002758,C000,1998-07,34474.03,2026-08-09T16:21:14.716068
B007239,U004509,C012,1971-09,9689.99,2026-08-09T16:21:14.716100
B007240,U001626,C008,2009-10,18856.77,2026-08-09T16:21:14.716129
B007241,U003195,C019,2012-04,37776.96,2026-08-09T16:21:14.716154
B007242,U002109,C009,1993-06,30361.9,2026-08-09T16:21:14.716196
B007243,U000356,C004,1973-03,30254.99,2026-08-09T16:21:14.716223
B007244,U002709,C007,2022-03,9173.58,2026-08-09T16:21:14.716250
B007245,U001826,C002,2004-04,17234.22,2026-08-09T16:21:14.716307
B007246,U000181,C015,2002-09,842.56,2026-08-09T16:21:14.716338
B007247,U000855,C019,2005-12,2131.95,2026-08-09T16:21:14.716364
B007248,U004316,C015,1987-03,25824.13,2026-08-09T16:21:14.716391
B007249,U000620,C011,2006-03,3115.12,2026-08-09T16:21:14.716422
B007250,U001850,C007,2000-01,46495.88,2026-08-09T16:21:14.716456
B007251,U002611,C002,2011-01,8975.63,2026-08-09T16:21:14.716482
B007252,U004938,C999,1970-06,37195.93,2026-08-09T16:21:14.716510
B007253,U000712,C016,2009-10,10444.68,2026-08-09T16:21:14.716537
B007254,U004588,C016,1995-03,5411.45,2026-08-09T16:21:14.716570
B007255,U002519,C004,1979-10,44178.51,2026-08-09T16:21:14.716597
B007256,U002527,C007,Q1-2026,-42209.56,2026-08-09T16:21:14.716617
B007257,U002912,C001,2025-03,32521.75,2026-08-09T16:21:14.716644
B007258,U003631,C016,2013-12,21395.88,2026-08-09T16:21:14.716680
B007259,U002727,C010,2009-12,39.32,2026-08-09T16:21:14.716706
B007260,U001557,C010,2017-08,24213.26,2026-08-09T16:21:14.716730
B007261,U003143,C001,1994-11,32618.99,2026-08-09T16:21:14.716759
B007262,U003705,C006,1977-03,10871.67,2026-08-09T16:21:14.716793
B007263,U002204,C005,2011-08,48605.16,2026-08-09T16:21:14.716824
B007264,U000692,C011,2019-07,38226.4,2026-08-09T16:21:14.716852
B007265,U003559,C007,2026-13,Rs.30794.81,2026-08-09T16:21:14.716869
B007266,U002254,C016,1999-11,44049.65,2026-08-09T16:21:14.716927
B007267,U001240,C008,1971-04,32632.62,2026-08-09T16:21:14.716981
B007268,U004470,C010,2026-03,3768.93,2026-08-09T16:21:14.717023
B007269,U003683,C011,1974-07,37231.56,2026-08-09T16:21:14.717052
B007270,U000492,C012,2014-07,3425.08,2026-08-09T16:21:14.717137
B007271,U003203,C000,1988-02,4010.49,2026-08-09T16:21:14.717175
B007272,U000704,C019,2000-08,18898.87,2026-08-09T16:21:14.717214
B007273,U000493,C001,Q1-2026,Rs.29412.7,2026-08-09T16:21:14.717230
B007274,U001656,C010,2006-01,46361.6,2026-08-09T16:21:14.717269
B007275,U003494,C004,1983-04,22310.99,2026-08-09T16:21:14.717304
B007276,U004561,C015,2011-07,23884.17,2026-08-09T16:21:14.717337
B007277,U002135,C000,1981-05,6711.97,2026-08-09T16:21:14.717370
B007278,U003859,C003,1974-05,14163.17,2026-08-09T16:21:14.717403
B007279,U001583,C014,2016-05,13634.59,2026-08-09T16:21:14.717439
B007280,U001046,C017,2025-01,32378.13,2026-08-09T16:21:14.717471
B007281,U002916,C999,1976-10,38577.75,2026-08-09T16:21:14.717569
B007282,U001481,C018,1997-01,11145.36,2026-08-09T16:21:14.717628
B007283,U003921,C011,1989-02,19430.78,2026-08-09T16:21:14.717660
B007284,U002062,C010,2025-08,33713.74,2026-08-09T16:21:14.717693
B007285,U001919,C009,1985-04,29211.47,2026-08-09T16:21:14.717719
B007286,U004689,C007,2003-08,30256.77,2026-08-09T16:21:14.717749
B007287,U002932,C010,1985-08,11850.76,2026-08-09T16:21:14.717781
B007288,U001388,C005,2010-11,34295.1,2026-08-09T16:21:14.717824
B007289,U002146,C014,1983-12,1690.98,2026-08-09T16:21:14.717862
B007290,U002129,C015,2017-04,43281.58,2026-08-09T16:21:14.717889
B007291,U001645,C019,1998-02,33081.79,2026-08-09T16:21:14.717967
B007292,U000091,C002,2000-10,47243.88,2026-08-09T16:21:14.718032
B007293,U003837,C012,1995-06,38627.91,2026-08-09T16:21:14.718089
B007294,U001346,C014,2010-11,3131.22,2026-08-09T16:21:14.718126
B007295,U004189,C017,1972-03,16564.76,2026-08-09T16:21:14.718168
B007296,U004255,C014,2006-10,3148.25,2026-08-09T16:21:14.718209
B007297,U004241,C007,2004-11,13578.25,2026-08-09T16:21:14.718237
B007298,U002183,C007,1993-02,1242.38,2026-08-09T16:21:14.718269
B007299,U003760,C007,1977-08,27460.26,2026-08-09T16:21:14.718314
B007300,U001447,C008,1999-11,3043.79,2026-08-09T16:21:14.718354
B007301,U002126,C017,2016-09,38234.95,2026-08-09T16:21:14.718397
B007302,U003475,C016,2022-03,26262.64,2026-08-09T16:21:14.718440
B007303,U004570,C999,1994-12,31094.4,2026-08-09T16:21:14.718486
B007304,U003697,C012,1985-07,9976.16,2026-08-09T16:21:14.718530
B007305,U002088,C005,2021-10,24387.12,2026-08-09T16:21:14.718577
B007306,U003812,C003,1984-04,5580.55,2026-08-09T16:21:14.718625
B007307,U003736,C006,1970-10,24026.46,2026-08-09T16:21:14.718661
B007308,U000696,C010,1976-07,44463.35,2026-08-09T16:21:14.718695
B007309,U003306,C005,1995-01,3258.24,2026-08-09T16:21:14.718725
B007310,U003097,C015,1986-08,42238.76,2026-08-09T16:21:14.718761
B007311,U004321,C015,2024-12,9882.45,2026-08-09T16:21:14.718803
B007312,U001765,C002,1977-11,28462.57,2026-08-09T16:21:14.718838
B007313,U003258,C013,2003-12,20775.41,2026-08-09T16:21:14.718884
B007314,U000985,C013,2009-07,8489.11,2026-08-09T16:21:14.718965
B007315,U003253,C019,1998-12,36221.78,2026-08-09T16:21:14.719000
B007316,U004728,C999,1987-12,36617.12,2026-08-09T16:21:14.719038
B007317,U003221,C005,1994-03,46786.26,2026-08-09T16:21:14.719075
B007318,U001135,C005,,23227.49,2026-08-09T16:21:14.719088
B007319,U001031,C008,2005-09,24706.82,2026-08-09T16:21:14.719113
B007320,U004522,C013,1987-11,22003.61,2026-08-09T16:21:14.719136
B007321,U003734,C003,1989-06,19627.22,2026-08-09T16:21:14.719164
B007322,U002192,C016,2018-05,33282.84,2026-08-09T16:21:14.719191
B007323,U004994,C004,1978-06,16705.78,2026-08-09T16:21:14.719214
B007324,U001413,C006,1988-11,47830.66,2026-08-09T16:21:14.719237
B007325,U004895,C016,2014-08,2767.49,2026-08-09T16:21:14.719260
B007326,U001549,C009,1992-10,37925.68,2026-08-09T16:21:14.719284
B007327,U003616,C007,1979-11,12564.22,2026-08-09T16:21:14.719308
B007328,U002342,C015,1980-02,41616.94,2026-08-09T16:21:14.719336
B007329,U000785,C002,2004-05,17299.63,2026-08-09T16:21:14.719360
B007330,U001521,C005,2026-04,47432.1,2026-08-09T16:21:14.719389
B007331,U004634,C010,1979-03,4221.41,2026-08-09T16:21:14.719419
B007332,U004945,C000,,Rs.41143.58,2026-08-09T16:21:14.719429
B007333,U003501,C019,2025-08,9878.97,2026-08-09T16:21:14.719448
B007334,U001716,C003,1993-10,39669.61,2026-08-09T16:21:14.719475
B007335,U002439,C010,2004-11,12197.0,2026-08-09T16:21:14.719504
B007336,U003278,C009,1972-06,8076.0,2026-08-09T16:21:14.719533
B007337,U000066,C007,2007-09,48050.26,2026-08-09T16:21:14.719565
B007338,U001432,C002,1975-08,1662.88,2026-08-09T16:21:14.719595
B007339,U002456,C012,2025-12,22563.17,2026-08-09T16:21:14.719622
B007340,U004880,C002,1984-09,14618.77,2026-08-09T16:21:14.719649
B007341,U004958,C011,1982-11,42455.25,2026-08-09T16:21:14.719675
B007342,U003678,C015,1979-04,2123.49,2026-08-09T16:21:14.719702
B007343,U003932,C000,,21435,2026-08-09T16:21:14.719718
B007344,U004520,C006,2010-08,9338.66,2026-08-09T16:21:14.719749
B007345,U000266,C006,,Rs.15337.75,2026-08-09T16:21:14.719764
B007346,U001580,C012,2022-07,43740.79,2026-08-09T16:21:14.719797
B007347,U004223,C007,2001-07,21852.97,2026-08-09T16:21:14.719823
B007348,U003435,C999,2007-12,42587.49,2026-08-09T16:21:14.719841
B007349,U002555,C009,1999-10,44888.87,2026-08-09T16:21:14.719859
B007350,U000959,C000,2025-12,33088.25,2026-08-09T16:21:14.719877
B007351,U001589,C004,2004-11,39201.4,2026-08-09T16:21:14.719922
B007352,U001580,C018,2015-06,6989.44,2026-08-09T16:21:14.719960
B007353,U000188,C008,2026-13,N/A,2026-08-09T16:21:14.719972
B007354,U004995,C004,2017-03,37819.81,2026-08-09T16:21:14.719994
B007355,U001432,C008,,-13139.59,2026-08-09T16:21:14.720004
B007356,U002795,C001,2007-09,21549.02,2026-08-09T16:21:14.720023
B007357,U004435,C005,2004-04,2997.07,2026-08-09T16:21:14.720043
B007358,U001696,C016,1992-02,24011.74,2026-08-09T16:21:14.720061
B007359,U000773,C004,1978-10,46553.28,2026-08-09T16:21:14.720080
B007360,U001237,C018,2006-08,30763.29,2026-08-09T16:21:14.720098
B007361,U004880,C001,1984-04,5251.67,2026-08-09T16:21:14.720117
B007362,U003010,C019,2006-09,17475.33,2026-08-09T16:21:14.720135
B007363,U003488,C002,2011-11,21734.48,2026-08-09T16:21:14.720154
B007364,U000498,C999,1980-07,48853.01,2026-08-09T16:21:14.720172
B007365,U001945,C001,1993-05,15524.82,2026-08-09T16:21:14.720191
B007366,U000252,C000,1994-05,43222.96,2026-08-09T16:21:14.720219
B007367,U002212,C013,1974-12,26045.31,2026-08-09T16:21:14.720247
B007368,U001643,C003,,-10569.06,2026-08-09T16:21:14.720259
B007369,U002930,C015,,-9809.53,2026-08-09T16:21:14.720271
B007370,U000980,C011,1982-10,13310.56,2026-08-09T16:21:14.720332
B007371,U001065,C018,1992-09,4109.27,2026-08-09T16:21:14.720359
B007372,U004876,C003,1998-02,29819.78,2026-08-09T16:21:14.720383
B007373,U000386,C019,2006-04,43215.55,2026-08-09T16:21:14.720415
B007374,U002398,C002,1972-12,24510.35,2026-08-09T16:21:14.720443
B007375,U004661,C004,2021-09,913.26,2026-08-09T16:21:14.720471
B007376,U003019,C018,1981-05,15138.43,2026-08-09T16:21:14.720497
B007377,U003259,C000,2006-11,45053.1,2026-08-09T16:21:14.720521
B007378,U000610,C013,1974-06,41226.68,2026-08-09T16:21:14.720546
B007379,U000672,C010,Q1-2026,10842,2026-08-09T16:21:14.720559
B007380,U003153,C009,2026-13,Rs.30427.21,2026-08-09T16:21:14.720571
B007381,U001602,C999,1987-04,13344.95,2026-08-09T16:21:14.720596
B007382,U001700,C004,2013-09,2950.48,2026-08-09T16:21:14.720620
B007383,U003391,C001,1979-02,47296.58,2026-08-09T16:21:14.720645
B007384,U002742,C006,1978-03,40206.68,2026-08-09T16:21:14.720670
B007385,U000237,C011,1983-02,11029.74,2026-08-09T16:21:14.720695
B007386,U002817,C013,1990-09,37253.49,2026-08-09T16:21:14.720720
B007387,U004592,C017,2006-08,37107.32,2026-08-09T16:21:14.720745
B007388,U004419,C000,1971-10,43209.02,2026-08-09T16:21:14.720770
B007389,U004881,C015,2011-04,2170.16,2026-08-09T16:21:14.720795
B007390,U004516,C010,1978-06,16141.95,2026-08-09T16:21:14.720820
B007391,U000407,C012,1994-03,28512.84,2026-08-09T16:21:14.720844
B007392,U002316,C001,2018-10,42171.22,2026-08-09T16:21:14.720869
B007393,U003690,C009,2018-06,4996.12,2026-08-09T16:21:14.720926
B007394,U004634,C006,2006-01,18486.56,2026-08-09T16:21:14.720973
B007395,U000012,C007,1972-01,25659.52,2026-08-09T16:21:14.721003
B007396,U000602,C012,2015-04,40718.02,2026-08-09T16:21:14.721036
B007397,U003609,C000,1974-04,31227.27,2026-08-09T16:21:14.721065
B007398,U002951,C004,2004-03,3634.54,2026-08-09T16:21:14.721084
B007399,U002721,C016,1972-01,42526.23,2026-08-09T16:21:14.721102
B007400,U000350,C008,2021-05,34755.03,2026-08-09T16:21:14.721121
B007401,U002133,C004,1974-09,29499.85,2026-08-09T16:21:14.721139
B007402,U004217,C016,Q1-2026,Rs.49354.65,2026-08-09T16:21:14.721149
B007403,U004422,C999,1972-08,16229.63,2026-08-09T16:21:14.721166
B007404,U001637,C019,1976-01,35755.57,2026-08-09T16:21:14.721184
B007405,U000369,C006,1992-03,23918.12,2026-08-09T16:21:14.721206
B007406,U003862,C006,2017-03,37578.65,2026-08-09T16:21:14.721236
B007407,U003016,C017,2003-07,39507.65,2026-08-09T16:21:14.721262
B007408,U002505,C016,1988-04,17745.21,2026-08-09T16:21:14.721287
B007409,U003743,C008,1989-03,26029.89,2026-08-09T16:21:14.721311
B007410,U000636,C006,1987-08,12824.68,2026-08-09T16:21:14.721336
B007411,U004853,C011,Q1-2026,32694.98,2026-08-09T16:21:14.721348
B007412,U000469,C002,Q1-2026,5057,2026-08-09T16:21:14.721360
B007413,U000614,C015,2010-10,43933.26,2026-08-09T16:21:14.721392
B007414,U000156,C016,,15227,2026-08-09T16:21:14.721405
B007415,U001107,C006,1972-03,33275.41,2026-08-09T16:21:14.721431
B007416,U000848,C000,1975-06,43735.59,2026-08-09T16:21:14.721466
B007417,U002665,C005,2020-02,15923.14,2026-08-09T16:21:14.721537
B007418,U004687,C012,2019-03,7313.93,2026-08-09T16:21:14.721575
B007419,U003533,C002,2018-05,13585.61,2026-08-09T16:21:14.721604
B007420,U001272,C018,1977-05,27108.19,2026-08-09T16:21:14.721638
B007421,U000479,C019,2026-13,-33070.37,2026-08-09T16:21:14.721651
B007422,U002095,C003,2011-08,24817.67,2026-08-09T16:21:14.721676
B007423,U000906,C003,1997-10,44242.22,2026-08-09T16:21:14.721702
B007424,U001918,C005,1986-11,12532.27,2026-08-09T16:21:14.721727
B007425,U004906,C012,2012-12,37475.35,2026-08-09T16:21:14.721752
B007426,U001110,C013,2009-02,40670.3,2026-08-09T16:21:14.721777
B007427,U003178,C013,2015-07,49811.8,2026-08-09T16:21:14.721802
B007428,U004229,C002,1970-03,45844.25,2026-08-09T16:21:14.721827
B007429,U000494,C000,2006-08,3860.04,2026-08-09T16:21:14.721852
B007430,U001696,C007,1980-03,48856.54,2026-08-09T16:21:14.721876
B007431,U003438,C014,Q1-2026,Rs.41281.32,2026-08-09T16:21:14.721889
B007432,U003196,C999,2010-06,23240.4,2026-08-09T16:21:14.721961
B007433,U001813,C017,1989-03,36351.71,2026-08-09T16:21:14.721991
B007434,U001574,C012,2008-03,25252.01,2026-08-09T16:21:14.722019
B007435,U000261,C009,,-19660.15,2026-08-09T16:21:14.722032
B007436,U000185,C015,2002-04,13199.31,2026-08-09T16:21:14.722058
B007437,U000456,C010,2022-11,49070.38,2026-08-09T16:21:14.722083
B007438,U004680,C999,1995-11,690.43,2026-08-09T16:21:14.722109
B007439,U003008,C000,2022-09,30741.89,2026-08-09T16:21:14.722135
B007440,U002214,C005,1981-03,26240.18,2026-08-09T16:21:14.722160
B007441,U004451,C007,,7628.7,2026-08-09T16:21:14.722173
B007442,U000702,C000,1998-04,35010.27,2026-08-09T16:21:14.722199
B007443,U003824,C009,2024-03,47675.26,2026-08-09T16:21:14.722225
B007444,U000412,C011,1978-12,29154.53,2026-08-09T16:21:14.722251
B007445,U002865,C014,1993-04,45259.6,2026-08-09T16:21:14.722276
B007446,U000688,C011,1992-06,16985.2,2026-08-09T16:21:14.722301
B007447,U002555,C018,,35911.97,2026-08-09T16:21:14.722313
B007448,U003474,C008,2016-06,12348.45,2026-08-09T16:21:14.722338
B007449,U001128,C003,2020-12,24200.85,2026-08-09T16:21:14.722363
B007450,U002502,C004,2002-03,13231.8,2026-08-09T16:21:14.722387
B007451,U001405,C018,1976-01,26741.71,2026-08-09T16:21:14.722413
B007452,U000184,C004,2012-06,30864.74,2026-08-09T16:21:14.722438
B007453,U003759,C005,1973-05,19204.09,2026-08-09T16:21:14.722465
B007454,U001998,C008,2000-02,7289.01,2026-08-09T16:21:14.722490
B007455,U002749,C015,2007-10,25789.55,2026-08-09T16:21:14.722515
B007456,U002000,C003,2012-07,14557.58,2026-08-09T16:21:14.722541
B007457,U003110,C004,1973-09,36086.11,2026-08-09T16:21:14.722567
B007458,U001791,C001,1976-09,44186.7,2026-08-09T16:21:14.722592
B007459,U000535,C007,1998-01,792.98,2026-08-09T16:21:14.722619
B007460,U001727,C002,1982-01,14091.75,2026-08-09T16:21:14.722645
B007461,U002518,C005,2021-09,4191.64,2026-08-09T16:21:14.722671
B007462,U003916,C016,1970-01,33897.65,2026-08-09T16:21:14.722696
B007463,U003041,C010,1978-04,33192.9,2026-08-09T16:21:14.722721
B007464,U001090,C015,1971-11,48289.28,2026-08-09T16:21:14.722745
B007465,U001039,C013,2026-13,N/A,2026-08-09T16:21:14.722757
B007466,U003875,C019,1971-04,29189.47,2026-08-09T16:21:14.722781
B007467,U002201,C005,1985-04,17583.33,2026-08-09T16:21:14.722806
B007468,U003572,C999,1978-05,38990.99,2026-08-09T16:21:14.722830
B007469,U001734,C011,2026-13,42703,2026-08-09T16:21:14.722842
B007470,U003115,C014,1995-12,8402.95,2026-08-09T16:21:14.722867
B007471,U003300,C006,1993-10,10896.14,2026-08-09T16:21:14.722891
B007472,U000215,C001,2014-08,22150.2,2026-08-09T16:21:14.722980
B007473,U002315,C015,1983-11,15715.76,2026-08-09T16:21:14.723012
B007474,U002917,C999,2017-02,9208.87,2026-08-09T16:21:14.723041
B007475,U000541,C004,,40729.84,2026-08-09T16:21:14.723055
B007476,U001166,C004,2006-08,47811.53,2026-08-09T16:21:14.723081
B007477,U004668,C007,2013-03,11781.13,2026-08-09T16:21:14.723108
B007478,U001132,C006,1993-06,38200.26,2026-08-09T16:21:14.723136
B007479,U002494,C007,2026-13,5594.28,2026-08-09T16:21:14.723149
B007480,U003533,C012,1977-12,36935.03,2026-08-09T16:21:14.723175
B007481,U003863,C009,1994-05,33913.64,2026-08-09T16:21:14.723201
B007482,U003385,C018,2008-10,24333.31,2026-08-09T16:21:14.723227
B007483,U000917,C019,1990-02,49800.65,2026-08-09T16:21:14.723252
B007484,U004751,C010,2017-12,44876.95,2026-08-09T16:21:14.723277
B007485,U000964,C011,2025-01,24709.46,2026-08-09T16:21:14.723302
B007486,U001051,C007,1986-02,29149.05,2026-08-09T16:21:14.723325
B007487,U004052,C003,2020-04,16105.09,2026-08-09T16:21:14.723350
B007488,U004225,C012,2008-01,533.05,2026-08-09T16:21:14.723375
B007489,U001066,C006,1984-11,20166.31,2026-08-09T16:21:14.723399
B007490,U002476,C010,1974-08,39851.59,2026-08-09T16:21:14.723424
B007491,U002339,C012,1993-04,37040.97,2026-08-09T16:21:14.723450
B007492,U003653,C002,1978-11,40624.09,2026-08-09T16:21:14.723475
B007493,U004517,C015,1991-03,17326.35,2026-08-09T16:21:14.723501
B007494,U000188,C011,Q1-2026,N/A,2026-08-09T16:21:14.723513
B007495,U004077,C016,,Rs.31610.29,2026-08-09T16:21:14.723554
B007496,U003992,C008,Q1-2026,-30123.05,2026-08-09T16:21:14.723568
B007497,U001892,C014,2002-06,30375.53,2026-08-09T16:21:14.723596
B007498,U003192,C013,1989-12,47844.65,2026-08-09T16:21:14.723622
B007499,U004413,C012,2010-08,39292.97,2026-08-09T16:21:14.723646
B007500,U000956,C003,2025-08,26932.92,2026-08-09T16:21:14.723671
B007501,U000555,C016,2026-13,36993,2026-08-09T16:21:14.723683
B007502,U002423,C014,2023-12,23187.9,2026-08-09T16:21:14.723707
B007503,U003589,C016,2000-06,37045.33,2026-08-09T16:21:14.723732
B007504,U001027,C014,1998-03,44799.96,2026-08-09T16:21:14.723756
B007505,U001985,C999,1990-05,31704.15,2026-08-09T16:21:14.723780
B007506,U004231,C016,2006-03,5236.68,2026-08-09T16:21:14.723805
B007507,U002631,C009,2001-10,6054.19,2026-08-09T16:21:14.723830
B007508,U002745,C008,2022-04,31397.21,2026-08-09T16:21:14.723855
B007509,U002882,C010,2001-11,33097.17,2026-08-09T16:21:14.723879
B007510,U000244,C014,2011-10,30060.39,2026-08-09T16:21:14.723946
B007511,U003900,C014,1973-05,32100.36,2026-08-09T16:21:14.723983
B007512,U003057,C010,2010-12,48435.85,2026-08-09T16:21:14.724012
B007513,U000161,C002,,9800.03,2026-08-09T16:21:14.724026
B007514,U001239,C015,2008-02,8612.7,2026-08-09T16:21:14.724053
B007515,U001436,C003,2019-11,31919.34,2026-08-09T16:21:14.724079
B007516,U004540,C011,1979-04,19101.05,2026-08-09T16:21:14.724104
B007517,U002116,C001,2014-09,18342.76,2026-08-09T16:21:14.724129
B007518,U001331,C010,1999-12,42564.92,2026-08-09T16:21:14.724154
B007519,U003843,C009,2014-05,31736.38,2026-08-09T16:21:14.724179
B007520,U002627,C004,2021-11,46155.85,2026-08-09T16:21:14.724203
B007521,U001275,C008,2013-03,10809.16,2026-08-09T16:21:14.724228
B007522,U004139,C004,1972-10,39107.58,2026-08-09T16:21:14.724253
B007523,U001041,C001,,Rs.3651.48,2026-08-09T16:21:14.724265
B007524,U003324,C001,2018-10,22885.89,2026-08-09T16:21:14.724290
B007525,U001281,C001,1992-08,47698.7,2026-08-09T16:21:14.724316
B007526,U000875,C008,2023-04,25682.26,2026-08-09T16:21:14.724343
B007527,U003368,C014,2011-03,47530.31,2026-08-09T16:21:14.724369
B007528,U003063,C001,1971-02,2756.73,2026-08-09T16:21:14.724395
B007529,U001317,C003,2007-04,36740.74,2026-08-09T16:21:14.724420
B007530,U001598,C005,2005-07,2969.86,2026-08-09T16:21:14.724447
B007531,U003460,C011,2026-05,2093.4,2026-08-09T16:21:14.724475
B007532,U003180,C999,2004-02,5684.59,2026-08-09T16:21:14.724503
B007533,U002750,C017,1998-01,25996.63,2026-08-09T16:21:14.724530
B007534,U002877,C004,2009-11,10878.87,2026-08-09T16:21:14.724558
B007535,U002165,C002,1986-09,5183.14,2026-08-09T16:21:14.724586
B007536,U000272,C005,2013-11,1669.04,2026-08-09T16:21:14.724613
B007537,U004027,C012,1982-11,37339.45,2026-08-09T16:21:14.724644
B007538,U003374,C004,2013-11,12255.21,2026-08-09T16:21:14.724670
B007539,U002970,C003,2025-03,34829.36,2026-08-09T16:21:14.724699
B007540,U002580,C003,2003-07,30118.8,2026-08-09T16:21:14.724731
B007541,U001464,C018,1987-07,20393.14,2026-08-09T16:21:14.724758
B007542,U003525,C011,2008-06,11725.44,2026-08-09T16:21:14.724786
B007543,U001735,C008,1999-09,44942.19,2026-08-09T16:21:14.724811
B007544,U004057,C001,2023-09,45105.12,2026-08-09T16:21:14.724838
B007545,U000370,C014,2021-10,22876.08,2026-08-09T16:21:14.724866
B007546,U004598,C014,2009-03,12697.36,2026-08-09T16:21:14.724925
B007547,U004894,C010,2011-05,45627.62,2026-08-09T16:21:14.724970
B007548,U003278,C015,2019-09,46620.63,2026-08-09T16:21:14.724994
B007549,U003256,C001,1973-01,4111.25,2026-08-09T16:21:14.725015
B007550,U003859,C016,2026-06,22516.4,2026-08-09T16:21:14.725034
B007551,U004117,C016,2020-10,2877.12,2026-08-09T16:21:14.725052
B007552,U001692,C001,2023-05,32649.24,2026-08-09T16:21:14.725071
B007553,U004755,C004,1977-04,47249.54,2026-08-09T16:21:14.725089
B007554,U002982,C005,2006-01,7405.81,2026-08-09T16:21:14.725107
B007555,U002747,C001,2013-04,13495.27,2026-08-09T16:21:14.725125
B007556,U000245,C012,2010-09,32652.78,2026-08-09T16:21:14.725143
B007557,U002162,C008,2021-09,27517.47,2026-08-09T16:21:14.725161
B007558,U004496,C008,1997-03,20493.99,2026-08-09T16:21:14.725179
B007559,U000898,C005,2014-07,20911.86,2026-08-09T16:21:14.725197
B007560,U003001,C010,2014-09,31553.74,2026-08-09T16:21:14.725215
B007561,U004796,C007,2015-08,9827.42,2026-08-09T16:21:14.725233
B007562,U003840,C001,1981-12,6622.41,2026-08-09T16:21:14.725250
B007563,U002439,C012,2013-10,3879.19,2026-08-09T16:21:14.725268
B007564,U000285,C009,1975-10,23684.31,2026-08-09T16:21:14.725286
B007565,U000413,C004,2015-01,48258.14,2026-08-09T16:21:14.725304
B007566,U003004,C008,1993-03,14694.76,2026-08-09T16:21:14.725321
B007567,U000364,C008,2005-07,9928.47,2026-08-09T16:21:14.725339
B007568,U000271,C005,2014-11,30901.07,2026-08-09T16:21:14.725356
B007569,U000269,C010,2019-04,540.41,2026-08-09T16:21:14.725374
B007570,U001379,C007,1971-03,47466.92,2026-08-09T16:21:14.725391
B007571,U002246,C012,2003-10,33380.73,2026-08-09T16:21:14.725409
B007572,U003254,C000,1995-01,14712.37,2026-08-09T16:21:14.725427
B007573,U002926,C002,1986-07,4260.53,2026-08-09T16:21:14.725447
B007574,U003314,C010,2025-09,37639.07,2026-08-09T16:21:14.725465
B007575,U001441,C005,2004-09,33667.66,2026-08-09T16:21:14.725483
B007576,U000583,C003,1979-05,3856.05,2026-08-09T16:21:14.725549
B007577,U002758,C003,2002-04,8993.49,2026-08-09T16:21:14.725572
B007578,U001403,C014,1973-09,8935.52,2026-08-09T16:21:14.725592
B007579,U000632,C012,2006-01,29846.75,2026-08-09T16:21:14.725611
B007580,U001194,C004,1977-06,44018.1,2026-08-09T16:21:14.725630
B007581,U002852,C007,1977-04,27318.59,2026-08-09T16:21:14.725648
B007582,U003629,C010,,Rs.48332.65,2026-08-09T16:21:14.725658
B007583,U003066,C015,1977-03,8098.21,2026-08-09T16:21:14.725676
B007584,U002982,C016,1990-02,44907.87,2026-08-09T16:21:14.725694
B007585,U001929,C013,1989-09,21650.13,2026-08-09T16:21:14.725712
B007586,U004584,C006,2004-03,11752.64,2026-08-09T16:21:14.725730
B007587,U000390,C016,2024-11,10059.12,2026-08-09T16:21:14.725749
B007588,U001593,C015,1972-11,25567.12,2026-08-09T16:21:14.725766
B007589,U000920,C011,2022-01,41661.85,2026-08-09T16:21:14.725784
B007590,U003187,C013,2013-05,26127.19,2026-08-09T16:21:14.725802
B007591,U004240,C000,1986-02,27109.3,2026-08-09T16:21:14.725819
B007592,U004823,C011,,-16801.72,2026-08-09T16:21:14.725828
B007593,U001172,C015,,-685.89,2026-08-09T16:21:14.725837
B007594,U000129,C008,2003-07,23522.26,2026-08-09T16:21:14.725855
B007595,U001272,C017,2026-13,-11750.77,2026-08-09T16:21:14.725864
B007596,U002169,C004,1970-02,34113.93,2026-08-09T16:21:14.725882
B007597,U003868,C009,2006-05,22484.23,2026-08-09T16:21:14.725926
B007598,U004659,C007,1996-07,28943.43,2026-08-09T16:21:14.725960
B007599,U003339,C016,2002-06,31108.86,2026-08-09T16:21:14.725982
B007600,U002684,C008,1975-01,7898.57,2026-08-09T16:21:14.726001
B007601,U001031,C019,2013-06,12326.43,2026-08-09T16:21:14.726021
B007602,U002019,C012,2016-12,36550.82,2026-08-09T16:21:14.726039
B007603,U004184,C006,2012-01,7074.05,2026-08-09T16:21:14.726058
B007604,U003861,C005,1982-12,39912.29,2026-08-09T16:21:14.726076
B007605,U002831,C019,2008-05,25122.07,2026-08-09T16:21:14.726095
B007606,U003411,C002,1989-11,33243.02,2026-08-09T16:21:14.726113
B007607,U004146,C000,Q1-2026,26717,2026-08-09T16:21:14.726122
B007608,U000953,C007,1991-06,19707.88,2026-08-09T16:21:14.726140
B007609,U001200,C008,2024-05,38887.7,2026-08-09T16:21:14.726157
B007610,U001040,C005,2006-10,24200.36,2026-08-09T16:21:14.726175
B007611,U001114,C012,2026-04,24431.41,2026-08-09T16:21:14.726193
B007612,U000016,C005,1982-08,9276.59,2026-08-09T16:21:14.726211
B007613,U002583,C011,1981-07,11913.25,2026-08-09T16:21:14.726229
B007614,U000789,C012,1985-01,30928.78,2026-08-09T16:21:14.726246
B007615,U001522,C018,1973-03,46617.86,2026-08-09T16:21:14.726264
B007616,U002961,C003,2019-03,4276.37,2026-08-09T16:21:14.726282
B007617,U002770,C002,2009-02,21109.93,2026-08-09T16:21:14.726300
B007618,U001421,C009,1999-02,41663.85,2026-08-09T16:21:14.726318
B007619,U000870,C007,1971-02,9972.74,2026-08-09T16:21:14.726335
B007620,U000038,C010,2018-04,41398.77,2026-08-09T16:21:14.726379
B007621,U001220,C999,1982-04,28752.35,2026-08-09T16:21:14.726397
B007622,U002497,C015,2023-03,3294.2,2026-08-09T16:21:14.726416
B007623,U004194,C002,1983-07,10617.72,2026-08-09T16:21:14.726434
B007624,U000031,C014,1988-08,7760.62,2026-08-09T16:21:14.726454
B007625,U000972,C018,2006-09,35494.03,2026-08-09T16:21:14.726472
B007626,U003273,C010,1983-07,46322.04,2026-08-09T16:21:14.726490
B007627,U003365,C006,2022-10,21637.23,2026-08-09T16:21:14.726508
B007628,U004166,C010,2000-07,49844.82,2026-08-09T16:21:14.726525
B007629,U003098,C014,2014-05,44113.29,2026-08-09T16:21:14.726543
B007630,U002954,C011,2021-11,31006.4,2026-08-09T16:21:14.726560
B007631,U004755,C002,2018-07,47077.85,2026-08-09T16:21:14.726578
B007632,U003378,C018,2005-01,22146.53,2026-08-09T16:21:14.726596
B007633,U001505,C004,2026-13,18918.16,2026-08-09T16:21:14.726604
B007634,U004696,C011,2012-01,34317.25,2026-08-09T16:21:14.726622
B007635,U001920,C014,1981-11,33334.79,2026-08-09T16:21:14.726639
B007636,U001614,C008,2009-02,48692.02,2026-08-09T16:21:14.726657
B007637,U000848,C013,2017-02,7775.07,2026-08-09T16:21:14.726675
B007638,U004075,C014,1978-11,23474.08,2026-08-09T16:21:14.726692
B007639,U002239,C004,1979-04,9063.51,2026-08-09T16:21:14.726710
B007640,U001523,C009,2026-13,-48353.46,2026-08-09T16:21:14.726719
B007641,U004836,C015,2006-01,9598.03,2026-08-09T16:21:14.726736
B007642,U004721,C000,2014-12,45838.84,2026-08-09T16:21:14.726755
B007643,U001671,C003,1980-04,22690.53,2026-08-09T16:21:14.726772
B007644,U001447,C018,1987-06,46406.41,2026-08-09T16:21:14.726790
B007645,U004583,C010,1978-08,746.95,2026-08-09T16:21:14.726807
B007646,U001926,C005,2025-01,23703.02,2026-08-09T16:21:14.726825
B007647,U002572,C006,Q1-2026,-47799.23,2026-08-09T16:21:14.726834
B007648,U003493,C006,1998-12,49235.33,2026-08-09T16:21:14.726851
B007649,U001844,C002,1988-01,34841.69,2026-08-09T16:21:14.726869
B007650,U004959,C999,1984-11,48313.32,2026-08-09T16:21:14.726886
B007651,U003118,C007,1998-01,46489.01,2026-08-09T16:21:14.726943
B007652,U002852,C008,2001-05,22317.51,2026-08-09T16:21:14.726970
B007653,U002936,C008,2026-13,N/A,2026-08-09T16:21:14.726979
B007654,U001362,C010,2003-01,15141.65,2026-08-09T16:21:14.726999
B007655,U003360,C017,2013-06,28576.48,2026-08-09T16:21:14.727018
B007656,U001205,C001,2005-12,19909.01,2026-08-09T16:21:14.727036
B007657,U004666,C999,1995-10,29597.46,2026-08-09T16:21:14.727054
B007658,U002793,C017,1997-08,34390.61,2026-08-09T16:21:14.727072
B007659,U004196,C009,1990-12,17335.12,2026-08-09T16:21:14.727090
B007660,U004560,C013,1971-08,28649.46,2026-08-09T16:21:14.727108
B007661,U000819,C018,1971-06,33193.88,2026-08-09T16:21:14.727125
B007662,U000698,C013,1991-01,37180.16,2026-08-09T16:21:14.727143
B007663,U002403,C019,2006-07,30256.29,2026-08-09T16:21:14.727160
B007664,U002477,C010,1971-02,12447.85,2026-08-09T16:21:14.727178
B007665,U000817,C006,1992-10,10857.07,2026-08-09T16:21:14.727196
B007666,U003552,C003,1977-05,39336.74,2026-08-09T16:21:14.727213
B007667,U002382,C012,2007-11,4095.92,2026-08-09T16:21:14.727231
B007668,U000088,C010,1980-07,13642.5,2026-08-09T16:21:14.727249
B007669,U000162,C015,1992-11,37619.52,2026-08-09T16:21:14.727267
B007670,U001940,C012,2022-09,23486.31,2026-08-09T16:21:14.727285
B007671,U002127,C015,2010-05,213.02,2026-08-09T16:21:14.727302
B007672,U003070,C007,2019-06,40231.35,2026-08-09T16:21:14.727321
B007673,U003714,C016,2019-09,40766.94,2026-08-09T16:21:14.727339
B007674,U000003,C012,1981-06,31093.44,2026-08-09T16:21:14.727356
B007675,U004866,C013,1994-03,22320.75,2026-08-09T16:21:14.727374
B007676,U000431,C008,1995-08,4462.75,2026-08-09T16:21:14.727391
B007677,U001600,C002,1970-03,30796.88,2026-08-09T16:21:14.727409
B007678,U003088,C014,2013-07,27602.18,2026-08-09T16:21:14.727426
B007679,U003704,C010,2004-04,37171.99,2026-08-09T16:21:14.727446
B007680,U003154,C008,1972-12,24575.05,2026-08-09T16:21:14.727464
B007681,U000958,C019,2011-10,41035.13,2026-08-09T16:21:14.727482
B007682,U002822,C007,1972-04,43852.35,2026-08-09T16:21:14.727499
B007683,U002743,C010,1999-01,39964.84,2026-08-09T16:21:14.727516
B007684,U000842,C013,2026-07,5618.6,2026-08-09T16:21:14.727534
B007685,U004435,C008,2012-01,2452.66,2026-08-09T16:21:14.727552
B007686,U003817,C004,2006-04,42271.39,2026-08-09T16:21:14.727569
B007687,U002304,C011,1994-12,22005.96,2026-08-09T16:21:14.727587
B007688,U000470,C018,2022-05,14720.69,2026-08-09T16:21:14.727604
B007689,U002914,C001,1998-03,30829.45,2026-08-09T16:21:14.727622
B007690,U003347,C001,2007-07,10911.23,2026-08-09T16:21:14.727640
B007691,U002638,C005,1979-03,25359.5,2026-08-09T16:21:14.727657
B007692,U001555,C003,2024-12,47028.09,2026-08-09T16:21:14.727674
B007693,U003502,C015,1980-10,25592.0,2026-08-09T16:21:14.727692
B007694,U002528,C006,2003-05,46674.5,2026-08-09T16:21:14.727709
B007695,U002988,C019,1994-08,28951.68,2026-08-09T16:21:14.727727
B007696,U003794,C014,2017-03,20470.58,2026-08-09T16:21:14.727745
B007697,U004192,C012,1992-01,35183.62,2026-08-09T16:21:14.727762
B007698,U001212,C004,2015-08,16711.88,2026-08-09T16:21:14.727780
B007699,U002209,C007,2015-11,24392.04,2026-08-09T16:21:14.727797
B007700,U003448,C012,1987-01,8840.0,2026-08-09T16:21:14.727815
B007701,U000629,C014,1985-09,40621.4,2026-08-09T16:21:14.727832
B007702,U003581,C011,1976-02,43062.11,2026-08-09T16:21:14.727849
B007703,U002805,C019,2008-06,37871.61,2026-08-09T16:21:14.727867
B007704,U001599,C019,2003-03,13474.54,2026-08-09T16:21:14.727884
B007705,U000390,C013,2008-02,33277.28,2026-08-09T16:21:14.727930
B007706,U002759,C016,2025-07,38924.23,2026-08-09T16:21:14.727961
B007707,U002159,C017,2021-10,20656.15,2026-08-09T16:21:14.727983
B007708,U000500,C019,1995-08,28691.06,2026-08-09T16:21:14.728002
B007709,U001232,C016,2010-08,16682.93,2026-08-09T16:21:14.728020
B007710,U002266,C003,2002-03,22339.23,2026-08-09T16:21:14.728038
B007711,U002451,C007,1999-11,4266.67,2026-08-09T16:21:14.728056
B007712,U000972,C008,1992-08,7952.84,2026-08-09T16:21:14.728075
B007713,U002067,C009,Q1-2026,43660.84,2026-08-09T16:21:14.728084
B007714,U003789,C012,1978-04,7360.14,2026-08-09T16:21:14.728101
B007715,U004507,C011,2004-03,24736.23,2026-08-09T16:21:14.728119
B007716,U000185,C011,2026-13,37232,2026-08-09T16:21:14.728128
B007717,U003811,C000,1975-09,10060.99,2026-08-09T16:21:14.728146
B007718,U003783,C013,2015-06,19024.18,2026-08-09T16:21:14.728163
B007719,U001896,C001,1989-12,48236.65,2026-08-09T16:21:14.728181
B007720,U003617,C018,1987-11,40598.33,2026-08-09T16:21:14.728199
B007721,U000630,C999,2010-12,33.13,2026-08-09T16:21:14.728217
B007722,U002896,C003,Q1-2026,-42543.01,2026-08-09T16:21:14.728226
B007723,U001871,C008,1987-10,47531.06,2026-08-09T16:21:14.728243
B007724,U002970,C001,1997-04,13604.58,2026-08-09T16:21:14.728261
B007725,U000512,C015,1986-01,2503.09,2026-08-09T16:21:14.728278
B007726,U001241,C004,2018-03,2641.91,2026-08-09T16:21:14.728296
B007727,U002602,C002,2000-10,37855.58,2026-08-09T16:21:14.728313
B007728,U000232,C000,2011-12,8975.04,2026-08-09T16:21:14.728331
B007729,U000366,C002,1997-12,39154.54,2026-08-09T16:21:14.728349
B007730,U003614,C008,Q1-2026,Rs.41450.13,2026-08-09T16:21:14.728358
B007731,U000449,C011,1975-08,49960.88,2026-08-09T16:21:14.728375
B007732,U001971,C015,2006-05,25205.87,2026-08-09T16:21:14.728393
B007733,U000228,C008,2011-08,30663.73,2026-08-09T16:21:14.728410
B007734,U002825,C015,1980-12,35115.33,2026-08-09T16:21:14.728428
B007735,U003086,C017,1981-08,14167.09,2026-08-09T16:21:14.728447
B007736,U003130,C007,2025-03,9787.06,2026-08-09T16:21:14.728465
B007737,U002012,C999,1995-03,27909.56,2026-08-09T16:21:14.728483
B007738,U003394,C010,2023-04,3319.84,2026-08-09T16:21:14.728500
B007739,U001697,C009,1982-11,28077.07,2026-08-09T16:21:14.728518
B007740,U004580,C004,2014-11,14736.47,2026-08-09T16:21:14.728535
B007741,U000962,C013,1982-01,39734.47,2026-08-09T16:21:14.728552
B007742,U002086,C008,1986-11,40229.14,2026-08-09T16:21:14.728570
B007743,U002999,C999,Q1-2026,28302.78,2026-08-09T16:21:14.728579
B007744,U000972,C015,1998-01,34145.67,2026-08-09T16:21:14.728615
B007745,U001592,C006,2020-10,14242.42,2026-08-09T16:21:14.728633
B007746,U001914,C999,2019-10,2133.18,2026-08-09T16:21:14.728651
B007747,U003718,C003,2004-11,27356.94,2026-08-09T16:21:14.728669
B007748,U000818,C999,1993-12,42533.88,2026-08-09T16:21:14.728687
B007749,U003136,C000,1975-05,44229.62,2026-08-09T16:21:14.728704
B007750,U004661,C005,1996-04,48079.53,2026-08-09T16:21:14.728721
B007751,U003081,C014,Q1-2026,-33293.55,2026-08-09T16:21:14.728730
B007752,U000223,C017,2026-13,7721.03,2026-08-09T16:21:14.728739
B007753,U004563,C007,1990-06,44367.28,2026-08-09T16:21:14.728756
B007754,U003929,C000,1972-11,38520.04,2026-08-09T16:21:14.728774
B007755,U002915,C014,1976-05,30411.36,2026-08-09T16:21:14.728791
B007756,U002930,C013,1971-02,15487.35,2026-08-09T16:21:14.728809
B007757,U000569,C019,1971-02,32777.68,2026-08-09T16:21:14.728826
B007758,U002391,C014,1972-06,34701.28,2026-08-09T16:21:14.728843
B007759,U002039,C018,1998-03,48987.45,2026-08-09T16:21:14.728861
B007760,U001331,C009,1994-01,40364.53,2026-08-09T16:21:14.728878
B007761,U001896,C016,2007-07,35122.48,2026-08-09T16:21:14.728919
B007762,U001178,C001,2013-08,11281.65,2026-08-09T16:21:14.728954
B007763,U002826,C019,1990-03,3774.4,2026-08-09T16:21:14.728977
B007764,U004974,C001,2016-03,30079.3,2026-08-09T16:21:14.728998
B007765,U001566,C019,Q1-2026,,2026-08-09T16:21:14.729007
B007766,U003082,C019,1999-07,12084.06,2026-08-09T16:21:14.729025
B007767,U004721,C999,2021-10,39112.33,2026-08-09T16:21:14.729044
B007768,U000734,C000,2019-02,19153.46,2026-08-09T16:21:14.729062
B007769,U001855,C007,1996-04,10661.39,2026-08-09T16:21:14.729079
B007770,U003642,C012,2013-07,48509.94,2026-08-09T16:21:14.729097
B007771,U001772,C009,1989-11,27016.62,2026-08-09T16:21:14.729115
B007772,U001458,C009,Q1-2026,,2026-08-09T16:21:14.729124
B007773,U001403,C007,2006-01,48142.66,2026-08-09T16:21:14.729141
B007774,U002826,C010,2023-05,36956.55,2026-08-09T16:21:14.729159
B007775,U000013,C003,Q1-2026,34971.56,2026-08-09T16:21:14.729168
B007776,U002983,C009,1982-11,15143.81,2026-08-09T16:21:14.729185
B007777,U002539,C015,2020-10,29735.74,2026-08-09T16:21:14.729203
B007778,U002220,C001,,5251,2026-08-09T16:21:14.729211
B007779,U003819,C000,1973-01,48675.75,2026-08-09T16:21:14.729229
B007780,U001393,C003,2006-10,36131.5,2026-08-09T16:21:14.729246
B007781,U002688,C019,1993-11,30618.66,2026-08-09T16:21:14.729264
B007782,U002057,C999,1975-05,29854.02,2026-08-09T16:21:14.729281
B007783,U001975,C018,2009-08,3731.26,2026-08-09T16:21:14.729299
B007784,U001710,C005,1988-09,321.78,2026-08-09T16:21:14.729316
B007785,U000427,C007,1982-03,31998.8,2026-08-09T16:21:14.729333
B007786,U000553,C001,1998-01,49363.48,2026-08-09T16:21:14.729351
B007787,U004894,C014,2020-10,8624.41,2026-08-09T16:21:14.729368
B007788,U003670,C010,2025-10,49677.75,2026-08-09T16:21:14.729386
B007789,U000937,C004,1981-10,21571.61,2026-08-09T16:21:14.729404
B007790,U000456,C015,2011-05,38134.02,2026-08-09T16:21:14.729422
B007791,U001733,C006,1996-06,35100.33,2026-08-09T16:21:14.729442
B007792,U001297,C011,2002-07,5182.73,2026-08-09T16:21:14.729460
B007793,U003579,C017,2016-11,31153.42,2026-08-09T16:21:14.729477
B007794,U001345,C015,1979-07,14290.72,2026-08-09T16:21:14.729538
B007795,U001703,C006,2019-04,15151.71,2026-08-09T16:21:14.729563
B007796,U002847,C017,2024-01,8862.42,2026-08-09T16:21:14.729585
B007797,U003010,C012,1986-03,46837.41,2026-08-09T16:21:14.729605
B007798,U000523,C018,2017-09,47719.78,2026-08-09T16:21:14.729624
B007799,U002671,C019,1991-10,1653.55,2026-08-09T16:21:14.729642
B007800,U004643,C009,1980-08,43741.72,2026-08-09T16:21:14.729660
B007801,U002445,C015,,45928.67,2026-08-09T16:21:14.729669
B007802,U001605,C014,1992-05,38044.58,2026-08-09T16:21:14.729687
B007803,U001436,C011,1999-03,48066.34,2026-08-09T16:21:14.729705
B007804,U004161,C011,2004-08,27174.44,2026-08-09T16:21:14.729723
B007805,U004077,C013,1987-12,20890.49,2026-08-09T16:21:14.729740
B007806,U002648,C015,1975-01,24310.17,2026-08-09T16:21:14.729758
B007807,U000963,C017,,43079.91,2026-08-09T16:21:14.729767
B007808,U003800,C019,Q1-2026,Rs.38707.21,2026-08-09T16:21:14.729776
B007809,U002761,C002,2012-04,4980.78,2026-08-09T16:21:14.729793
B007810,U000042,C010,1989-09,30816.09,2026-08-09T16:21:14.729811
B007811,U002714,C013,2007-10,25158.94,2026-08-09T16:21:14.729829
B007812,U001357,C013,,N/A,2026-08-09T16:21:14.729837
B007813,U000379,C017,2012-12,2365.01,2026-08-09T16:21:14.729855
B007814,U003255,C013,1981-09,41964.7,2026-08-09T16:21:14.729873
B007815,U003192,C007,1997-11,25365.83,2026-08-09T16:21:14.729890
B007816,U001503,C016,2018-08,18570.32,2026-08-09T16:21:14.729945
B007817,U000837,C013,1971-06,7119.55,2026-08-09T16:21:14.729968
B007818,U000000,C999,1988-05,31964.51,2026-08-09T16:21:14.729988
B007819,U001293,C005,,-8747.32,2026-08-09T16:21:14.729998
B007820,U001836,C017,2004-02,635.21,2026-08-09T16:21:14.730017
B007821,U002307,C008,2011-06,34999.98,2026-08-09T16:21:14.730035
B007822,U001101,C015,1987-07,18907.88,2026-08-09T16:21:14.730054
B007823,U000785,C009,2006-11,25579.63,2026-08-09T16:21:14.730072
B007824,U003860,C999,1984-03,4589.61,2026-08-09T16:21:14.730090
B007825,U001077,C019,2004-06,47392.71,2026-08-09T16:21:14.730109
B007826,U004590,C019,2015-10,12027.57,2026-08-09T16:21:14.730127
B007827,U002565,C007,2015-03,44879.33,2026-08-09T16:21:14.730144
B007828,U001859,C010,2003-08,25016.14,2026-08-09T16:21:14.730162
B007829,U004673,C019,2001-12,31369.49,2026-08-09T16:21:14.730180
B007830,U000545,C013,2007-05,29523.58,2026-08-09T16:21:14.730198
B007831,U002852,C999,1987-11,32390.61,2026-08-09T16:21:14.730216
B007832,U001172,C004,2008-05,27510.72,2026-08-09T16:21:14.730234
B007833,U002635,C002,2024-12,6496.18,2026-08-09T16:21:14.730252
B007834,U000361,C002,Q1-2026,4499,2026-08-09T16:21:14.730260
B007835,U000239,C007,2013-01,38309.66,2026-08-09T16:21:14.730278
B007836,U002352,C019,2006-11,21169.38,2026-08-09T16:21:14.730297
B007837,U000208,C018,1979-12,27143.78,2026-08-09T16:21:14.730315
B007838,U000440,C010,1984-11,33475.85,2026-08-09T16:21:14.730333
B007839,U002639,C019,1981-06,37598.32,2026-08-09T16:21:14.730350
B007840,U000835,C019,1985-09,32723.85,2026-08-09T16:21:14.730368
B007841,U002205,C001,2024-09,1409.65,2026-08-09T16:21:14.730385
B007842,U004020,C011,2023-08,38829.35,2026-08-09T16:21:14.730403
B007843,U002382,C011,2010-07,30025.54,2026-08-09T16:21:14.730421
B007844,U000729,C000,1977-12,35807.11,2026-08-09T16:21:14.730439
B007845,U004169,C009,1997-11,40684.07,2026-08-09T16:21:14.730456
B007846,U001531,C017,2023-04,31362.87,2026-08-09T16:21:14.730474
B007847,U002625,C008,1974-03,28517.99,2026-08-09T16:21:14.730492
B007848,U004482,C014,1990-01,8711.68,2026-08-09T16:21:14.730509
B007849,U003057,C009,2018-04,5980.34,2026-08-09T16:21:14.730527
B007850,U000989,C019,1982-12,2417.35,2026-08-09T16:21:14.730545
B007851,U003028,C014,2006-01,37958.93,2026-08-09T16:21:14.730562
B007852,U003627,C018,1999-11,49765.42,2026-08-09T16:21:14.730581
B007853,U000242,C012,1970-04,4642.88,2026-08-09T16:21:14.730599
B007854,U004808,C008,1995-03,5646.14,2026-08-09T16:21:14.730616
B007855,U000823,C005,1988-02,40859.12,2026-08-09T16:21:14.730634
B007856,U004559,C006,1976-03,19000.07,2026-08-09T16:21:14.730651
B007857,U002949,C018,2000-08,41490.26,2026-08-09T16:21:14.730669
B007858,U001311,C015,1989-10,23156.48,2026-08-09T16:21:14.730686
B007859,U003352,C018,Q1-2026,42328.5,2026-08-09T16:21:14.730695
B007860,U000904,C011,2006-08,19439.28,2026-08-09T16:21:14.730712
B007861,U002062,C019,1976-09,1440.88,2026-08-09T16:21:14.730730
B007862,U001566,C999,1971-09,8913.25,2026-08-09T16:21:14.730748
B007863,U000159,C000,1980-11,8493.77,2026-08-09T16:21:14.730765
B007864,U000630,C004,2006-12,1365.99,2026-08-09T16:21:14.730783
B007865,U002120,C011,1994-08,49634.77,2026-08-09T16:21:14.730800
B007866,U003143,C018,1977-05,5492.81,2026-08-09T16:21:14.730817
B007867,U003844,C006,1971-01,35198.0,2026-08-09T16:21:14.730834
B007868,U001594,C017,1990-02,17310.98,2026-08-09T16:21:14.730852
B007869,U003071,C006,1975-12,10233.83,2026-08-09T16:21:14.730940
B007870,U004193,C008,1985-09,29616.92,2026-08-09T16:21:14.730968
B007871,U004428,C015,Q1-2026,26441.92,2026-08-09T16:21:14.730979
B007872,U004225,C002,2011-12,31497.75,2026-08-09T16:21:14.730999
B007873,U000716,C003,1993-06,36045.69,2026-08-09T16:21:14.731018
B007874,U003876,C019,2023-11,16296.75,2026-08-09T16:21:14.731037
B007875,U001309,C006,1974-05,10109.82,2026-08-09T16:21:14.731055
B007876,U001363,C008,1993-02,4086.07,2026-08-09T16:21:14.731074
B007877,U000102,C014,1992-10,43915.89,2026-08-09T16:21:14.731092
B007878,U001184,C015,1995-12,25166.16,2026-08-09T16:21:14.731110
B007879,U003409,C007,1991-04,12291.81,2026-08-09T16:21:14.731128
B007880,U000335,C016,1970-07,36235.5,2026-08-09T16:21:14.731146
B007881,U001410,C005,1975-03,36820.75,2026-08-09T16:21:14.731164
B007882,U001160,C005,1988-11,43960.71,2026-08-09T16:21:14.731182
B007883,U004252,C009,2010-07,32943.86,2026-08-09T16:21:14.731199
B007884,U002605,C003,1983-04,30190.18,2026-08-09T16:21:14.731217
B007885,U004602,C003,2026-04,20775.04,2026-08-09T16:21:14.731235
B007886,U002893,C015,2013-07,5579.35,2026-08-09T16:21:14.731253
B007887,U002383,C004,1970-01,33434.11,2026-08-09T16:21:14.731271
B007888,U004843,C000,1980-06,752.83,2026-08-09T16:21:14.731289
B007889,U001526,C016,2007-01,14739.86,2026-08-09T16:21:14.731306
B007890,U000798,C015,1989-05,2195.18,2026-08-09T16:21:14.731324
B007891,U001828,C999,1991-06,39265.31,2026-08-09T16:21:14.731342
B007892,U004032,C008,1987-03,10488.54,2026-08-09T16:21:14.731360
B007893,U000485,C010,Q1-2026,N/A,2026-08-09T16:21:14.731368
B007894,U000744,C015,1990-12,11169.32,2026-08-09T16:21:14.731386
B007895,U002846,C016,2017-10,5769.78,2026-08-09T16:21:14.731403
B007896,U000973,C005,2017-11,2353.38,2026-08-09T16:21:14.731421
B007897,U002741,C004,2017-06,30663.82,2026-08-09T16:21:14.731438
B007898,U003985,C019,1992-05,20928.62,2026-08-09T16:21:14.731456
B007899,U002357,C012,2012-03,8792.5,2026-08-09T16:21:14.731474
B007900,U003700,C000,Q1-2026,-2686.59,2026-08-09T16:21:14.731483
B007901,U000866,C004,2019-12,13398.73,2026-08-09T16:21:14.731500
B007902,U003092,C013,2011-01,14231.07,2026-08-09T16:21:14.731518
B007903,U002767,C006,2003-04,19449.79,2026-08-09T16:21:14.731536
B007904,U001047,C003,1996-12,37820.23,2026-08-09T16:21:14.731553
B007905,U002725,C001,2025-02,31652.98,2026-08-09T16:21:14.731571
B007906,U001964,C008,1974-09,12821.77,2026-08-09T16:21:14.731589
B007907,U004291,C018,1973-04,16317.91,2026-08-09T16:21:14.731606
B007908,U004615,C002,1970-02,42094.09,2026-08-09T16:21:14.731624
B007909,U004167,C018,1999-06,46520.58,2026-08-09T16:21:14.731641
B007910,U002224,C018,2004-10,13907.5,2026-08-09T16:21:14.731659
B007911,U001153,C011,2014-11,14744.21,2026-08-09T16:21:14.731677
B007912,U000451,C009,2015-05,24479.89,2026-08-09T16:21:14.731694
B007913,U002511,C004,1978-08,33947.6,2026-08-09T16:21:14.731711
B007914,U002955,C013,1983-10,11554.32,2026-08-09T16:21:14.731729
B007915,U000015,C008,2004-08,40667.31,2026-08-09T16:21:14.731746
B007916,U002322,C009,1986-10,12937.19,2026-08-09T16:21:14.731764
B007917,U002974,C015,2019-05,15480.04,2026-08-09T16:21:14.731781
B007918,U002395,C010,2026-13,15860,2026-08-09T16:21:14.731790
B007919,U004184,C017,2013-01,33320.41,2026-08-09T16:21:14.731807
B007920,U003104,C010,1980-07,43230.85,2026-08-09T16:21:14.731825
B007921,U001878,C000,1987-08,12507.61,2026-08-09T16:21:14.731843
B007922,U003896,C017,1997-06,14694.36,2026-08-09T16:21:14.731860
B007923,U004882,C003,2026-13,38845,2026-08-09T16:21:14.731868
B007924,U004089,C010,1971-04,13039.02,2026-08-09T16:21:14.731885
B007925,U001758,C015,1993-09,24249.84,2026-08-09T16:21:14.731937
B007926,U000546,C014,1975-07,36893.25,2026-08-09T16:21:14.731963
B007927,U002059,C004,1991-03,8169.84,2026-08-09T16:21:14.731985
B007928,U002599,C000,2017-02,35831.75,2026-08-09T16:21:14.732005
B007929,U001724,C008,1982-06,37865.94,2026-08-09T16:21:14.732024
B007930,U003889,C004,2017-05,9029.58,2026-08-09T16:21:14.732042
B007931,U003729,C004,1996-03,2187.91,2026-08-09T16:21:14.732061
B007932,U000563,C019,2017-05,24156.0,2026-08-09T16:21:14.732079
B007933,U003911,C001,2014-09,47148.85,2026-08-09T16:21:14.732097
B007934,U003519,C007,2026-13,11744.7,2026-08-09T16:21:14.732106
B007935,U004550,C015,1988-03,46900.9,2026-08-09T16:21:14.732124
B007936,U003054,C005,2013-12,4857.56,2026-08-09T16:21:14.732142
B007937,U002797,C016,2026-13,,2026-08-09T16:21:14.732150
B007938,U004473,C005,2019-06,48467.44,2026-08-09T16:21:14.732168
B007939,U001303,C002,1979-05,26377.12,2026-08-09T16:21:14.732186
B007940,U003027,C003,2003-10,36365.76,2026-08-09T16:21:14.732204
B007941,U002839,C016,2023-10,28200.44,2026-08-09T16:21:14.732222
B007942,U004226,C002,2010-02,26393.2,2026-08-09T16:21:14.732239
B007943,U004928,C019,1973-12,13520.73,2026-08-09T16:21:14.732257
B007944,U004070,C017,2020-06,11765.06,2026-08-09T16:21:14.732275
B007945,U000016,C013,1993-08,12767.8,2026-08-09T16:21:14.732293
B007946,U004818,C999,2002-10,44660.33,2026-08-09T16:21:14.732311
B007947,U001540,C009,1973-07,9781.37,2026-08-09T16:21:14.732329
B007948,U003717,C003,2002-07,38434.98,2026-08-09T16:21:14.732347
B007949,U000103,C008,2006-10,2533.8,2026-08-09T16:21:14.732364
B007950,U004629,C006,1976-04,9270.34,2026-08-09T16:21:14.732382
B007951,U001605,C999,2019-02,48557.57,2026-08-09T16:21:14.732400
B007952,U000261,C000,1997-02,30649.31,2026-08-09T16:21:14.732418
B007953,U003764,C007,2026-13,-18815.24,2026-08-09T16:21:14.732427
B007954,U001862,C000,2018-08,32886.4,2026-08-09T16:21:14.732444
B007955,U004079,C005,1972-11,15296.01,2026-08-09T16:21:14.732462
B007956,U001958,C018,1992-07,36839.61,2026-08-09T16:21:14.732480
B007957,U000973,C004,1992-06,4187.2,2026-08-09T16:21:14.732497
B007958,U002996,C015,1973-02,30974.97,2026-08-09T16:21:14.732515
B007959,U004817,C013,1994-07,46727.67,2026-08-09T16:21:14.732532
B007960,U000408,C004,2019-04,15171.37,2026-08-09T16:21:14.732550
B007961,U004121,C005,1973-04,23543.25,2026-08-09T16:21:14.732568
B007962,U002301,C009,2002-08,32576.04,2026-08-09T16:21:14.732586
B007963,U000305,C014,1985-03,19201.21,2026-08-09T16:21:14.732603
B007964,U000631,C011,1976-10,7175.84,2026-08-09T16:21:14.732621
B007965,U001724,C002,2007-03,4510.31,2026-08-09T16:21:14.732638
B007966,U003797,C015,2002-07,25341.53,2026-08-09T16:21:14.732655
B007967,U003491,C012,2018-05,17920.28,2026-08-09T16:21:14.732673
B007968,U000873,C017,1996-07,2425.34,2026-08-09T16:21:14.732690
B007969,U002431,C000,2004-06,37573.88,2026-08-09T16:21:14.732708
B007970,U003193,C001,2008-03,5865.54,2026-08-09T16:21:14.732726
B007971,U001820,C003,1975-11,19454.25,2026-08-09T16:21:14.732743
B007972,U003861,C011,2002-07,4614.51,2026-08-09T16:21:14.732761
B007973,U000158,C006,1986-02,19302.92,2026-08-09T16:21:14.732778
B007974,U004402,C011,1995-02,23579.11,2026-08-09T16:21:14.732795
B007975,U004797,C015,2002-02,49686.43,2026-08-09T16:21:14.732813
B007976,U002212,C014,2005-03,48576.92,2026-08-09T16:21:14.732831
B007977,U000746,C017,2008-02,13481.47,2026-08-09T16:21:14.732848
B007978,U004119,C002,2001-02,43290.35,2026-08-09T16:21:14.732866
B007979,U000388,C005,1985-05,5366.68,2026-08-09T16:21:14.732883
B007980,U000637,C017,1993-10,7955.24,2026-08-09T16:21:14.732928
B007981,U003887,C004,1973-12,16516.86,2026-08-09T16:21:14.732960
B007982,U001141,C019,1978-06,33191.68,2026-08-09T16:21:14.732981
B007983,U001684,C002,2004-04,2645.38,2026-08-09T16:21:14.733001
B007984,U001904,C014,2022-08,1241.23,2026-08-09T16:21:14.733035
B007985,U003722,C009,Q1-2026,-36137.84,2026-08-09T16:21:14.733050
B007986,U001248,C018,1982-05,7994.77,2026-08-09T16:21:14.733084
B007987,U003222,C010,1999-01,47686.5,2026-08-09T16:21:14.733107
B007988,U002282,C015,2012-07,18809.21,2026-08-09T16:21:14.733130
B007989,U003543,C019,2000-08,4621.2,2026-08-09T16:21:14.733162
B007990,U004875,C001,1987-08,10323.07,2026-08-09T16:21:14.733190
B007991,U002908,C009,1996-07,7936.22,2026-08-09T16:21:14.733219
B007992,U003612,C005,2018-02,49408.6,2026-08-09T16:21:14.733248
B007993,U003474,C014,2000-07,43347.49,2026-08-09T16:21:14.733277
B007994,U001029,C005,2021-04,20473.1,2026-08-09T16:21:14.733335
B007995,U003193,C002,1978-09,24655.61,2026-08-09T16:21:14.733360
B007996,U004817,C000,2014-01,13881.95,2026-08-09T16:21:14.733390
B007997,U002747,C005,1995-10,37808.86,2026-08-09T16:21:14.733421
B007998,U001398,C001,2005-03,18007.48,2026-08-09T16:21:14.733528
B007999,U002135,C004,2025-10,18317.38,2026-08-09T16:21:14.733572
